0 BFC CERTIFY CCW
4 16 30.4632 -31.8475 -3.9951 31.3547 -30.3318 -1.9825 31.6973 -32.3793 0.3327 30.7443 -33.9284 -1.7723
4 16 31.3547 -30.3318 -1.9825 32.2536 -28.4492 0.5165 32.6381 -30.3693 2.8060 31.6973 -32.3793 0.3327
4 16 31.6973 -32.3793 0.3327 32.6381 -30.3693 2.8060 32.9685 -32.1592 4.9362 31.9780 -34.3184 2.4893
4 16 30.7443 -33.9284 -1.7723 31.6973 -32.3793 0.3327 31.9780 -34.3184 2.4893 30.9715 -35.9581 0.3474
4 16 29.1891 -46.6449 4.9261 29.2589 -48.4491 7.3583 28.0972 -49.8380 5.8030 28.0889 -47.9563 3.4166
4 16 29.2589 -48.4491 7.3583 29.3907 -50.1475 10.6132 28.1220 -51.6952 9.0803 28.0972 -49.8380 5.8030
4 16 28.0972 -49.8380 5.8030 28.1220 -51.6952 9.0803 26.6407 -53.2151 7.4124 26.7108 -51.2560 4.1278
4 16 28.0889 -47.9563 3.4166 28.0972 -49.8380 5.8030 26.7108 -51.2560 4.1278 26.7695 -49.3090 1.7657
4 16 35.3549 -29.5883 13.9475 34.3435 -32.4836 10.8368 34.2212 -30.7924 9.4592 35.1134 -27.4282 11.9855
3 16 33.3397 -35.2686 8.3589 33.2020 -33.7441 6.7825 34.2212 -30.7924 9.4592
3 16 34.2212 -30.7924 9.4592 34.3435 -32.4836 10.8368 33.3397 -35.2686 8.3589
3 16 33.2020 -33.7441 6.7825 32.9685 -32.1592 4.9362 33.9449 -29.3063 7.6638
3 16 33.9449 -29.3063 7.6638 34.2212 -30.7924 9.4592 33.2020 -33.7441 6.7825
4 16 35.1134 -27.4282 11.9855 34.2212 -30.7924 9.4592 33.9449 -29.3063 7.6638 34.7903 -26.1355 10.1805
4 16 33.6658 -37.7497 11.7688 33.9440 -38.6889 14.1177 32.7356 -42.1758 12.3435 32.5062 -40.8878 9.9150
4 16 33.9440 -38.6889 14.1177 34.2233 -39.6709 16.6444 33.0521 -43.2523 15.1931 32.7356 -42.1758 12.3435
4 16 32.7356 -42.1758 12.3435 33.0521 -43.2523 15.1931 31.8136 -46.2557 13.6549 31.5078 -44.9416 10.5544
4 16 32.5062 -40.8878 9.9150 32.7356 -42.1758 12.3435 31.5078 -44.9416 10.5544 31.3183 -43.3894 8.0596
4 16 35.6624 -18.4226 12.5930 36.1551 -19.9207 14.8949 35.7530 -23.7532 13.7572 35.3752 -22.9261 11.9245
3 16 36.5426 -21.0631 16.6541 36.1242 -24.9216 15.6801 35.7530 -23.7532 13.7572
3 16 35.7530 -23.7532 13.7572 36.1551 -19.9207 14.8949 36.5426 -21.0631 16.6541
3 16 36.1242 -24.9216 15.6801 35.3549 -29.5883 13.9475 35.1134 -27.4282 11.9855
3 16 35.1134 -27.4282 11.9855 35.7530 -23.7532 13.7572 36.1242 -24.9216 15.6801
4 16 35.3752 -22.9261 11.9245 35.7530 -23.7532 13.7572 35.1134 -27.4282 11.9855 34.7903 -26.1355 10.1805
3 16 33.4398 -36.7475 9.8436 34.2159 -34.3281 11.3860 34.6344 -34.0786 13.2611
3 16 34.6344 -34.0786 13.2611 33.6658 -37.7497 11.7688 33.4398 -36.7475 9.8436
3 16 34.3435 -32.4836 10.8368 34.2159 -34.3281 11.3860 33.4398 -36.7475 9.8436
3 16 33.4398 -36.7475 9.8436 33.3397 -35.2686 8.3589 34.3435 -32.4836 10.8368
4 16 35.3549 -29.5883 13.9475 34.6344 -34.0786 13.2611 34.2159 -34.3281 11.3860 34.3435 -32.4836 10.8368
3 16 18.3557 -5.8207 -20.1052 19.8373 -4.7679 -19.0197 19.9320 -5.2959 -17.6188
3 16 19.9320 -5.2959 -17.6188 18.4002 -6.5588 -18.6697 18.3557 -5.8207 -20.1052
3 16 19.8373 -4.7679 -19.0197 21.3017 -3.9510 -17.9150 21.4950 -4.2588 -16.4955
3 16 21.4950 -4.2588 -16.4955 19.9320 -5.2959 -17.6188 19.8373 -4.7679 -19.0197
3 16 19.9320 -5.2959 -17.6188 21.4950 -4.2588 -16.4955 21.6903 -4.6158 -14.9843
3 16 21.6903 -4.6158 -14.9843 20.0332 -5.9252 -16.1382 19.9320 -5.2959 -17.6188
3 16 18.4002 -6.5588 -18.6697 19.9320 -5.2959 -17.6188 20.0332 -5.9252 -16.1382
3 16 20.0332 -5.9252 -16.1382 18.4598 -7.4058 -17.1441 18.4002 -6.5588 -18.6697
3 16 16.9614 -9.1163 -17.9683 16.9297 -8.0837 -19.6404 18.4002 -6.5588 -18.6697
3 16 18.4002 -6.5588 -18.6697 18.4598 -7.4058 -17.1441 16.9614 -9.1163 -17.9683
3 16 15.4361 -11.5493 -18.6695 15.7564 -9.5003 -20.5929 16.9297 -8.0837 -19.6404
3 16 16.9297 -8.0837 -19.6404 16.9614 -9.1163 -17.9683 15.4361 -11.5493 -18.6695
4 16 16.9297 -8.0837 -19.6404 15.7564 -9.5003 -20.5929 15.5110 -8.6474 -22.4982 16.8503 -7.2129 -21.2084
3 16 16.9297 -8.0837 -19.6404 16.8503 -7.2129 -21.2084 18.3557 -5.8207 -20.1052
3 16 18.3557 -5.8207 -20.1052 18.4002 -6.5588 -18.6697 16.9297 -8.0837 -19.6404
3 16 15.5110 -8.6474 -22.4982 14.9005 -8.6939 -24.2585 14.9551 -7.9275 -24.4431
3 16 14.9551 -7.9275 -24.4431 15.4937 -7.4029 -23.6464 15.5110 -8.6474 -22.4982
3 16 14.5488 -8.3809 -25.6914 14.6740 -7.4289 -25.5094 14.9551 -7.9275 -24.4431
3 16 14.9551 -7.9275 -24.4431 14.9005 -8.6939 -24.2585 14.5488 -8.3809 -25.6914
3 16 15.0574 -6.0400 -24.9832 15.4937 -7.4029 -23.6464 14.9551 -7.9275 -24.4431
3 16 14.9551 -7.9275 -24.4431 14.6740 -7.4289 -25.5094 15.0574 -6.0400 -24.9832
3 16 18.3557 -5.8207 -20.1052 16.8503 -7.2129 -21.2084 16.7671 -6.3190 -22.5166
3 16 16.7671 -6.3190 -22.5166 18.3072 -5.1621 -21.3513 18.3557 -5.8207 -20.1052
3 16 16.8503 -7.2129 -21.2084 15.5110 -8.6474 -22.4982 15.4937 -7.4029 -23.6464
3 16 15.4937 -7.4029 -23.6464 16.7671 -6.3190 -22.5166 16.8503 -7.2129 -21.2084
3 16 15.4937 -7.4029 -23.6464 15.0574 -6.0400 -24.9832 16.5282 -4.9766 -23.4883
3 16 16.5282 -4.9766 -23.4883 16.7671 -6.3190 -22.5166 15.4937 -7.4029 -23.6464
3 16 16.7671 -6.3190 -22.5166 16.5282 -4.9766 -23.4883 18.0967 -4.0004 -22.2733
3 16 18.0967 -4.0004 -22.2733 18.3072 -5.1621 -21.3513 16.7671 -6.3190 -22.5166
3 16 14.2269 -11.2658 -24.7872 14.7032 -9.6975 -24.4100 15.0076 -9.9102 -22.8304
3 16 15.0076 -9.9102 -22.8304 14.4869 -11.4924 -23.1066 14.2269 -11.2658 -24.7872
3 16 13.8888 -11.0648 -26.3404 14.3490 -9.4757 -25.9425 14.7032 -9.6975 -24.4100
3 16 14.7032 -9.6975 -24.4100 14.2269 -11.2658 -24.7872 13.8888 -11.0648 -26.3404
3 16 14.3490 -9.4757 -25.9425 14.5488 -8.3809 -25.6914 14.9005 -8.6939 -24.2585
3 16 14.9005 -8.6939 -24.2585 14.7032 -9.6975 -24.4100 14.3490 -9.4757 -25.9425
3 16 15.0076 -9.9102 -22.8304 14.7032 -9.6975 -24.4100 14.9005 -8.6939 -24.2585
3 16 14.9005 -8.6939 -24.2585 15.5110 -8.6474 -22.4982 15.0076 -9.9102 -22.8304
4 16 3.6931 -31.0335 -20.8372 5.1195 -31.2146 -20.4555 6.5298 -31.8879 -21.4058 4.3544 -31.6549 -22.0709
3 16 6.3520 -31.4125 -20.0919 7.0701 -31.6892 -19.9308 6.5298 -31.8879 -21.4058
3 16 6.5298 -31.8879 -21.4058 5.1195 -31.2146 -20.4555 6.3520 -31.4125 -20.0919
3 16 8.6641 -32.0737 -19.6503 8.9141 -32.4325 -21.1911 6.5298 -31.8879 -21.4058
3 16 6.5298 -31.8879 -21.4058 7.0701 -31.6892 -19.9308 8.6641 -32.0737 -19.6503
3 16 9.5037 -33.0313 -22.9711 7.2054 -32.6291 -23.2888 6.5298 -31.8879 -21.4058
3 16 6.5298 -31.8879 -21.4058 8.9141 -32.4325 -21.1911 9.5037 -33.0313 -22.9711
3 16 4.3544 -31.6549 -22.0709 6.5298 -31.8879 -21.4058 7.2054 -32.6291 -23.2888
3 16 7.2054 -32.6291 -23.2888 4.8610 -32.2971 -23.5099 4.3544 -31.6549 -22.0709
3 16 10.2007 -65.1279 26.4824 12.3006 -64.2137 23.0409 16.1797 -63.4601 25.3849
3 16 16.1797 -63.4601 25.3849 14.8596 -64.3630 28.8155 10.2007 -65.1279 26.4824
4 16 12.3006 -64.2137 23.0409 13.8388 -63.1416 19.0401 17.4307 -62.4350 21.1251 16.1797 -63.4601 25.3849
4 16 16.1797 -63.4601 25.3849 17.4307 -62.4350 21.1251 20.8361 -61.4857 22.9708 19.9094 -62.4309 27.4464
3 16 16.1797 -63.4601 25.3849 19.9094 -62.4309 27.4464 19.0944 -63.4943 32.6581
3 16 19.0944 -63.4943 32.6581 14.8596 -64.3630 28.8155 16.1797 -63.4601 25.3849
4 16 20.8361 -61.4857 22.9708 23.8837 -60.1057 24.3997 23.3756 -60.8599 28.5778 19.9094 -62.4309 27.4464
3 16 26.4612 -58.3249 25.4825 26.3573 -58.8750 29.2491 23.3756 -60.8599 28.5778
3 16 23.3756 -60.8599 28.5778 23.8837 -60.1057 24.3997 26.4612 -58.3249 25.4825
3 16 26.3573 -58.8750 29.2491 26.2321 -59.4273 32.9883 22.8287 -61.6341 32.7951
3 16 22.8287 -61.6341 32.7951 23.3756 -60.8599 28.5778 26.3573 -58.8750 29.2491
4 16 19.9094 -62.4309 27.4464 23.3756 -60.8599 28.5778 22.8287 -61.6341 32.7951 19.0944 -63.4943 32.6581
4 16 4.8168 -66.5900 32.3149 7.6334 -65.8982 29.5067 9.2329 -65.9241 30.5902 8.5688 -66.2709 32.3947
3 16 10.2007 -65.1279 26.4824 11.4864 -65.5088 30.1572 9.2329 -65.9241 30.5902
3 16 9.2329 -65.9241 30.5902 7.6334 -65.8982 29.5067 10.2007 -65.1279 26.4824
3 16 8.5688 -66.2709 32.3947 9.2329 -65.9241 30.5902 11.4864 -65.5088 30.1572
3 16 11.4864 -65.5088 30.1572 12.1825 -65.7529 32.4745 8.5688 -66.2709 32.3947
3 16 24.7705 13.0764 -1.8996 25.1677 13.0009 -2.8897 23.7896 12.6384 -5.0201
3 16 23.7896 12.6384 -5.0201 20.5783 12.4278 -5.2364 24.7705 13.0764 -1.8996
3 16 28.0583 13.7490 1.6243 27.0510 13.1676 -1.9789 25.1677 13.0009 -2.8897
3 16 25.1677 13.0009 -2.8897 24.7705 13.0764 -1.8996 28.0583 13.7490 1.6243
4 16 25.7001 12.6734 -4.8901 23.7896 12.6384 -5.0201 25.1677 13.0009 -2.8897 27.0510 13.1676 -1.9789
3 16 32.9269 14.2808 6.9443 33.7970 14.4321 9.4706 34.9791 13.7583 9.9832
3 16 34.9791 13.7583 9.9832 34.2145 13.5327 7.3223 32.9269 14.2808 6.9443
3 16 31.5416 14.4923 7.1362 32.4826 14.6594 9.6258 33.7970 14.4321 9.4706
3 16 33.7970 14.4321 9.4706 32.9269 14.2808 6.9443 31.5416 14.4923 7.1362
3 16 33.7970 14.4321 9.4706 32.4826 14.6594 9.6258 33.2510 14.7736 12.1154
3 16 33.2510 14.7736 12.1154 34.5319 13.9990 12.0632 33.7970 14.4321 9.4706
3 16 34.9791 13.7583 9.9832 33.7970 14.4321 9.4706 34.5319 13.9990 12.0632
3 16 34.5319 13.9990 12.0632 35.4250 13.5973 12.1154 34.9791 13.7583 9.9832
3 16 13.8388 -63.1416 19.0401 13.5069 -63.0798 14.6542 14.3201 -62.2674 12.7495
3 16 14.3201 -62.2674 12.7495 14.7946 -61.9111 14.4377 13.8388 -63.1416 19.0401
3 16 13.2495 -62.8601 9.7625 14.3008 -61.8425 9.0847 14.3201 -62.2674 12.7495
3 16 14.3201 -62.2674 12.7495 13.5069 -63.0798 14.6542 13.2495 -62.8601 9.7625
3 16 14.7946 -61.9111 14.4377 14.3201 -62.2674 12.7495 14.3008 -61.8425 9.0847
3 16 14.3008 -61.8425 9.0847 15.3148 -60.5248 9.5302 14.7946 -61.9111 14.4377
3 16 13.2495 -62.8601 9.7625 12.9491 -62.6341 4.5464 13.9974 -61.5471 4.3164
3 16 13.9974 -61.5471 4.3164 14.3008 -61.8425 9.0847 13.2495 -62.8601 9.7625
3 16 12.9491 -62.6341 4.5464 12.6053 -62.4316 -0.8094 13.5899 -61.3136 -0.6651
3 16 13.5899 -61.3136 -0.6651 13.9974 -61.5471 4.3164 12.9491 -62.6341 4.5464
3 16 13.9974 -61.5471 4.3164 13.5899 -61.3136 -0.6651 14.3875 -60.0700 -0.5220
3 16 14.3875 -60.0700 -0.5220 14.7688 -60.3854 3.9620 13.9974 -61.5471 4.3164
3 16 13.9974 -61.5471 4.3164 14.7688 -60.3854 3.9620 15.3148 -60.5248 9.5302
3 16 15.3148 -60.5248 9.5302 14.3008 -61.8425 9.0847 13.9974 -61.5471 4.3164
4 16 15.7169 -57.3954 -0.2338 15.5775 -58.9983 4.6291 15.1825 -59.3831 2.8394 15.0777 -58.7509 -0.3782
4 16 15.3148 -60.5248 9.5302 14.7688 -60.3854 3.9620 15.1825 -59.3831 2.8394 15.5775 -58.9983 4.6291
3 16 15.0777 -58.7509 -0.3782 15.1825 -59.3831 2.8394 14.7688 -60.3854 3.9620
3 16 14.7688 -60.3854 3.9620 14.3875 -60.0700 -0.5220 15.0777 -58.7509 -0.3782
3 16 19.2935 -56.7531 1.9454 19.6748 -54.8395 -1.2876 22.5809 -54.0166 0.4016
3 16 22.5809 -54.0166 0.4016 22.3521 -55.9461 3.6681 19.2935 -56.7531 1.9454
3 16 19.2935 -56.7531 1.9454 15.7169 -57.3954 -0.2338 16.7802 -55.2982 -2.6256
3 16 16.7802 -55.2982 -2.6256 19.6748 -54.8395 -1.2876 19.2935 -56.7531 1.9454
3 16 16.7802 -55.2982 -2.6256 17.1884 -53.2485 -5.3255 20.0263 -52.8003 -3.8490
3 16 20.0263 -52.8003 -3.8490 19.6748 -54.8395 -1.2876 16.7802 -55.2982 -2.6256
3 16 19.6748 -54.8395 -1.2876 20.0263 -52.8003 -3.8490 22.8204 -51.9929 -2.0350
3 16 22.8204 -51.9929 -2.0350 22.5809 -54.0166 0.4016 19.6748 -54.8395 -1.2876
3 16 20.4351 -48.0591 -8.5903 20.2593 -50.5904 -6.2349 17.4602 -50.9984 -7.8956
3 16 17.4602 -50.9984 -7.8956 17.7015 -48.3592 -10.3960 20.4351 -48.0591 -8.5903
4 16 20.4351 -48.0591 -8.5903 23.0680 -47.4375 -6.5456 22.9729 -49.8384 -4.2971 20.2593 -50.5904 -6.2349
3 16 22.9729 -49.8384 -4.2971 22.8204 -51.9929 -2.0350 20.0263 -52.8003 -3.8490
3 16 20.0263 -52.8003 -3.8490 20.2593 -50.5904 -6.2349 22.9729 -49.8384 -4.2971
3 16 20.2593 -50.5904 -6.2349 20.0263 -52.8003 -3.8490 17.1884 -53.2485 -5.3255
3 16 17.1884 -53.2485 -5.3255 17.4602 -50.9984 -7.8956 20.2593 -50.5904 -6.2349
3 16 18.3497 1.6015 -21.8507 19.0133 -1.1170 -21.6539 17.5925 -1.8498 -22.7745
3 16 17.5925 -1.8498 -22.7745 16.9066 0.8330 -22.9472 18.3497 1.6015 -21.8507
3 16 19.8138 2.2332 -20.6848 20.4006 -0.4978 -20.4997 19.0133 -1.1170 -21.6539
3 16 19.0133 -1.1170 -21.6539 18.3497 1.6015 -21.8507 19.8138 2.2332 -20.6848
4 16 19.0133 -1.1170 -21.6539 20.4006 -0.4978 -20.4997 20.8211 -2.6217 -20.0334 19.4909 -3.2522 -21.1600
4 16 17.5925 -1.8498 -22.7745 19.0133 -1.1170 -21.6539 19.4909 -3.2522 -21.1600 18.0967 -4.0004 -22.2733
3 16 25.0632 -50.7432 -0.0979 24.9220 -52.7380 2.2719 22.5809 -54.0166 0.4016
3 16 22.5809 -54.0166 0.4016 22.8204 -51.9929 -2.0350 25.0632 -50.7432 -0.0979
3 16 26.7695 -49.3090 1.7657 26.7108 -51.2560 4.1278 24.9220 -52.7380 2.2719
3 16 24.9220 -52.7380 2.2719 25.0632 -50.7432 -0.0979 26.7695 -49.3090 1.7657
3 16 26.7108 -51.2560 4.1278 26.6407 -53.2151 7.4124 24.7737 -54.7063 5.5413
3 16 24.7737 -54.7063 5.5413 24.9220 -52.7380 2.2719 26.7108 -51.2560 4.1278
3 16 24.9220 -52.7380 2.2719 24.7737 -54.7063 5.5413 22.3521 -55.9461 3.6681
3 16 22.3521 -55.9461 3.6681 22.5809 -54.0166 0.4016 24.9220 -52.7380 2.2719
3 16 14.3479 -1.0492 -25.0977 13.7575 1.3832 -24.8608 14.8155 2.4044 -23.8817
3 16 14.8155 2.4044 -23.8817 15.4801 -0.1426 -24.0069 14.3479 -1.0492 -25.0977
3 16 13.7575 1.3832 -24.8608 13.0264 3.5146 -24.5753 14.0553 4.5543 -23.6858
3 16 14.0553 4.5543 -23.6858 14.8155 2.4044 -23.8817 13.7575 1.3832 -24.8608
3 16 14.0553 4.5543 -23.6858 15.3599 5.5531 -22.8125 16.1715 3.4217 -22.9241
3 16 16.1715 3.4217 -22.9241 14.8155 2.4044 -23.8817 14.0553 4.5543 -23.6858
3 16 14.8155 2.4044 -23.8817 16.1715 3.4217 -22.9241 16.9066 0.8330 -22.9472
3 16 16.9066 0.8330 -22.9472 15.4801 -0.1426 -24.0069 14.8155 2.4044 -23.8817
3 16 21.8408 8.2970 -17.3410 19.9225 7.6399 -19.1945 19.0282 9.0363 -18.7238
3 16 19.0282 9.0363 -18.7238 20.9591 9.6756 -16.6379 21.8408 8.2970 -17.3410
3 16 19.9225 7.6399 -19.1945 18.1831 6.9964 -20.6709 17.2139 8.4058 -20.3989
3 16 17.2139 8.4058 -20.3989 19.0282 9.0363 -18.7238 19.9225 7.6399 -19.1945
3 16 19.0282 9.0363 -18.7238 17.2139 8.4058 -20.3989 16.0724 9.2689 -19.9128
3 16 16.0724 9.2689 -19.9128 17.9162 9.8631 -17.9240 19.0282 9.0363 -18.7238
3 16 20.9591 9.6756 -16.6379 19.0282 9.0363 -18.7238 17.9162 9.8631 -17.9240
3 16 17.9162 9.8631 -17.9240 19.8434 10.4694 -15.5016 20.9591 9.6756 -16.6379
3 16 19.8434 10.4694 -15.5016 17.9162 9.8631 -17.9240 16.4430 10.3696 -16.8038
3 16 16.4430 10.3696 -16.8038 18.3590 10.9253 -14.0012 19.8434 10.4694 -15.5016
3 16 17.9162 9.8631 -17.9240 16.0724 9.2689 -19.9128 14.6425 9.8281 -19.2275
3 16 14.6425 9.8281 -19.2275 16.4430 10.3696 -16.8038 17.9162 9.8631 -17.9240
3 16 16.4430 10.3696 -16.8038 14.6425 9.8281 -19.2275 12.7702 10.1915 -18.4589
3 16 12.7702 10.1915 -18.4589 14.4875 10.6931 -15.5953 16.4430 10.3696 -16.8038
3 16 16.4430 10.3696 -16.8038 14.4875 10.6931 -15.5953 16.3979 11.1955 -12.5497
3 16 16.3979 11.1955 -12.5497 18.3590 10.9253 -14.0012 16.4430 10.3696 -16.8038
4 16 32.1949 -14.6842 1.7509 32.7962 -15.0658 3.6870 32.7241 -16.0477 3.8066 32.2921 -16.2523 2.5724
4 16 33.2831 -15.4431 5.4928 32.9957 -16.5515 4.9132 32.7241 -16.0477 3.8066 32.7962 -15.0658 3.6870
3 16 32.2921 -16.2523 2.5724 32.7241 -16.0477 3.8066 32.9957 -16.5515 4.9132
3 16 32.9957 -16.5515 4.9132 32.3869 -18.4656 3.4859 32.2921 -16.2523 2.5724
4 16 34.2105 -17.8568 9.6171 34.0722 -16.9883 8.9013 34.3776 -16.1962 9.9707 34.5190 -16.8772 10.6807
3 16 34.0099 -15.7594 8.3702 34.2363 -15.4924 9.2907 34.3776 -16.1962 9.9707
3 16 34.3776 -16.1962 9.9707 34.0722 -16.9883 8.9013 34.0099 -15.7594 8.3702
4 16 34.3776 -16.1962 9.9707 34.2363 -15.4924 9.2907 34.3808 -14.8996 9.9358 34.4990 -15.4283 10.4755
4 16 34.5190 -16.8772 10.6807 34.3776 -16.1962 9.9707 34.4990 -15.4283 10.4755 34.6595 -15.5625 11.2656
4 16 34.5069 -12.9422 10.6973 34.6063 -14.0055 11.0586 34.5288 -14.6157 10.6661 34.4624 -14.0114 10.4061
3 16 34.4990 -15.4283 10.4755 34.5288 -14.6157 10.6661 34.6063 -14.0055 11.0586
3 16 34.6063 -14.0055 11.0586 34.6595 -15.5625 11.2656 34.4990 -15.4283 10.4755
4 16 34.3808 -14.8996 9.9358 34.4624 -14.0114 10.4061 34.5288 -14.6157 10.6661 34.4990 -15.4283 10.4755
4 16 34.8958 -5.5523 10.9023 34.9021 -5.0898 10.9295 34.9733 -4.7325 11.4048 35.0007 -5.2058 11.6506
4 16 34.8834 -4.5811 10.7960 34.9910 -4.2220 11.4852 34.9733 -4.7325 11.4048 34.9021 -5.0898 10.9295
4 16 35.1095 -4.3353 12.3134 35.0007 -5.2058 11.6506 34.9733 -4.7325 11.4048 34.9910 -4.2220 11.4852
4 16 34.8834 -4.5811 10.7960 34.8338 -4.1019 10.3739 34.9710 -3.6656 11.2241 34.9910 -4.2220 11.4852
3 16 34.7078 -3.7342 9.5303 34.8861 -3.1742 10.5237 34.9710 -3.6656 11.2241
3 16 34.9710 -3.6656 11.2241 34.8338 -4.1019 10.3739 34.7078 -3.7342 9.5303
3 16 34.8861 -3.1742 10.5237 35.0584 -2.6806 11.5399 35.1070 -3.2604 12.0765
3 16 35.1070 -3.2604 12.0765 34.9710 -3.6656 11.2241 34.8861 -3.1742 10.5237
4 16 34.9910 -4.2220 11.4852 34.9710 -3.6656 11.2241 35.1070 -3.2604 12.0765 35.1095 -4.3353 12.3134
3 16 35.2632 -3.5899 13.2275 35.2199 -2.8789 12.7807 35.2223 -2.3037 12.6033
3 16 35.2223 -2.3037 12.6033 35.4720 -1.8235 14.3441 35.2632 -3.5899 13.2275
4 16 35.1095 -4.3353 12.3134 35.1070 -3.2604 12.0765 35.2199 -2.8789 12.7807 35.2632 -3.5899 13.2275
4 16 35.0584 -2.6806 11.5399 35.2223 -2.3037 12.6033 35.2199 -2.8789 12.7807 35.1070 -3.2604 12.0765
3 16 28.8435 -1.2853 -7.8562 29.4821 -2.6938 -6.7467 28.7533 -3.2534 -8.0447
3 16 28.7533 -3.2534 -8.0447 28.1186 -2.9607 -9.0358 28.8435 -1.2853 -7.8562
3 16 28.6690 -4.2557 -7.9892 28.7533 -3.2534 -8.0447 29.4821 -2.6938 -6.7467
3 16 29.4821 -2.6938 -6.7467 29.6624 -3.9608 -6.1867 28.6690 -4.2557 -7.9892
3 16 27.7151 -4.6172 -9.4844 28.1186 -2.9607 -9.0358 28.7533 -3.2534 -8.0447
3 16 28.7533 -3.2534 -8.0447 28.6690 -4.2557 -7.9892 27.7151 -4.6172 -9.4844
3 16 26.1457 -5.4492 -11.4975 25.4102 -4.0826 -12.0895 26.2793 -4.1826 -11.2423
3 16 26.2793 -4.1826 -11.2423 26.8453 -5.0113 -10.6497 26.1457 -5.4492 -11.4975
3 16 26.6249 -3.5106 -10.8294 26.2793 -4.1826 -11.2423 25.4102 -4.0826 -12.0895
3 16 25.4102 -4.0826 -12.0895 25.2060 -2.6042 -12.2004 26.6249 -3.5106 -10.8294
3 16 27.7151 -4.6172 -9.4844 26.8453 -5.0113 -10.6497 26.2793 -4.1826 -11.2423
3 16 26.2793 -4.1826 -11.2423 26.6249 -3.5106 -10.8294 27.7151 -4.6172 -9.4844
3 16 4.8610 -32.2971 -23.5099 2.4501 -32.0741 -23.6549 2.2065 -31.4796 -22.4271
3 16 2.2065 -31.4796 -22.4271 4.3544 -31.6549 -22.0709 4.8610 -32.2971 -23.5099
3 16 0.0000 -31.9928 -23.7086 0.0000 -31.4055 -22.5736 2.2065 -31.4796 -22.4271
3 16 2.2065 -31.4796 -22.4271 2.4501 -32.0741 -23.6549 0.0000 -31.9928 -23.7086
3 16 2.2065 -31.4796 -22.4271 0.0000 -31.4055 -22.5736 0.0000 -30.7441 -21.6793
3 16 0.0000 -30.7441 -21.6793 1.9435 -30.8804 -21.2492 2.2065 -31.4796 -22.4271
3 16 4.3544 -31.6549 -22.0709 2.2065 -31.4796 -22.4271 1.9435 -30.8804 -21.2492
3 16 1.9435 -30.8804 -21.2492 3.6931 -31.0335 -20.8372 4.3544 -31.6549 -22.0709
3 16 7.2018 -41.1406 -19.3783 7.2159 -36.9539 -21.4518 9.4842 -37.1996 -21.1323
3 16 9.4842 -37.1996 -21.1323 9.4388 -41.2617 -19.0568 7.2018 -41.1406 -19.3783
3 16 4.8671 -41.0169 -19.5934 4.8732 -36.7364 -21.6724 7.2159 -36.9539 -21.4518
3 16 7.2159 -36.9539 -21.4518 7.2018 -41.1406 -19.3783 4.8671 -41.0169 -19.5934
3 16 4.8732 -36.7364 -21.6724 4.8610 -32.2971 -23.5099 7.2054 -32.6291 -23.2888
3 16 7.2054 -32.6291 -23.2888 7.2159 -36.9539 -21.4518 4.8732 -36.7364 -21.6724
3 16 7.2159 -36.9539 -21.4518 7.2054 -32.6291 -23.2888 9.5037 -33.0313 -22.9711
3 16 9.5037 -33.0313 -22.9711 9.4842 -37.1996 -21.1323 7.2159 -36.9539 -21.4518
4 16 9.1531 -48.5516 -13.7497 6.9948 -48.5411 -14.0428 7.1377 -45.0504 -16.8901 9.3396 -45.0999 -16.5706
4 16 6.9948 -48.5411 -14.0428 4.7268 -48.5100 -14.2125 4.8243 -44.9852 -17.0898 7.1377 -45.0504 -16.8901
4 16 7.1377 -45.0504 -16.8901 4.8243 -44.9852 -17.0898 4.8671 -41.0169 -19.5934 7.2018 -41.1406 -19.3783
3 16 7.1377 -45.0504 -16.8901 7.2018 -41.1406 -19.3783 9.4388 -41.2617 -19.0568
3 16 9.4388 -41.2617 -19.0568 9.3396 -45.0999 -16.5706 7.1377 -45.0504 -16.8901
4 16 0.0000 -40.8540 -19.7177 2.4542 -40.9046 -19.6944 2.4322 -44.9226 -17.1464 0.0000 -44.8940 -17.1414
4 16 2.4542 -40.9046 -19.6944 4.8671 -41.0169 -19.5934 4.8243 -44.9852 -17.0898 2.4322 -44.9226 -17.1464
4 16 2.4322 -44.9226 -17.1464 4.8243 -44.9852 -17.0898 4.7268 -48.5100 -14.2125 2.3826 -48.4854 -14.2267
4 16 0.0000 -44.8940 -17.1414 2.4322 -44.9226 -17.1464 2.3826 -48.4854 -14.2267 0.0000 -48.4762 -14.1982
3 16 11.7840 -33.4778 -22.5070 11.6925 -37.4652 -20.6794 9.4842 -37.1996 -21.1323
3 16 9.4842 -37.1996 -21.1323 9.5037 -33.0313 -22.9711 11.7840 -33.4778 -22.5070
3 16 14.0580 -34.0007 -21.7661 13.8829 -37.7745 -19.9532 11.6925 -37.4652 -20.6794
3 16 11.6925 -37.4652 -20.6794 11.7840 -33.4778 -22.5070 14.0580 -34.0007 -21.7661
3 16 13.8829 -37.7745 -19.9532 13.6915 -41.5170 -17.9080 11.5794 -41.3801 -18.6148
3 16 11.5794 -41.3801 -18.6148 11.6925 -37.4652 -20.6794 13.8829 -37.7745 -19.9532
3 16 11.6925 -37.4652 -20.6794 11.5794 -41.3801 -18.6148 9.4388 -41.2617 -19.0568
3 16 9.4388 -41.2617 -19.0568 9.4842 -37.1996 -21.1323 11.6925 -37.4652 -20.6794
3 16 15.8677 -41.6868 -16.7833 16.1147 -38.1430 -18.8028 18.4861 -38.5215 -17.1422
3 16 18.4861 -38.5215 -17.1422 18.2331 -41.8566 -15.1816 15.8677 -41.6868 -16.7833
3 16 13.6915 -41.5170 -17.9080 13.8829 -37.7745 -19.9532 16.1147 -38.1430 -18.8028
3 16 16.1147 -38.1430 -18.8028 15.8677 -41.6868 -16.7833 13.6915 -41.5170 -17.9080
3 16 16.1147 -38.1430 -18.8028 13.8829 -37.7745 -19.9532 14.0580 -34.0007 -21.7661
3 16 14.0580 -34.0007 -21.7661 16.3470 -34.6184 -20.6032 16.1147 -38.1430 -18.8028
3 16 16.1147 -38.1430 -18.8028 16.3470 -34.6184 -20.6032 18.7275 -35.2371 -18.8969
3 16 18.7275 -35.2371 -18.8969 18.4861 -38.5215 -17.1422 16.1147 -38.1430 -18.8028
4 16 17.7015 -48.3592 -10.3960 15.3134 -48.4621 -11.7868 15.5966 -45.2131 -14.3974 17.9638 -45.2278 -12.8814
4 16 15.3134 -48.4621 -11.7868 13.2042 -48.4865 -12.7565 13.4686 -45.1597 -15.4690 15.5966 -45.2131 -14.3974
3 16 13.4686 -45.1597 -15.4690 13.6915 -41.5170 -17.9080 15.8677 -41.6868 -16.7833
3 16 15.8677 -41.6868 -16.7833 15.5966 -45.2131 -14.3974 13.4686 -45.1597 -15.4690
4 16 17.9638 -45.2278 -12.8814 15.5966 -45.2131 -14.3974 15.8677 -41.6868 -16.7833 18.2331 -41.8566 -15.1816
4 16 18.7275 -35.2371 -18.8969 21.1965 -35.7367 -16.6508 21.0093 -38.8259 -14.9859 18.4861 -38.5215 -17.1422
4 16 21.1965 -35.7367 -16.6508 23.3800 -36.0033 -14.3467 23.3127 -38.8988 -12.6886 21.0093 -38.8259 -14.9859
4 16 21.0093 -38.8259 -14.9859 23.3127 -38.8988 -12.6886 23.2392 -41.8088 -10.8690 20.8178 -41.9552 -13.1257
4 16 18.4861 -38.5215 -17.1422 21.0093 -38.8259 -14.9859 20.8178 -41.9552 -13.1257 18.2331 -41.8566 -15.1816
3 16 24.9515 -35.9550 -12.4407 25.0531 -38.6158 -10.6071 23.3127 -38.8988 -12.6886
3 16 23.3127 -38.8988 -12.6886 23.3800 -36.0033 -14.3467 24.9515 -35.9550 -12.4407
3 16 26.1469 -35.6320 -10.8063 26.3837 -38.0581 -8.7669 25.0531 -38.6158 -10.6071
3 16 25.0531 -38.6158 -10.6071 24.9515 -35.9550 -12.4407 26.1469 -35.6320 -10.8063
3 16 26.3837 -38.0581 -8.7669 26.5745 -40.4887 -6.7078 25.1271 -41.2809 -8.6867
3 16 25.1271 -41.2809 -8.6867 25.0531 -38.6158 -10.6071 26.3837 -38.0581 -8.7669
3 16 25.0531 -38.6158 -10.6071 25.1271 -41.2809 -8.6867 23.2392 -41.8088 -10.8690
3 16 23.2392 -41.8088 -10.8690 23.3127 -38.8988 -12.6886 25.0531 -38.6158 -10.6071
4 16 26.7695 -49.3090 1.7657 25.0632 -50.7432 -0.0979 25.1326 -48.6759 -2.2919 26.7775 -47.3262 -0.3876
3 16 22.8204 -51.9929 -2.0350 22.9729 -49.8384 -4.2971 25.1326 -48.6759 -2.2919
3 16 25.1326 -48.6759 -2.2919 25.0632 -50.7432 -0.0979 22.8204 -51.9929 -2.0350
4 16 25.1326 -48.6759 -2.2919 22.9729 -49.8384 -4.2971 23.0680 -47.4375 -6.5456 25.1522 -46.4295 -4.4669
4 16 26.7775 -47.3262 -0.3876 25.1326 -48.6759 -2.2919 25.1522 -46.4295 -4.4669 26.7456 -45.2146 -2.5053
3 16 19.0553 -34.3673 -12.3349 19.4049 -34.5891 -13.0323 17.3663 -34.1306 -15.0460
3 16 17.3663 -34.1306 -15.0460 17.1077 -33.9231 -14.3303 19.0553 -34.3673 -12.3349
4 16 19.0553 -34.3673 -12.3349 20.9208 -34.5891 -10.1053 21.3228 -34.8183 -10.7927 19.4049 -34.5891 -13.0323
4 16 19.4049 -34.5891 -13.0323 21.3228 -34.8183 -10.7927 21.8409 -35.1154 -11.6835 19.8558 -34.8766 -13.9377
3 16 19.4049 -34.5891 -13.0323 19.8558 -34.8766 -13.9377 17.7048 -34.4041 -15.9941
3 16 17.7048 -34.4041 -15.9941 17.3663 -34.1306 -15.0460 19.4049 -34.5891 -13.0323
3 16 22.5859 -34.4576 -8.0684 22.9587 -34.6979 -8.7708 21.3228 -34.8183 -10.7927
3 16 21.3228 -34.8183 -10.7927 20.9208 -34.5891 -10.1053 22.5859 -34.4576 -8.0684
3 16 24.0564 -34.0277 -6.2872 24.3424 -34.3090 -7.0872 22.9587 -34.6979 -8.7708
3 16 22.9587 -34.6979 -8.7708 22.5859 -34.4576 -8.0684 24.0564 -34.0277 -6.2872
3 16 24.3424 -34.3090 -7.0872 24.7574 -34.6556 -8.0671 23.4508 -35.0113 -9.6864
3 16 23.4508 -35.0113 -9.6864 22.9587 -34.6979 -8.7708 24.3424 -34.3090 -7.0872
3 16 22.9587 -34.6979 -8.7708 23.4508 -35.0113 -9.6864 21.8409 -35.1154 -11.6835
3 16 21.8409 -35.1154 -11.6835 21.3228 -34.8183 -10.7927 22.9587 -34.6979 -8.7708
3 16 30.4632 -31.8475 -3.9951 29.4689 -33.1741 -5.8325 28.6735 -32.6902 -5.0998
3 16 28.6735 -32.6902 -5.0998 29.7338 -31.3496 -3.4367 30.4632 -31.8475 -3.9951
3 16 29.4689 -33.1741 -5.8325 28.3914 -34.2747 -7.5652 27.5664 -33.8377 -6.6468
3 16 27.5664 -33.8377 -6.6468 28.6735 -32.6902 -5.0998 29.4689 -33.1741 -5.8325
3 16 28.6735 -32.6902 -5.0998 27.5664 -33.8377 -6.6468 26.6634 -33.6694 -5.9538
3 16 26.6634 -33.6694 -5.9538 27.8712 -32.2333 -4.3901 28.6735 -32.6902 -5.0998
3 16 29.7338 -31.3496 -3.4367 28.6735 -32.6902 -5.0998 27.8712 -32.2333 -4.3901
3 16 27.8712 -32.2333 -4.3901 29.0045 -30.8517 -2.8783 29.7338 -31.3496 -3.4367
3 16 30.9656 -28.0421 0.3912 31.9242 -26.1983 2.7911 32.5883 -26.1412 3.2506
3 16 32.5883 -26.1412 3.2506 31.6096 -28.2457 0.4539 30.9656 -28.0421 0.3912
3 16 31.9242 -26.1983 2.7911 32.8972 -24.0401 5.7490 33.5703 -23.8122 6.4516
3 16 33.5703 -23.8122 6.4516 32.5883 -26.1412 3.2506 31.9242 -26.1983 2.7911
3 16 32.5883 -26.1412 3.2506 33.5703 -23.8122 6.4516 34.2435 -23.5843 7.1542
3 16 34.2435 -23.5843 7.1542 33.2524 -26.0841 3.7100 32.5883 -26.1412 3.2506
3 16 31.6096 -28.2457 0.4539 32.5883 -26.1412 3.2506 33.2524 -26.0841 3.7100
3 16 33.2524 -26.0841 3.7100 32.2536 -28.4492 0.5165 31.6096 -28.2457 0.4539
3 16 29.0045 -30.8517 -2.8783 30.0160 -29.5254 -1.3942 30.6853 -29.9286 -1.6883
3 16 30.6853 -29.9286 -1.6883 29.7338 -31.3496 -3.4367 29.0045 -30.8517 -2.8783
3 16 30.0160 -29.5254 -1.3942 30.9656 -28.0421 0.3912 31.6096 -28.2457 0.4539
3 16 31.6096 -28.2457 0.4539 30.6853 -29.9286 -1.6883 30.0160 -29.5254 -1.3942
3 16 30.6853 -29.9286 -1.6883 31.6096 -28.2457 0.4539 32.2536 -28.4492 0.5165
3 16 32.2536 -28.4492 0.5165 31.3547 -30.3318 -1.9825 30.6853 -29.9286 -1.6883
3 16 29.7338 -31.3496 -3.4367 30.6853 -29.9286 -1.6883 31.3547 -30.3318 -1.9825
3 16 31.3547 -30.3318 -1.9825 30.4632 -31.8475 -3.9951 29.7338 -31.3496 -3.4367
4 16 37.2512 -13.1883 19.0675 36.8168 -17.4895 17.4563 36.4122 -16.0170 15.7894 36.5960 -11.6880 16.5268
3 16 36.5426 -21.0631 16.6541 36.1551 -19.9207 14.8949 36.4122 -16.0170 15.7894
3 16 36.4122 -16.0170 15.7894 36.8168 -17.4895 17.4563 36.5426 -21.0631 16.6541
3 16 36.1551 -19.9207 14.8949 35.6624 -18.4226 12.5930 35.9428 -14.6953 13.8496
3 16 35.9428 -14.6953 13.8496 36.4122 -16.0170 15.7894 36.1551 -19.9207 14.8949
3 16 36.4122 -16.0170 15.7894 35.9428 -14.6953 13.8496 36.0506 -10.4112 14.4195
3 16 36.0506 -10.4112 14.4195 36.5960 -11.6880 16.5268 36.4122 -16.0170 15.7894
4 16 37.2512 -13.1883 19.0675 36.5960 -11.6880 16.5268 36.7247 -6.8934 16.9774 37.3413 -7.4320 19.3198
3 16 36.0506 -10.4112 14.4195 36.2059 -6.2530 14.7418 36.7247 -6.8934 16.9774
3 16 36.7247 -6.8934 16.9774 36.5960 -11.6880 16.5268 36.0506 -10.4112 14.4195
3 16 36.2059 -6.2530 14.7418 36.4064 -1.9202 14.8389 36.7993 -2.8262 16.7802
3 16 36.7993 -2.8262 16.7802 36.7247 -6.8934 16.9774 36.2059 -6.2530 14.7418
3 16 36.7247 -6.8934 16.9774 36.7993 -2.8262 16.7802 37.4673 -1.2998 19.4757
3 16 37.4673 -1.2998 19.4757 37.3413 -7.4320 19.3198 36.7247 -6.8934 16.9774
4 16 34.5803 -18.5874 11.6292 34.9754 -14.7842 13.0101 35.4591 -14.7398 13.4298 35.1214 -18.5050 12.1111
3 16 35.1639 -10.5157 13.5823 35.6073 -10.4635 14.0009 35.4591 -14.7398 13.4298
3 16 35.4591 -14.7398 13.4298 34.9754 -14.7842 13.0101 35.1639 -10.5157 13.5823
3 16 35.6073 -10.4635 14.0009 36.0506 -10.4112 14.4195 35.9428 -14.6953 13.8496
3 16 35.9428 -14.6953 13.8496 35.4591 -14.7398 13.4298 35.6073 -10.4635 14.0009
4 16 35.1214 -18.5050 12.1111 35.4591 -14.7398 13.4298 35.9428 -14.6953 13.8496 35.6624 -18.4226 12.5930
3 16 36.8951 -22.0955 18.3049 36.5115 -25.9931 17.8043 36.1242 -24.9216 15.6801
3 16 36.1242 -24.9216 15.6801 36.5426 -21.0631 16.6541 36.8951 -22.0955 18.3049
3 16 37.3275 -22.7500 20.6792 36.8324 -27.2895 20.0505 36.5115 -25.9931 17.8043
3 16 36.5115 -25.9931 17.8043 36.8951 -22.0955 18.3049 37.3275 -22.7500 20.6792
3 16 36.8324 -27.2895 20.0505 36.2007 -32.1223 19.9397 35.8835 -30.3121 16.9619
3 16 35.8835 -30.3121 16.9619 36.5115 -25.9931 17.8043 36.8324 -27.2895 20.0505
3 16 36.5115 -25.9931 17.8043 35.8835 -30.3121 16.9619 35.3549 -29.5883 13.9475
3 16 35.3549 -29.5883 13.9475 36.1242 -24.9216 15.6801 36.5115 -25.9931 17.8043
4 16 37.1047 -32.1611 25.8728 36.3957 -36.8169 26.3559 36.1047 -36.3997 23.8177 36.6729 -32.2335 22.9069
4 16 36.3957 -36.8169 26.3559 35.6808 -40.6808 27.0945 35.3260 -40.6111 24.4734 36.1047 -36.3997 23.8177
4 16 36.1047 -36.3997 23.8177 35.3260 -40.6111 24.4734 34.9193 -40.6262 21.7690 35.6927 -36.5868 21.3457
4 16 36.6729 -32.2335 22.9069 36.1047 -36.3997 23.8177 35.6927 -36.5868 21.3457 36.2007 -32.1223 19.9397
3 16 36.4064 -1.9202 14.8389 35.7698 -1.3951 11.8383 35.9167 -1.0247 11.4073
3 16 35.9167 -1.0247 11.4073 36.1321 -0.9845 12.2714 36.4064 -1.9202 14.8389
4 16 35.4149 -0.8815 8.7999 35.7294 -0.6153 9.4297 35.9167 -1.0247 11.4073 35.7698 -1.3951 11.8383
3 16 35.9916 -0.3276 10.0940 36.1321 -0.9845 12.2714 35.9167 -1.0247 11.4073
3 16 35.9167 -1.0247 11.4073 35.7294 -0.6153 9.4297 35.9916 -0.3276 10.0940
3 16 36.2509 0.0593 10.8097 36.3313 -0.5326 12.4273 36.1321 -0.9845 12.2714
3 16 36.1321 -0.9845 12.2714 35.9916 -0.3276 10.0940 36.2509 0.0593 10.8097
3 16 36.5082 -0.7107 13.8056 36.3313 -0.5326 12.4273 36.2509 0.0593 10.8097
3 16 36.2509 0.0593 10.8097 36.5146 1.1980 11.9081 36.5082 -0.7107 13.8056
3 16 36.4064 -1.9202 14.8389 36.1321 -0.9845 12.2714 36.3313 -0.5326 12.4273
3 16 36.3313 -0.5326 12.4273 36.5082 -0.7107 13.8056 36.4064 -1.9202 14.8389
3 16 35.9916 -0.3276 10.0940 35.7294 -0.6153 9.4297 35.3789 -0.1452 6.6319
3 16 35.3789 -0.1452 6.6319 35.6537 0.2088 7.3929 35.9916 -0.3276 10.0940
3 16 35.7294 -0.6153 9.4297 35.4149 -0.8815 8.7999 35.1455 -0.4135 6.1165
3 16 35.1455 -0.4135 6.1165 35.3789 -0.1452 6.6319 35.7294 -0.6153 9.4297
4 16 35.3789 -0.1452 6.6319 35.1455 -0.4135 6.1165 34.5853 -0.0847 3.2578 34.7666 0.2939 3.3750
3 16 35.6537 0.2088 7.3929 35.3789 -0.1452 6.6319 34.7666 0.2939 3.3750
3 16 34.7666 0.2939 3.3750 35.0388 1.4105 4.0550 35.6537 0.2088 7.3929
3 16 36.4064 -1.9202 14.8389 35.9142 -1.8876 14.5956 35.4971 -1.4279 11.9074
3 16 35.4971 -1.4279 11.9074 35.7698 -1.3951 11.8383 36.4064 -1.9202 14.8389
3 16 35.9142 -1.8876 14.5956 35.4720 -1.8235 14.3441 35.1415 -1.4065 11.7066
3 16 35.1415 -1.4065 11.7066 35.4971 -1.4279 11.9074 35.9142 -1.8876 14.5956
3 16 35.1415 -1.4065 11.7066 34.7247 -1.0491 9.0647 35.1822 -1.0637 9.3226
3 16 35.1822 -1.0637 9.3226 35.4971 -1.4279 11.9074 35.1415 -1.4065 11.7066
3 16 35.7698 -1.3951 11.8383 35.4971 -1.4279 11.9074 35.1822 -1.0637 9.3226
3 16 35.1822 -1.0637 9.3226 35.4149 -0.8815 8.7999 35.7698 -1.3951 11.8383
4 16 34.3088 -0.5507 4.0019 33.2609 -0.4122 0.6046 33.4442 -0.2131 0.2389 34.4122 -0.3210 3.2850
3 16 32.0604 -0.4620 -2.4394 32.1475 -0.2880 -3.0441 33.4442 -0.2131 0.2389
3 16 33.4442 -0.2131 0.2389 33.2609 -0.4122 0.6046 32.0604 -0.4620 -2.4394
3 16 33.4442 -0.2131 0.2389 32.1475 -0.2880 -3.0441 32.3050 -0.0295 -3.5200
3 16 32.3050 -0.0295 -3.5200 33.6270 0.0536 -0.0269 33.4442 -0.2131 0.2389
3 16 34.4122 -0.3210 3.2850 33.4442 -0.2131 0.2389 33.6270 0.0536 -0.0269
3 16 33.6270 0.0536 -0.0269 34.5853 -0.0847 3.2578 34.4122 -0.3210 3.2850
3 16 30.6748 -0.3468 -6.9659 30.5988 -0.5863 -6.2293 28.8003 -1.0942 -9.1566
3 16 28.8003 -1.0942 -9.1566 28.7633 -0.8848 -10.1629 30.6748 -0.3468 -6.9659
3 16 32.3050 -0.0295 -3.5200 32.1475 -0.2880 -3.0441 30.5988 -0.5863 -6.2293
3 16 30.5988 -0.5863 -6.2293 30.6748 -0.3468 -6.9659 32.3050 -0.0295 -3.5200
3 16 32.1475 -0.2880 -3.0441 32.0604 -0.4620 -2.4394 30.6869 -0.7161 -5.2291
3 16 30.6869 -0.7161 -5.2291 30.5988 -0.5863 -6.2293 32.1475 -0.2880 -3.0441
3 16 30.5988 -0.5863 -6.2293 30.6869 -0.7161 -5.2291 28.8435 -1.2853 -7.8562
3 16 28.8435 -1.2853 -7.8562 28.8003 -1.0942 -9.1566 30.5988 -0.5863 -6.2293
4 16 28.5602 0.5396 -11.5656 30.6479 1.1760 -8.0347 30.7215 0.0769 -7.5602 28.7027 -0.4981 -10.9666
4 16 30.6479 1.1760 -8.0347 32.4071 1.5798 -4.2606 32.4255 0.4096 -3.9102 30.7215 0.0769 -7.5602
3 16 32.4255 0.4096 -3.9102 32.3050 -0.0295 -3.5200 30.6748 -0.3468 -6.9659
3 16 30.6748 -0.3468 -6.9659 30.7215 0.0769 -7.5602 32.4255 0.4096 -3.9102
3 16 30.7215 0.0769 -7.5602 30.6748 -0.3468 -6.9659 28.7633 -0.8848 -10.1629
3 16 28.7633 -0.8848 -10.1629 28.7027 -0.4981 -10.9666 30.7215 0.0769 -7.5602
3 16 33.5273 -0.6473 3.8221 32.8439 -0.5894 1.2485 33.0546 -0.5197 0.9164
3 16 33.0546 -0.5197 0.9164 33.8297 -0.5928 3.5499 33.5273 -0.6473 3.8221
3 16 32.8439 -0.5894 1.2485 31.9076 -0.6565 -1.5602 32.0593 -0.5585 -1.8040
3 16 32.0593 -0.5585 -1.8040 33.0546 -0.5197 0.9164 32.8439 -0.5894 1.2485
3 16 33.0546 -0.5197 0.9164 32.0593 -0.5585 -1.8040 32.0604 -0.4620 -2.4394
3 16 32.0604 -0.4620 -2.4394 33.2609 -0.4122 0.6046 33.0546 -0.5197 0.9164
3 16 33.8297 -0.5928 3.5499 33.0546 -0.5197 0.9164 33.2609 -0.4122 0.6046
3 16 33.2609 -0.4122 0.6046 34.3088 -0.5507 4.0019 33.8297 -0.5928 3.5499
3 16 34.5853 -0.0847 3.2578 33.6270 0.0536 -0.0269 33.7747 0.4907 -0.2249
3 16 33.7747 0.4907 -0.2249 34.7666 0.2939 3.3750 34.5853 -0.0847 3.2578
3 16 33.6270 0.0536 -0.0269 32.3050 -0.0295 -3.5200 32.4255 0.4096 -3.9102
3 16 32.4255 0.4096 -3.9102 33.7747 0.4907 -0.2249 33.6270 0.0536 -0.0269
4 16 33.7747 0.4907 -0.2249 32.4255 0.4096 -3.9102 32.4071 1.5798 -4.2606 33.8063 1.7207 -0.4131
4 16 34.7666 0.2939 3.3750 33.7747 0.4907 -0.2249 33.8063 1.7207 -0.4131 35.0388 1.4105 4.0550
4 16 21.3017 -3.9510 -17.9150 21.0988 -3.6094 -19.1413 22.5794 -2.9097 -17.8963 22.8329 -3.1844 -16.7114
3 16 20.8211 -2.6217 -20.0334 22.2948 -1.9477 -18.7391 22.5794 -2.9097 -17.8963
3 16 22.5794 -2.9097 -17.8963 21.0988 -3.6094 -19.1413 20.8211 -2.6217 -20.0334
3 16 22.2948 -1.9477 -18.7391 24.0847 -1.1710 -17.0059 24.3432 -2.1334 -16.2323
3 16 24.3432 -2.1334 -16.2323 22.5794 -2.9097 -17.8963 22.2948 -1.9477 -18.7391
3 16 22.5794 -2.9097 -17.8963 24.3432 -2.1334 -16.2323 24.5836 -2.4050 -15.1334
3 16 24.5836 -2.4050 -15.1334 22.8329 -3.1844 -16.7114 22.5794 -2.9097 -17.8963
3 16 10.1755 -23.2690 -20.2653 10.2385 -22.1166 -22.5232 12.0340 -18.3876 -22.0666
3 16 12.0340 -18.3876 -22.0666 12.0198 -19.1911 -19.8498 10.1755 -23.2690 -20.2653
3 16 10.1755 -23.2690 -20.2653 8.2918 -27.2618 -20.6065 8.3068 -25.2889 -22.8496
3 16 8.3068 -25.2889 -22.8496 10.2385 -22.1166 -22.5232 10.1755 -23.2690 -20.2653
3 16 8.3068 -25.2889 -22.8496 8.3388 -23.9588 -24.9661 10.2766 -21.0223 -24.6278
3 16 10.2766 -21.0223 -24.6278 10.2385 -22.1166 -22.5232 8.3068 -25.2889 -22.8496
3 16 10.2385 -22.1166 -22.5232 10.2766 -21.0223 -24.6278 12.0253 -17.5931 -24.1227
3 16 12.0253 -17.5931 -24.1227 12.0340 -18.3876 -22.0666 10.2385 -22.1166 -22.5232
4 16 12.0253 -17.5931 -24.1227 13.4784 -14.1961 -23.5598 13.6176 -14.6516 -21.5374 12.0340 -18.3876 -22.0666
3 16 14.4869 -11.4924 -23.1066 14.7602 -11.6805 -21.2328 13.6176 -14.6516 -21.5374
3 16 13.6176 -14.6516 -21.5374 13.4784 -14.1961 -23.5598 14.4869 -11.4924 -23.1066
3 16 13.6176 -14.6516 -21.5374 14.7602 -11.6805 -21.2328 15.4361 -11.5493 -18.6695
3 16 15.4361 -11.5493 -18.6695 13.7857 -15.0818 -19.3071 13.6176 -14.6516 -21.5374
4 16 12.0340 -18.3876 -22.0666 13.6176 -14.6516 -21.5374 13.7857 -15.0818 -19.3071 12.0198 -19.1911 -19.8498
3 16 8.1789 -21.2456 -28.4585 10.0895 -18.8613 -28.0164 10.2494 -19.9322 -26.4581
3 16 10.2494 -19.9322 -26.4581 8.3134 -22.6222 -26.8571 8.1789 -21.2456 -28.4585
3 16 10.0895 -18.8613 -28.0164 11.7590 -16.1078 -27.4428 11.9599 -16.8219 -25.8990
3 16 11.9599 -16.8219 -25.8990 10.2494 -19.9322 -26.4581 10.0895 -18.8613 -28.0164
3 16 11.9599 -16.8219 -25.8990 12.0253 -17.5931 -24.1227 10.2766 -21.0223 -24.6278
3 16 10.2766 -21.0223 -24.6278 10.2494 -19.9322 -26.4581 11.9599 -16.8219 -25.8990
3 16 10.2494 -19.9322 -26.4581 10.2766 -21.0223 -24.6278 8.3388 -23.9588 -24.9661
3 16 8.3388 -23.9588 -24.9661 8.3134 -22.6222 -26.8571 10.2494 -19.9322 -26.4581
3 16 13.4784 -14.1961 -23.5598 13.3098 -13.7589 -25.3092 14.2269 -11.2658 -24.7872
3 16 14.2269 -11.2658 -24.7872 14.4869 -11.4924 -23.1066 13.4784 -14.1961 -23.5598
4 16 13.4784 -14.1961 -23.5598 12.0253 -17.5931 -24.1227 11.9599 -16.8219 -25.8990 13.3098 -13.7589 -25.3092
3 16 11.9599 -16.8219 -25.8990 11.7590 -16.1078 -27.4428 13.0350 -13.3719 -26.8591
3 16 13.0350 -13.3719 -26.8591 13.3098 -13.7589 -25.3092 11.9599 -16.8219 -25.8990
4 16 14.2269 -11.2658 -24.7872 13.3098 -13.7589 -25.3092 13.0350 -13.3719 -26.8591 13.8888 -11.0648 -26.3404
3 16 17.3470 -20.3101 -17.4210 15.5468 -21.5184 -18.1858 15.5275 -20.5318 -18.3683
3 16 15.5275 -20.5318 -18.3683 17.1970 -19.7543 -17.6389 17.3470 -20.3101 -17.4210
3 16 13.6660 -23.3275 -18.8566 13.8205 -21.3796 -19.0540 15.5275 -20.5318 -18.3683
3 16 15.5275 -20.5318 -18.3683 15.5468 -21.5184 -18.1858 13.6660 -23.3275 -18.8566
3 16 13.8205 -21.3796 -19.0540 14.6730 -19.0835 -18.9169 15.9609 -19.0714 -18.3623
3 16 15.9609 -19.0714 -18.3623 15.5275 -20.5318 -18.3683 13.8205 -21.3796 -19.0540
3 16 17.1970 -19.7543 -17.6389 15.5275 -20.5318 -18.3683 15.9609 -19.0714 -18.3623
3 16 15.9609 -19.0714 -18.3623 17.2308 -19.0785 -17.7671 17.1970 -19.7543 -17.6389
3 16 13.7857 -15.0818 -19.3071 14.7257 -15.9087 -19.0078 13.3554 -19.1277 -19.4037
3 16 13.3554 -19.1277 -19.4037 12.0198 -19.1911 -19.8498 13.7857 -15.0818 -19.3071
3 16 15.4361 -11.5493 -18.6695 15.9961 -13.2731 -18.5648 14.7257 -15.9087 -19.0078
3 16 14.7257 -15.9087 -19.0078 13.7857 -15.0818 -19.3071 15.4361 -11.5493 -18.6695
4 16 14.7257 -15.9087 -19.0078 15.9961 -13.2731 -18.5648 17.1471 -14.2212 -18.1249 15.6908 -16.6861 -18.6426
3 16 14.7257 -15.9087 -19.0078 15.6908 -16.6861 -18.6426 14.6730 -19.0835 -18.9169
3 16 14.6730 -19.0835 -18.9169 13.3554 -19.1277 -19.4037 14.7257 -15.9087 -19.0078
3 16 15.4361 -11.5493 -18.6695 16.9614 -9.1163 -17.9683 18.2141 -9.4107 -17.4676
3 16 18.2141 -9.4107 -17.4676 17.2515 -10.8088 -17.9960 15.4361 -11.5493 -18.6695
3 16 16.9614 -9.1163 -17.9683 18.4598 -7.4058 -17.1441 19.4917 -8.1172 -16.7186
3 16 19.4917 -8.1172 -16.7186 18.2141 -9.4107 -17.4676 16.9614 -9.1163 -17.9683
3 16 19.4917 -8.1172 -16.7186 20.4473 -8.8138 -16.3209 19.3874 -9.8041 -16.9712
3 16 19.3874 -9.8041 -16.9712 18.2141 -9.4107 -17.4676 19.4917 -8.1172 -16.7186
3 16 18.2141 -9.4107 -17.4676 19.3874 -9.8041 -16.9712 18.4889 -10.9144 -17.4831
3 16 18.4889 -10.9144 -17.4831 17.2515 -10.8088 -17.9960 18.2141 -9.4107 -17.4676
3 16 19.3874 -9.8041 -16.9712 20.5302 -10.2211 -16.4414 19.7733 -11.0411 -16.8852
3 16 19.7733 -11.0411 -16.8852 18.4889 -10.9144 -17.4831 19.3874 -9.8041 -16.9712
3 16 20.4473 -8.8138 -16.3209 21.3222 -9.4841 -15.9271 20.5302 -10.2211 -16.4414
3 16 20.5302 -10.2211 -16.4414 19.3874 -9.8041 -16.9712 20.4473 -8.8138 -16.3209
3 16 20.5302 -10.2211 -16.4414 21.3222 -9.4841 -15.9271 22.4126 -10.3451 -15.3060
3 16 22.4126 -10.3451 -15.3060 21.6920 -10.6510 -15.8642 20.5302 -10.2211 -16.4414
3 16 19.7733 -11.0411 -16.8852 20.5302 -10.2211 -16.4414 21.6920 -10.6510 -15.8642
3 16 21.6920 -10.6510 -15.8642 21.1295 -11.0877 -16.2201 19.7733 -11.0411 -16.8852
3 16 19.7733 -11.0411 -16.8852 19.1695 -12.0399 -17.2206 17.8007 -12.2221 -17.8497
3 16 17.8007 -12.2221 -17.8497 18.4889 -10.9144 -17.4831 19.7733 -11.0411 -16.8852
3 16 21.1295 -11.0877 -16.2201 20.7026 -11.6716 -16.4823 19.1695 -12.0399 -17.2206
3 16 19.1695 -12.0399 -17.2206 19.7733 -11.0411 -16.8852 21.1295 -11.0877 -16.2201
3 16 20.7026 -11.6716 -16.4823 20.3980 -12.3402 -16.6422 18.8775 -12.9819 -17.3645
3 16 18.8775 -12.9819 -17.3645 19.1695 -12.0399 -17.2206 20.7026 -11.6716 -16.4823
3 16 19.1695 -12.0399 -17.2206 18.8775 -12.9819 -17.3645 17.1471 -14.2212 -18.1249
3 16 17.1471 -14.2212 -18.1249 17.8007 -12.2221 -17.8497 19.1695 -12.0399 -17.2206
4 16 17.1471 -14.2212 -18.1249 18.8775 -12.9819 -17.3645 19.1098 -13.4000 -17.2206 18.5669 -14.1620 -17.4331
3 16 20.2250 -13.0096 -16.6686 19.1098 -13.4000 -17.2206 18.8775 -12.9819 -17.3645
3 16 18.8775 -12.9819 -17.3645 20.3980 -12.3402 -16.6422 20.2250 -13.0096 -16.6686
3 16 18.5669 -14.1620 -17.4331 19.1098 -13.4000 -17.2206 20.2250 -13.0096 -16.6686
3 16 20.2250 -13.0096 -16.6686 20.2748 -13.5887 -16.5558 18.5669 -14.1620 -17.4331
3 16 17.3639 -16.1884 -17.9255 18.2096 -15.2641 -17.5460 18.9069 -15.6035 -17.1547
3 16 18.9069 -15.6035 -17.1547 17.9288 -17.9001 -17.5434 17.3639 -16.1884 -17.9255
3 16 18.5669 -14.1620 -17.4331 18.2096 -15.2641 -17.5460 17.3639 -16.1884 -17.9255
3 16 17.3639 -16.1884 -17.9255 17.1471 -14.2212 -18.1249 18.5669 -14.1620 -17.4331
4 16 20.2748 -13.5887 -16.5558 18.9069 -15.6035 -17.1547 18.2096 -15.2641 -17.5460 18.5669 -14.1620 -17.4331
4 16 18.4889 -10.9144 -17.4831 17.8007 -12.2221 -17.8497 16.9205 -11.9876 -18.2048 17.2515 -10.8088 -17.9960
3 16 15.9961 -13.2731 -18.5648 16.9205 -11.9876 -18.2048 17.8007 -12.2221 -17.8497
3 16 17.8007 -12.2221 -17.8497 17.1471 -14.2212 -18.1249 15.9961 -13.2731 -18.5648
3 16 17.2515 -10.8088 -17.9960 16.9205 -11.9876 -18.2048 15.9961 -13.2731 -18.5648
3 16 15.9961 -13.2731 -18.5648 15.4361 -11.5493 -18.6695 17.2515 -10.8088 -17.9960
3 16 3.9470 -30.5751 -21.0279 2.6919 -30.6551 -21.2665 2.0880 -30.4495 -21.4971
3 16 2.0880 -30.4495 -21.4971 4.1678 -29.8408 -21.2679 3.9470 -30.5751 -21.0279
3 16 3.6931 -31.0335 -20.8372 1.9435 -30.8804 -21.2492 2.6919 -30.6551 -21.2665
3 16 2.6919 -30.6551 -21.2665 3.9470 -30.5751 -21.0279 3.6931 -31.0335 -20.8372
3 16 2.0880 -30.4495 -21.4971 2.6919 -30.6551 -21.2665 1.9435 -30.8804 -21.2492
3 16 1.9435 -30.8804 -21.2492 0.0000 -30.7441 -21.6793 2.0880 -30.4495 -21.4971
3 16 17.6905 -20.6513 -17.1639 16.2030 -21.6038 -17.8132 15.5468 -21.5184 -18.1858
3 16 15.5468 -21.5184 -18.1858 17.3470 -20.3101 -17.4210 17.6905 -20.6513 -17.1639
4 16 18.2359 -20.8883 -16.8264 15.9408 -22.3321 -17.8245 16.2030 -21.6038 -17.8132 17.6905 -20.6513 -17.1639
4 16 13.6660 -23.3275 -18.8566 15.5468 -21.5184 -18.1858 16.2030 -21.6038 -17.8132 15.9408 -22.3321 -17.8245
4 16 18.2359 -20.8883 -16.8264 19.0226 -21.1603 -16.3143 18.5416 -22.4196 -16.3211 17.5448 -22.8692 -16.8061
3 16 19.2492 -23.1728 -15.6275 18.5416 -22.4196 -16.3211 19.0226 -21.1603 -16.3143
3 16 19.0226 -21.1603 -16.3143 20.2148 -21.5161 -15.4156 19.2492 -23.1728 -15.6275
3 16 17.5448 -22.8692 -16.8061 18.5416 -22.4196 -16.3211 19.2492 -23.1728 -15.6275
3 16 19.2492 -23.1728 -15.6275 17.4337 -25.2881 -16.2302 17.5448 -22.8692 -16.8061
3 16 15.2460 -24.1045 -17.8524 16.2026 -23.1517 -17.5152 17.5448 -22.8692 -16.8061
3 16 17.5448 -22.8692 -16.8061 17.4337 -25.2881 -16.2302 15.2460 -24.1045 -17.8524
4 16 13.6660 -23.3275 -18.8566 15.9408 -22.3321 -17.8245 16.2026 -23.1517 -17.5152 15.2460 -24.1045 -17.8524
4 16 18.2359 -20.8883 -16.8264 17.5448 -22.8692 -16.8061 16.2026 -23.1517 -17.5152 15.9408 -22.3321 -17.8245
3 16 10.2712 -26.3553 -19.9507 11.2367 -25.3656 -19.6911 12.6990 -24.8389 -19.1009
3 16 12.6990 -24.8389 -19.1009 12.4331 -25.6312 -19.0788 10.2712 -26.3553 -19.9507
4 16 8.2918 -27.2618 -20.6065 11.1887 -24.5893 -19.7865 11.2367 -25.3656 -19.6911 10.2712 -26.3553 -19.9507
3 16 12.6990 -24.8389 -19.1009 11.2367 -25.3656 -19.6911 11.1887 -24.5893 -19.7865
3 16 11.1887 -24.5893 -19.7865 13.6660 -23.3275 -18.8566 12.6990 -24.8389 -19.1009
3 16 17.4337 -25.2881 -16.2302 14.8849 -25.2505 -17.8256 14.2363 -24.7110 -18.3090
3 16 14.2363 -24.7110 -18.3090 15.2460 -24.1045 -17.8524 17.4337 -25.2881 -16.2302
3 16 12.6990 -24.8389 -19.1009 14.2363 -24.7110 -18.3090 14.8849 -25.2505 -17.8256
3 16 14.8849 -25.2505 -17.8256 12.4331 -25.6312 -19.0788 12.6990 -24.8389 -19.1009
3 16 15.2460 -24.1045 -17.8524 14.2363 -24.7110 -18.3090 12.6990 -24.8389 -19.1009
3 16 12.6990 -24.8389 -19.1009 13.6660 -23.3275 -18.8566 15.2460 -24.1045 -17.8524
4 16 5.8662 -65.8121 15.0345 3.9479 -66.0616 15.4018 4.2186 -65.7974 7.0152 6.1630 -65.5316 6.8603
4 16 3.9479 -66.0616 15.4018 2.3408 -66.1547 15.4357 2.4983 -65.9115 7.0183 4.2186 -65.7974 7.0152
4 16 4.2186 -65.7974 7.0152 2.4983 -65.9115 7.0183 2.6558 -65.6684 -1.3991 4.4893 -65.5333 -1.3714
4 16 6.1630 -65.5316 6.8603 4.2186 -65.7974 7.0152 4.4893 -65.5333 -1.3714 6.4599 -65.2512 -1.3138
3 16 4.8168 -66.5900 32.3149 3.3496 -66.6170 32.2914 3.6677 -66.3303 23.8077
3 16 3.6677 -66.3303 23.8077 5.5313 -66.1106 23.2863 4.8168 -66.5900 32.3149
3 16 2.0258 -66.6414 32.2702 2.1833 -66.3980 23.8529 3.6677 -66.3303 23.8077
3 16 3.6677 -66.3303 23.8077 3.3496 -66.6170 32.2914 2.0258 -66.6414 32.2702
4 16 3.6677 -66.3303 23.8077 2.1833 -66.3980 23.8529 2.3408 -66.1547 15.4357 3.9479 -66.0616 15.4018
4 16 5.5313 -66.1106 23.2863 3.6677 -66.3303 23.8077 3.9479 -66.0616 15.4018 5.8662 -65.8121 15.0345
3 16 7.9867 -65.3323 14.0856 8.1348 -65.0629 6.4334 9.9883 -64.4072 5.7991
3 16 9.9883 -64.4072 5.7991 10.0591 -64.6475 12.6935 7.9867 -65.3323 14.0856
3 16 5.8662 -65.8121 15.0345 6.1630 -65.5316 6.8603 8.1348 -65.0629 6.4334
3 16 8.1348 -65.0629 6.4334 7.9867 -65.3323 14.0856 5.8662 -65.8121 15.0345
3 16 6.1630 -65.5316 6.8603 6.4599 -65.2512 -1.3138 8.2829 -64.7936 -1.2189
3 16 8.2829 -64.7936 -1.2189 8.1348 -65.0629 6.4334 6.1630 -65.5316 6.8603
3 16 8.1348 -65.0629 6.4334 8.2829 -64.7936 -1.2189 9.9175 -64.1670 -1.0953
3 16 9.9175 -64.1670 -1.0953 9.9883 -64.4072 5.7991 8.1348 -65.0629 6.4334
3 16 29.5918 -51.6973 14.9522 30.9335 -49.7460 16.2190 31.3043 -50.6844 20.5098
3 16 31.3043 -50.6844 20.5098 29.8300 -52.8903 19.5526 29.5918 -51.6973 14.9522
3 16 29.3907 -50.1475 10.6132 30.5990 -48.4556 12.1261 30.9335 -49.7460 16.2190
3 16 30.9335 -49.7460 16.2190 29.5918 -51.6973 14.9522 29.3907 -50.1475 10.6132
3 16 30.5990 -48.4556 12.1261 31.8136 -46.2557 13.6549 32.2285 -47.2930 17.3979
3 16 32.2285 -47.2930 17.3979 30.9335 -49.7460 16.2190 30.5990 -48.4556 12.1261
3 16 30.9335 -49.7460 16.2190 32.2285 -47.2930 17.3979 32.6794 -47.9924 21.2765
3 16 32.6794 -47.9924 21.2765 31.3043 -50.6844 20.5098 30.9335 -49.7460 16.2190
4 16 34.9193 -40.6262 21.7690 33.8985 -44.5484 21.7079 33.4527 -44.0795 18.4049 34.5162 -40.4884 19.1637
4 16 33.8985 -44.5484 21.7079 32.6794 -47.9924 21.2765 32.2285 -47.2930 17.3979 33.4527 -44.0795 18.4049
4 16 33.4527 -44.0795 18.4049 32.2285 -47.2930 17.3979 31.8136 -46.2557 13.6549 33.0521 -43.2523 15.1931
4 16 34.5162 -40.4884 19.1637 33.4527 -44.0795 18.4049 33.0521 -43.2523 15.1931 34.2233 -39.6709 16.6444
4 16 30.7277 -54.5389 33.5462 30.5168 -54.2409 30.3461 32.2570 -51.6673 30.7729 32.5409 -51.8704 33.7911
4 16 30.5168 -54.2409 30.3461 30.2989 -53.9358 27.0590 31.9630 -51.4577 27.6520 32.2570 -51.6673 30.7729
4 16 32.2570 -51.6673 30.7729 31.9630 -51.4577 27.6520 33.4685 -48.4659 27.9261 33.8176 -48.5616 30.8550
4 16 32.5409 -51.8704 33.7911 32.2570 -51.6673 30.7729 33.8176 -48.5616 30.8550 34.1540 -48.6544 33.6791
3 16 26.5288 -57.7170 21.5891 24.2789 -59.3177 20.1121 24.5376 -58.2278 15.4094
3 16 24.5376 -58.2278 15.4094 26.5687 -56.7407 17.1794 26.5288 -57.7170 21.5891
3 16 26.4612 -58.3249 25.4825 23.8837 -60.1057 24.3997 24.2789 -59.3177 20.1121
3 16 24.2789 -59.3177 20.1121 26.5288 -57.7170 21.5891 26.4612 -58.3249 25.4825
4 16 24.2789 -59.3177 20.1121 23.8837 -60.1057 24.3997 20.8361 -61.4857 22.9708 21.5506 -60.5145 18.3489
3 16 24.2789 -59.3177 20.1121 21.5506 -60.5145 18.3489 21.9972 -59.3257 13.4145
3 16 21.9972 -59.3257 13.4145 24.5376 -58.2278 15.4094 24.2789 -59.3177 20.1121
4 16 34.9193 -40.6262 21.7690 35.3260 -40.6111 24.4734 34.3244 -44.7083 24.8232 33.8985 -44.5484 21.7079
4 16 35.3260 -40.6111 24.4734 35.6808 -40.6808 27.0945 34.7154 -44.7175 27.7045 34.3244 -44.7083 24.8232
4 16 34.3244 -44.7083 24.8232 34.7154 -44.7175 27.7045 33.4685 -48.4659 27.9261 33.0937 -48.3317 24.7804
4 16 33.8985 -44.5484 21.7079 34.3244 -44.7083 24.8232 33.0937 -48.3317 24.7804 32.6794 -47.9924 21.2765
3 16 15.7169 -57.3954 -0.2338 19.2935 -56.7531 1.9454 19.0869 -58.4968 6.4084
3 16 19.0869 -58.4968 6.4084 15.5775 -58.9983 4.6291 15.7169 -57.3954 -0.2338
3 16 22.3521 -55.9461 3.6681 22.2074 -57.7650 8.2448 19.0869 -58.4968 6.4084
3 16 19.0869 -58.4968 6.4084 19.2935 -56.7531 1.9454 22.3521 -55.9461 3.6681
4 16 19.0869 -58.4968 6.4084 22.2074 -57.7650 8.2448 21.9972 -59.3257 13.4145 18.8350 -60.0336 11.4498
4 16 15.5775 -58.9983 4.6291 19.0869 -58.4968 6.4084 18.8350 -60.0336 11.4498 15.3148 -60.5248 9.5302
3 16 24.5376 -58.2278 15.4094 24.6719 -56.6215 10.2217 26.5978 -55.1510 12.0976
3 16 26.5978 -55.1510 12.0976 26.5687 -56.7407 17.1794 24.5376 -58.2278 15.4094
3 16 21.9972 -59.3257 13.4145 22.2074 -57.7650 8.2448 24.6719 -56.6215 10.2217
3 16 24.6719 -56.6215 10.2217 24.5376 -58.2278 15.4094 21.9972 -59.3257 13.4145
3 16 22.2074 -57.7650 8.2448 22.3521 -55.9461 3.6681 24.7737 -54.7063 5.5413
3 16 24.7737 -54.7063 5.5413 24.6719 -56.6215 10.2217 22.2074 -57.7650 8.2448
3 16 24.6719 -56.6215 10.2217 24.7737 -54.7063 5.5413 26.6407 -53.2151 7.4124
3 16 26.6407 -53.2151 7.4124 26.5978 -55.1510 12.0976 24.6719 -56.6215 10.2217
3 16 35.8727 1.7731 7.8780 35.9657 0.4780 8.6584 35.6537 0.2088 7.3929
3 16 35.6537 0.2088 7.3929 35.0388 1.4105 4.0550 35.8727 1.7731 7.8780
3 16 36.5146 1.1980 11.9081 36.2509 0.0593 10.8097 35.9657 0.4780 8.6584
3 16 35.9657 0.4780 8.6584 35.8727 1.7731 7.8780 36.5146 1.1980 11.9081
3 16 35.6537 0.2088 7.3929 35.9657 0.4780 8.6584 36.2509 0.0593 10.8097
3 16 36.2509 0.0593 10.8097 35.9916 -0.3276 10.0940 35.6537 0.2088 7.3929
3 16 36.5953 12.3171 14.6931 36.0178 12.1259 11.7200 34.9791 13.7583 9.9832
3 16 34.9791 13.7583 9.9832 35.4250 13.5973 12.1154 36.5953 12.3171 14.6931
3 16 37.2648 9.2898 17.2446 36.7134 9.1501 13.7215 36.0178 12.1259 11.7200
3 16 36.0178 12.1259 11.7200 36.5953 12.3171 14.6931 37.2648 9.2898 17.2446
3 16 36.0178 12.1259 11.7200 36.7134 9.1501 13.7215 36.0677 8.8917 10.1065
3 16 36.0677 8.8917 10.1065 35.3018 11.7878 8.5949 36.0178 12.1259 11.7200
3 16 34.9791 13.7583 9.9832 36.0178 12.1259 11.7200 35.3018 11.7878 8.5949
3 16 35.3018 11.7878 8.5949 34.2145 13.5327 7.3223 34.9791 13.7583 9.9832
3 16 36.5146 1.1980 11.9081 36.9976 1.0011 15.6185 36.7988 -0.8216 15.5669
3 16 36.7988 -0.8216 15.5669 36.5082 -0.7107 13.8056 36.5146 1.1980 11.9081
4 16 37.4673 -1.2998 19.4757 36.7993 -2.8262 16.7802 36.7988 -0.8216 15.5669 36.9976 1.0011 15.6185
3 16 36.4064 -1.9202 14.8389 36.5082 -0.7107 13.8056 36.7988 -0.8216 15.5669
3 16 36.7988 -0.8216 15.5669 36.7993 -2.8262 16.7802 36.4064 -1.9202 14.8389
4 16 16.3979 11.1955 -12.5497 14.4875 10.6931 -15.5953 11.9390 10.9309 -14.5305 13.9412 11.4236 -11.3371
3 16 12.7702 10.1915 -18.4589 10.3249 10.4227 -17.7618 11.9390 10.9309 -14.5305
3 16 11.9390 10.9309 -14.5305 14.4875 10.6931 -15.5953 12.7702 10.1915 -18.4589
4 16 11.9390 10.9309 -14.5305 10.3249 10.4227 -17.7618 7.3068 10.5398 -17.3455 8.6627 11.1056 -13.7656
4 16 13.9412 11.4236 -11.3371 11.9390 10.9309 -14.5305 8.6627 11.1056 -13.7656 10.7122 11.8769 -9.0083
4 16 7.3068 10.5398 -17.3455 3.7884 10.5612 -17.3287 4.5323 11.1668 -13.7029 8.6627 11.1056 -13.7656
4 16 3.7884 10.5612 -17.3287 0.0000 10.5514 -17.4127 0.0000 11.1772 -13.7941 4.5323 11.1668 -13.7029
4 16 4.5323 11.1668 -13.7029 0.0000 11.1772 -13.7941 0.0000 11.8909 -9.8513 5.4024 11.8672 -9.6803
4 16 8.6627 11.1056 -13.7656 4.5323 11.1668 -13.7029 5.4024 11.8672 -9.6803 10.7122 11.8769 -9.0083
3 16 18.8350 -60.0336 11.4498 18.3151 -61.3206 16.4294 14.7946 -61.9111 14.4377
3 16 14.7946 -61.9111 14.4377 15.3148 -60.5248 9.5302 18.8350 -60.0336 11.4498
3 16 21.9972 -59.3257 13.4145 21.5506 -60.5145 18.3489 18.3151 -61.3206 16.4294
3 16 18.3151 -61.3206 16.4294 18.8350 -60.0336 11.4498 21.9972 -59.3257 13.4145
3 16 21.5506 -60.5145 18.3489 20.8361 -61.4857 22.9708 17.4307 -62.4350 21.1251
3 16 17.4307 -62.4350 21.1251 18.3151 -61.3206 16.4294 21.5506 -60.5145 18.3489
3 16 18.3151 -61.3206 16.4294 17.4307 -62.4350 21.1251 13.8388 -63.1416 19.0401
3 16 13.8388 -63.1416 19.0401 14.7946 -61.9111 14.4377 18.3151 -61.3206 16.4294
3 16 15.4361 -11.5493 -18.6695 14.7602 -11.6805 -21.2328 15.2035 -10.2144 -21.4807
3 16 15.2035 -10.2144 -21.4807 15.7564 -9.5003 -20.5929 15.4361 -11.5493 -18.6695
3 16 15.0076 -9.9102 -22.8304 15.2035 -10.2144 -21.4807 14.7602 -11.6805 -21.2328
3 16 14.7602 -11.6805 -21.2328 14.4869 -11.4924 -23.1066 15.0076 -9.9102 -22.8304
3 16 15.5110 -8.6474 -22.4982 15.7564 -9.5003 -20.5929 15.2035 -10.2144 -21.4807
3 16 15.2035 -10.2144 -21.4807 15.0076 -9.9102 -22.8304 15.5110 -8.6474 -22.4982
4 16 20.5783 12.4278 -5.2364 18.3499 11.6845 -9.6239 16.1040 11.7294 -9.3340 15.8237 12.0343 -7.6005
3 16 13.9412 11.4236 -11.3371 16.1040 11.7294 -9.3340 18.3499 11.6845 -9.6239
3 16 18.3499 11.6845 -9.6239 16.3979 11.1955 -12.5497 13.9412 11.4236 -11.3371
4 16 10.7122 11.8769 -9.0083 15.8237 12.0343 -7.6005 16.1040 11.7294 -9.3340 13.9412 11.4236 -11.3371
3 16 23.7896 12.6384 -5.0201 23.2717 12.3300 -6.9010 21.8752 12.0011 -8.4081
3 16 21.8752 12.0011 -8.4081 20.5783 12.4278 -5.2364 23.7896 12.6384 -5.0201
3 16 24.4733 12.1857 -7.5061 23.2717 12.3300 -6.9010 23.7896 12.6384 -5.0201
3 16 23.7896 12.6384 -5.0201 25.7001 12.6734 -4.8901 24.4733 12.1857 -7.5061
4 16 23.1150 11.6613 -10.0257 21.8752 12.0011 -8.4081 23.2717 12.3300 -6.9010 24.4733 12.1857 -7.5061
3 16 6.1827 -22.9702 -28.6737 5.9755 -21.3798 -29.9928 7.9064 -19.8714 -29.7529
3 16 7.9064 -19.8714 -29.7529 8.1789 -21.2456 -28.4585 6.1827 -22.9702 -28.6737
4 16 6.1827 -22.9702 -28.6737 4.1444 -24.1059 -28.7195 4.0037 -22.4117 -30.0961 5.9755 -21.3798 -29.9928
4 16 5.9755 -21.3798 -29.9928 4.0037 -22.4117 -30.0961 3.8156 -20.7172 -31.2639 5.7056 -19.7887 -31.1070
3 16 5.9755 -21.3798 -29.9928 5.7056 -19.7887 -31.1070 7.5541 -18.5031 -30.8750
3 16 7.5541 -18.5031 -30.8750 7.9064 -19.8714 -29.7529 5.9755 -21.3798 -29.9928
3 16 8.1789 -21.2456 -28.4585 7.9064 -19.8714 -29.7529 9.7526 -17.8388 -29.3498
3 16 9.7526 -17.8388 -29.3498 10.0895 -18.8613 -28.0164 8.1789 -21.2456 -28.4585
3 16 7.9064 -19.8714 -29.7529 7.5541 -18.5031 -30.8750 9.3125 -16.8464 -30.5634
3 16 9.3125 -16.8464 -30.5634 9.7526 -17.8388 -29.3498 7.9064 -19.8714 -29.7529
3 16 9.7526 -17.8388 -29.3498 9.3125 -16.8464 -30.5634 10.8619 -14.8909 -30.1661
3 16 10.8619 -14.8909 -30.1661 11.3668 -15.4753 -28.8403 9.7526 -17.8388 -29.3498
3 16 10.0895 -18.8613 -28.0164 9.7526 -17.8388 -29.3498 11.3668 -15.4753 -28.8403
3 16 11.3668 -15.4753 -28.8403 11.7590 -16.1078 -27.4428 10.0895 -18.8613 -28.0164
3 16 13.0350 -13.3719 -26.8591 12.6059 -13.0489 -28.3018 13.4480 -10.8853 -27.8097
3 16 13.4480 -10.8853 -27.8097 13.8888 -11.0648 -26.3404 13.0350 -13.3719 -26.8591
3 16 13.0350 -13.3719 -26.8591 11.7590 -16.1078 -27.4428 11.3668 -15.4753 -28.8403
3 16 11.3668 -15.4753 -28.8403 12.6059 -13.0489 -28.3018 13.0350 -13.3719 -26.8591
3 16 12.6059 -13.0489 -28.3018 11.3668 -15.4753 -28.8403 10.8619 -14.8909 -30.1661
3 16 10.8619 -14.8909 -30.1661 12.0857 -12.7631 -29.6952 12.6059 -13.0489 -28.3018
3 16 13.4480 -10.8853 -27.8097 12.6059 -13.0489 -28.3018 12.0857 -12.7631 -29.6952
3 16 12.0857 -12.7631 -29.6952 12.9475 -10.7174 -29.2373 13.4480 -10.8853 -27.8097
3 16 13.4559 -8.9826 -28.8766 13.9244 -9.2334 -27.4234 13.4480 -10.8853 -27.8097
3 16 13.4480 -10.8853 -27.8097 12.9475 -10.7174 -29.2373 13.4559 -8.9826 -28.8766
4 16 13.4559 -8.9826 -28.8766 13.7195 -7.5573 -28.6141 14.1573 -7.9772 -27.1402 13.9244 -9.2334 -27.4234
4 16 13.9244 -9.2334 -27.4234 14.1573 -7.9772 -27.1402 14.5488 -8.3809 -25.6914 14.3490 -9.4757 -25.9425
4 16 13.4480 -10.8853 -27.8097 13.9244 -9.2334 -27.4234 14.3490 -9.4757 -25.9425 13.8888 -11.0648 -26.3404
3 16 13.0264 3.5146 -24.5753 13.7575 1.3832 -24.8608 13.2121 0.5794 -25.9303
3 16 13.2121 0.5794 -25.9303 12.4891 2.6125 -25.5644 13.0264 3.5146 -24.5753
3 16 13.7575 1.3832 -24.8608 14.3479 -1.0492 -25.0977 13.7464 -1.6210 -26.2743
3 16 13.7464 -1.6210 -26.2743 13.2121 0.5794 -25.9303 13.7575 1.3832 -24.8608
3 16 13.2121 0.5794 -25.9303 13.7464 -1.6210 -26.2743 13.4660 -1.9771 -27.5047
3 16 13.4660 -1.9771 -27.5047 12.9755 -0.0791 -27.0578 13.2121 0.5794 -25.9303
3 16 12.4891 2.6125 -25.5644 13.2121 0.5794 -25.9303 12.9755 -0.0791 -27.0578
3 16 12.9755 -0.0791 -27.0578 12.2491 1.8066 -26.6181 12.4891 2.6125 -25.5644
3 16 2.0569 9.3980 -23.8823 1.8852 9.1000 -24.4476 0.0000 9.1204 -24.4734
3 16 0.0000 9.1204 -24.4734 0.0000 9.3933 -23.9284 2.0569 9.3980 -23.8823
3 16 4.0685 9.3122 -23.7984 3.7448 8.9537 -24.4164 1.8852 9.1000 -24.4476
3 16 1.8852 9.1000 -24.4476 2.0569 9.3980 -23.8823 4.0685 9.3122 -23.7984
3 16 3.7448 8.9537 -24.4164 3.5355 8.5221 -25.1367 1.7644 8.7361 -25.1116
3 16 1.7644 8.7361 -25.1116 1.8852 9.1000 -24.4476 3.7448 8.9537 -24.4164
3 16 1.8852 9.1000 -24.4476 1.7644 8.7361 -25.1116 0.0000 8.7879 -25.1120
3 16 0.0000 8.7879 -25.1120 0.0000 9.1204 -24.4734 1.8852 9.1000 -24.4476
4 16 0.0000 -48.4762 -14.1982 2.3826 -48.4854 -14.2267 2.2993 -51.4823 -11.0477 0.0000 -51.4826 -11.0146
4 16 2.3826 -48.4854 -14.2267 4.7268 -48.5100 -14.2125 4.5605 -51.4864 -11.0547 2.2993 -51.4823 -11.0477
4 16 2.2993 -51.4823 -11.0477 4.5605 -51.4864 -11.0547 4.3272 -53.8951 -7.6430 2.1830 -53.8967 -7.6353
4 16 0.0000 -51.4826 -11.0146 2.2993 -51.4823 -11.0477 2.1830 -53.8967 -7.6353 0.0000 -53.8983 -7.6125
3 16 6.4102 -53.8916 -7.5662 6.7507 -51.4946 -10.9304 8.8563 -51.4748 -10.7031
3 16 8.8563 -51.4748 -10.7031 8.4758 -53.8568 -7.4219 6.4102 -53.8916 -7.5662
4 16 6.4102 -53.8916 -7.5662 4.3272 -53.8951 -7.6430 4.5605 -51.4864 -11.0547 6.7507 -51.4946 -10.9304
4 16 6.7507 -51.4946 -10.9304 4.5605 -51.4864 -11.0547 4.7268 -48.5100 -14.2125 6.9948 -48.5411 -14.0428
4 16 8.8563 -51.4748 -10.7031 6.7507 -51.4946 -10.9304 6.9948 -48.5411 -14.0428 9.1531 -48.5516 -13.7497
3 16 5.5282 -57.3974 -0.2360 5.9904 -55.7823 -3.9658 8.0478 -55.7577 -3.8968
3 16 8.0478 -55.7577 -3.8968 7.5976 -57.3978 -0.2350 5.5282 -57.3974 -0.2360
4 16 5.5282 -57.3974 -0.2360 3.7153 -57.3921 -0.2482 4.0366 -55.7850 -4.0065 5.9904 -55.7823 -3.9658
4 16 5.9904 -55.7823 -3.9658 4.0366 -55.7850 -4.0065 4.3272 -53.8951 -7.6430 6.4102 -53.8916 -7.5662
3 16 5.9904 -55.7823 -3.9658 6.4102 -53.8916 -7.5662 8.4758 -53.8568 -7.4219
3 16 8.4758 -53.8568 -7.4219 8.0478 -55.7577 -3.8968 5.9904 -55.7823 -3.9658
3 16 14.7860 -53.4932 -6.3082 15.0360 -51.1966 -9.1103 17.4602 -50.9984 -7.8956
3 16 17.4602 -50.9984 -7.8956 17.1884 -53.2485 -5.3255 14.7860 -53.4932 -6.3082
3 16 14.7860 -53.4932 -6.3082 12.6642 -53.6413 -6.8916 12.9083 -51.3018 -9.9135
3 16 12.9083 -51.3018 -9.9135 15.0360 -51.1966 -9.1103 14.7860 -53.4932 -6.3082
3 16 12.9083 -51.3018 -9.9135 13.2042 -48.4865 -12.7565 15.3134 -48.4621 -11.7868
3 16 15.3134 -48.4621 -11.7868 15.0360 -51.1966 -9.1103 12.9083 -51.3018 -9.9135
3 16 15.0360 -51.1966 -9.1103 15.3134 -48.4621 -11.7868 17.7015 -48.3592 -10.3960
3 16 17.7015 -48.3592 -10.3960 17.4602 -50.9984 -7.8956 15.0360 -51.1966 -9.1103
3 16 7.8117 8.4226 -23.7829 8.7602 8.8825 -23.1038 10.5054 8.1754 -23.1995
3 16 10.5054 8.1754 -23.1995 9.4901 7.5487 -23.9165 7.8117 8.4226 -23.7829
3 16 8.7602 8.8825 -23.1038 9.9812 9.3042 -22.1817 11.7842 8.7651 -22.3369
3 16 11.7842 8.7651 -22.3369 10.5054 8.1754 -23.1995 8.7602 8.8825 -23.1038
3 16 10.5054 8.1754 -23.1995 11.7842 8.7651 -22.3369 13.2352 8.0193 -22.5360
3 16 13.2352 8.0193 -22.5360 11.9658 7.2529 -23.3605 10.5054 8.1754 -23.1995
3 16 9.4901 7.5487 -23.9165 10.5054 8.1754 -23.1995 11.9658 7.2529 -23.3605
3 16 11.9658 7.2529 -23.3605 10.9460 6.4489 -24.1116 9.4901 7.5487 -23.9165
4 16 27.7249 5.1646 -12.2735 25.4413 4.3371 -15.2750 24.7159 6.8901 -15.3563 26.8538 7.6690 -12.5057
4 16 25.4413 4.3371 -15.2750 23.2379 3.5582 -17.6551 22.6013 6.1699 -17.6454 24.7159 6.8901 -15.3563
3 16 24.7159 6.8901 -15.3563 22.6013 6.1699 -17.6454 21.8408 8.2970 -17.3410
3 16 21.8408 8.2970 -17.3410 23.8099 8.9741 -15.0530 24.7159 6.8901 -15.3563
3 16 26.8538 7.6690 -12.5057 24.7159 6.8901 -15.3563 23.8099 8.9741 -15.0530
3 16 23.8099 8.9741 -15.0530 25.7233 9.6915 -12.3108 26.8538 7.6690 -12.5057
4 16 28.5602 0.5396 -11.5656 26.2663 -0.2934 -14.6015 25.9439 1.7349 -15.0329 28.2685 2.5824 -11.9686
4 16 26.2663 -0.2934 -14.6015 24.0847 -1.1710 -17.0059 23.7278 0.8907 -17.4580 25.9439 1.7349 -15.0329
4 16 25.9439 1.7349 -15.0329 23.7278 0.8907 -17.4580 23.2379 3.5582 -17.6551 25.4413 4.3371 -15.2750
4 16 28.2685 2.5824 -11.9686 25.9439 1.7349 -15.0329 25.4413 4.3371 -15.2750 27.7249 5.1646 -12.2735
3 16 16.0724 9.2689 -19.9128 14.5565 8.6756 -21.4269 13.1273 9.3049 -21.0586
3 16 13.1273 9.3049 -21.0586 14.6425 9.8281 -19.2275 16.0724 9.2689 -19.9128
3 16 14.5565 8.6756 -21.4269 13.2352 8.0193 -22.5360 11.7842 8.7651 -22.3369
3 16 11.7842 8.7651 -22.3369 13.1273 9.3049 -21.0586 14.5565 8.6756 -21.4269
3 16 13.1273 9.3049 -21.0586 11.7842 8.7651 -22.3369 9.9812 9.3042 -22.1817
3 16 9.9812 9.3042 -22.1817 11.2972 9.7317 -20.6710 13.1273 9.3049 -21.0586
3 16 14.6425 9.8281 -19.2275 13.1273 9.3049 -21.0586 11.2972 9.7317 -20.6710
3 16 11.2972 9.7317 -20.6710 12.7702 10.1915 -18.4589 14.6425 9.8281 -19.2275
4 16 8.2918 -27.2618 -20.6065 10.1755 -23.2690 -20.2653 12.0358 -22.2471 -19.6813 11.1887 -24.5893 -19.7865
4 16 10.1755 -23.2690 -20.2653 12.0198 -19.1911 -19.8498 13.3554 -19.1277 -19.4037 12.0358 -22.2471 -19.6813
3 16 13.3554 -19.1277 -19.4037 14.6730 -19.0835 -18.9169 13.8205 -21.3796 -19.0540
3 16 13.8205 -21.3796 -19.0540 12.0358 -22.2471 -19.6813 13.3554 -19.1277 -19.4037
3 16 12.0358 -22.2471 -19.6813 13.8205 -21.3796 -19.0540 13.6660 -23.3275 -18.8566
3 16 13.6660 -23.3275 -18.8566 11.1887 -24.5893 -19.7865 12.0358 -22.2471 -19.6813
3 16 18.1831 6.9964 -20.6709 16.7041 6.3405 -21.8435 15.7193 7.7669 -21.6897
3 16 15.7193 7.7669 -21.6897 17.2139 8.4058 -20.3989 18.1831 6.9964 -20.6709
3 16 15.3599 5.5531 -22.8125 14.4040 7.0252 -22.6892 15.7193 7.7669 -21.6897
3 16 15.7193 7.7669 -21.6897 16.7041 6.3405 -21.8435 15.3599 5.5531 -22.8125
3 16 15.7193 7.7669 -21.6897 14.4040 7.0252 -22.6892 13.2352 8.0193 -22.5360
3 16 13.2352 8.0193 -22.5360 14.5565 8.6756 -21.4269 15.7193 7.7669 -21.6897
3 16 17.2139 8.4058 -20.3989 15.7193 7.7669 -21.6897 14.5565 8.6756 -21.4269
3 16 14.5565 8.6756 -21.4269 16.0724 9.2689 -19.9128 17.2139 8.4058 -20.3989
4 16 17.9288 -17.9001 -17.5434 17.4533 -18.4225 -17.7423 16.5722 -17.5525 -18.2176 17.3639 -16.1884 -17.9255
3 16 17.2308 -19.0785 -17.7671 15.9609 -19.0714 -18.3623 16.5722 -17.5525 -18.2176
3 16 16.5722 -17.5525 -18.2176 17.4533 -18.4225 -17.7423 17.2308 -19.0785 -17.7671
4 16 16.5722 -17.5525 -18.2176 15.9609 -19.0714 -18.3623 14.6730 -19.0835 -18.9169 15.6908 -16.6861 -18.6426
3 16 16.5722 -17.5525 -18.2176 15.6908 -16.6861 -18.6426 17.1471 -14.2212 -18.1249
3 16 17.1471 -14.2212 -18.1249 17.3639 -16.1884 -17.9255 16.5722 -17.5525 -18.2176
3 16 33.8063 1.7207 -0.4131 33.5812 4.2707 -0.7874 34.7433 4.5484 3.1441
3 16 34.7433 4.5484 3.1441 35.0388 1.4105 4.0550 33.8063 1.7207 -0.4131
3 16 32.4071 1.5798 -4.2606 32.1485 3.8895 -4.6201 33.5812 4.2707 -0.7874
3 16 33.5812 4.2707 -0.7874 33.8063 1.7207 -0.4131 32.4071 1.5798 -4.2606
3 16 32.1485 3.8895 -4.6201 31.5450 6.7223 -5.0489 33.0153 7.3334 -1.2767
3 16 33.0153 7.3334 -1.2767 33.5812 4.2707 -0.7874 32.1485 3.8895 -4.6201
3 16 33.5812 4.2707 -0.7874 33.0153 7.3334 -1.2767 34.2350 7.8860 2.5174
3 16 34.2350 7.8860 2.5174 34.7433 4.5484 3.1441 33.5812 4.2707 -0.7874
4 16 27.7249 5.1646 -12.2735 29.7821 5.9837 -8.7856 30.3710 3.3189 -8.4141 28.2685 2.5824 -11.9686
4 16 29.7821 5.9837 -8.7856 31.5450 6.7223 -5.0489 32.1485 3.8895 -4.6201 30.3710 3.3189 -8.4141
4 16 30.3710 3.3189 -8.4141 32.1485 3.8895 -4.6201 32.4071 1.5798 -4.2606 30.6479 1.1760 -8.0347
4 16 28.2685 2.5824 -11.9686 30.3710 3.3189 -8.4141 30.6479 1.1760 -8.0347 28.5602 0.5396 -11.5656
3 16 27.5004 10.4586 -9.1371 28.8025 8.4957 -9.1548 26.8538 7.6690 -12.5057
3 16 26.8538 7.6690 -12.5057 25.7233 9.6915 -12.3108 27.5004 10.4586 -9.1371
4 16 27.5004 10.4586 -9.1371 29.1414 11.2271 -5.6858 30.5234 9.3010 -5.5247 28.8025 8.4957 -9.1548
4 16 28.8025 8.4957 -9.1548 30.5234 9.3010 -5.5247 31.5450 6.7223 -5.0489 29.7821 5.9837 -8.7856
4 16 26.8538 7.6690 -12.5057 28.8025 8.4957 -9.1548 29.7821 5.9837 -8.7856 27.7249 5.1646 -12.2735
3 16 33.3656 -17.2020 6.4327 33.3466 -16.5373 6.1587 33.6892 -15.7117 7.0848
3 16 33.6892 -15.7117 7.0848 34.0099 -15.7594 8.3702 33.3656 -17.2020 6.4327
3 16 32.9957 -16.5515 4.9132 33.3466 -16.5373 6.1587 33.3656 -17.2020 6.4327
3 16 33.3656 -17.2020 6.4327 32.3869 -18.4656 3.4859 32.9957 -16.5515 4.9132
4 16 33.2831 -15.4431 5.4928 33.6892 -15.7117 7.0848 33.3466 -16.5373 6.1587 32.9957 -16.5515 4.9132
3 16 12.7702 10.1915 -18.4589 11.2972 9.7317 -20.6710 8.9657 9.9898 -20.3676
3 16 8.9657 9.9898 -20.3676 10.3249 10.4227 -17.7618 12.7702 10.1915 -18.4589
3 16 11.2972 9.7317 -20.6710 9.9812 9.3042 -22.1817 7.7913 9.6366 -22.1581
3 16 7.7913 9.6366 -22.1581 8.9657 9.9898 -20.3676 11.2972 9.7317 -20.6710
3 16 8.9657 9.9898 -20.3676 7.7913 9.6366 -22.1581 5.3198 9.7856 -22.2417
3 16 5.3198 9.7856 -22.2417 6.2162 10.1029 -20.2373 8.9657 9.9898 -20.3676
3 16 8.9657 9.9898 -20.3676 6.2162 10.1029 -20.2373 7.3068 10.5398 -17.3455
3 16 7.3068 10.5398 -17.3455 10.3249 10.4227 -17.7618 8.9657 9.9898 -20.3676
3 16 4.0685 9.3122 -23.7984 4.5964 9.5581 -23.2554 6.7669 9.3370 -23.1382
3 16 6.7669 9.3370 -23.1382 5.9942 9.0053 -23.7506 4.0685 9.3122 -23.7984
3 16 4.5964 9.5581 -23.2554 5.3198 9.7856 -22.2417 7.7913 9.6366 -22.1581
3 16 7.7913 9.6366 -22.1581 6.7669 9.3370 -23.1382 4.5964 9.5581 -23.2554
3 16 6.7669 9.3370 -23.1382 7.7913 9.6366 -22.1581 9.9812 9.3042 -22.1817
3 16 9.9812 9.3042 -22.1817 8.7602 8.8825 -23.1038 6.7669 9.3370 -23.1382
3 16 5.9942 9.0053 -23.7506 6.7669 9.3370 -23.1382 8.7602 8.8825 -23.1038
3 16 8.7602 8.8825 -23.1038 7.8117 8.4226 -23.7829 5.9942 9.0053 -23.7506
3 16 17.4337 -25.2881 -16.2302 19.2492 -23.1728 -15.6275 20.9143 -23.8450 -14.1506
3 16 20.9143 -23.8450 -14.1506 19.8271 -25.7556 -14.3986 17.4337 -25.2881 -16.2302
3 16 20.2148 -21.5161 -15.4156 21.9141 -21.9756 -13.9441 20.9143 -23.8450 -14.1506
3 16 20.9143 -23.8450 -14.1506 19.2492 -23.1728 -15.6275 20.2148 -21.5161 -15.4156
3 16 20.9143 -23.8450 -14.1506 21.9141 -21.9756 -13.9441 23.8452 -22.5330 -11.9351
3 16 23.8452 -22.5330 -11.9351 22.8612 -24.5151 -12.2171 20.9143 -23.8450 -14.1506
3 16 19.8271 -25.7556 -14.3986 20.9143 -23.8450 -14.1506 22.8612 -24.5151 -12.2171
3 16 22.8612 -24.5151 -12.2171 21.8772 -26.4971 -12.4992 19.8271 -25.7556 -14.3986
3 16 28.9693 -27.5904 -3.4273 29.6143 -27.0885 -2.4828 29.7711 -27.8852 -2.0483
3 16 29.7711 -27.8852 -2.0483 28.7011 -29.4147 -3.5158 28.9693 -27.5904 -3.4273
3 16 29.9776 -25.7431 -2.0919 29.6143 -27.0885 -2.4828 28.9693 -27.5904 -3.4273
3 16 28.9693 -27.5904 -3.4273 29.2182 -25.2350 -3.5776 29.9776 -25.7431 -2.0919
3 16 29.7711 -27.8852 -2.0483 29.6143 -27.0885 -2.4828 29.9776 -25.7431 -2.0919
3 16 29.9776 -25.7431 -2.0919 30.6546 -25.9197 -0.6789 29.7711 -27.8852 -2.0483
3 16 24.6542 -28.2008 -9.0848 23.4612 -27.3383 -10.6977 24.5678 -25.2557 -10.1207
3 16 24.5678 -25.2557 -10.1207 25.9313 -26.0342 -8.1338 24.6542 -28.2008 -9.0848
3 16 23.4612 -27.3383 -10.6977 21.8772 -26.4971 -12.4992 22.8612 -24.5151 -12.2171
3 16 22.8612 -24.5151 -12.2171 24.5678 -25.2557 -10.1207 23.4612 -27.3383 -10.6977
3 16 24.5678 -25.2557 -10.1207 22.8612 -24.5151 -12.2171 23.8452 -22.5330 -11.9351
3 16 23.8452 -22.5330 -11.9351 25.6744 -23.1732 -9.5436 24.5678 -25.2557 -10.1207
3 16 24.5678 -25.2557 -10.1207 25.6744 -23.1732 -9.5436 27.2084 -23.8676 -7.1827
3 16 27.2084 -23.8676 -7.1827 25.9313 -26.0342 -8.1338 24.5678 -25.2557 -10.1207
3 16 28.3468 -24.5776 -5.2193 26.9498 -26.8155 -6.4864 25.9313 -26.0342 -8.1338
3 16 25.9313 -26.0342 -8.1338 27.2084 -23.8676 -7.1827 28.3468 -24.5776 -5.2193
3 16 28.3468 -24.5776 -5.2193 29.2182 -25.2350 -3.5776 27.6864 -27.6013 -5.2262
3 16 27.6864 -27.6013 -5.2262 26.9498 -26.8155 -6.4864 28.3468 -24.5776 -5.2193
3 16 26.9498 -26.8155 -6.4864 27.6864 -27.6013 -5.2262 26.1666 -30.0723 -6.7833
3 16 26.1666 -30.0723 -6.7833 25.5559 -29.0675 -7.7411 26.9498 -26.8155 -6.4864
3 16 25.9313 -26.0342 -8.1338 26.9498 -26.8155 -6.4864 25.5559 -29.0675 -7.7411
3 16 25.5559 -29.0675 -7.7411 24.6542 -28.2008 -9.0848 25.9313 -26.0342 -8.1338
3 16 28.9693 -27.5904 -3.4273 28.1582 -28.2832 -4.4396 27.6864 -27.6013 -5.2262
3 16 27.6864 -27.6013 -5.2262 29.2182 -25.2350 -3.5776 28.9693 -27.5904 -3.4273
3 16 27.6794 -29.6278 -4.8712 28.1582 -28.2832 -4.4396 28.9693 -27.5904 -3.4273
3 16 28.9693 -27.5904 -3.4273 28.7011 -29.4147 -3.5158 27.6794 -29.6278 -4.8712
3 16 27.6864 -27.6013 -5.2262 28.1582 -28.2832 -4.4396 27.6794 -29.6278 -4.8712
3 16 27.6794 -29.6278 -4.8712 26.1666 -30.0723 -6.7833 27.6864 -27.6013 -5.2262
3 16 34.5803 -18.5874 11.6292 33.8411 -21.5979 8.9770 32.9780 -22.8921 6.0634
3 16 32.9780 -22.8921 6.0634 33.4468 -21.3080 7.6118 34.5803 -18.5874 11.6292
3 16 33.8411 -21.5979 8.9770 32.8972 -24.0401 5.7490 32.3176 -24.5026 3.8845
3 16 32.3176 -24.5026 3.8845 32.9780 -22.8921 6.0634 33.8411 -21.5979 8.9770
3 16 32.9780 -22.8921 6.0634 32.3176 -24.5026 3.8845 31.7380 -24.9651 2.0199
3 16 31.7380 -24.9651 2.0199 32.1245 -24.0879 3.1944 32.9780 -22.8921 6.0634
3 16 33.4468 -21.3080 7.6118 32.9780 -22.8921 6.0634 32.1245 -24.0879 3.1944
3 16 32.1245 -24.0879 3.1944 32.4232 -23.0322 4.0895 33.4468 -21.3080 7.6118
4 16 29.0045 -30.8517 -2.8783 28.9175 -30.2269 -3.0897 29.9066 -28.7544 -1.6793 30.0160 -29.5254 -1.3942
3 16 28.7011 -29.4147 -3.5158 29.7711 -27.8852 -2.0483 29.9066 -28.7544 -1.6793
3 16 29.9066 -28.7544 -1.6793 28.9175 -30.2269 -3.0897 28.7011 -29.4147 -3.5158
3 16 29.9066 -28.7544 -1.6793 29.7711 -27.8852 -2.0483 30.6546 -25.9197 -0.6789
3 16 30.6546 -25.9197 -0.6789 30.7872 -27.2846 -0.1257 29.9066 -28.7544 -1.6793
3 16 30.0160 -29.5254 -1.3942 29.9066 -28.7544 -1.6793 30.7872 -27.2846 -0.1257
3 16 30.7872 -27.2846 -0.1257 30.9656 -28.0421 0.3912 30.0160 -29.5254 -1.3942
3 16 34.0722 -16.9883 8.9013 33.4794 -18.1154 6.9634 33.3656 -17.2020 6.4327
3 16 33.3656 -17.2020 6.4327 34.0099 -15.7594 8.3702 34.0722 -16.9883 8.9013
3 16 34.2105 -17.8568 9.6171 33.5825 -19.1180 7.4955 33.4794 -18.1154 6.9634
3 16 33.4794 -18.1154 6.9634 34.0722 -16.9883 8.9013 34.2105 -17.8568 9.6171
3 16 33.5825 -19.1180 7.4955 32.7597 -20.5753 4.7170 32.7044 -19.3993 4.4632
3 16 32.7044 -19.3993 4.4632 33.4794 -18.1154 6.9634 33.5825 -19.1180 7.4955
3 16 33.3656 -17.2020 6.4327 33.4794 -18.1154 6.9634 32.7044 -19.3993 4.4632
3 16 32.7044 -19.3993 4.4632 32.3869 -18.4656 3.4859 33.3656 -17.2020 6.4327
3 16 30.6546 -25.9197 -0.6789 31.2455 -25.6241 0.7042 31.5826 -25.9416 1.7497
3 16 31.5826 -25.9416 1.7497 30.7872 -27.2846 -0.1257 30.6546 -25.9197 -0.6789
3 16 31.2455 -25.6241 0.7042 31.7380 -24.9651 2.0199 32.3176 -24.5026 3.8845
3 16 32.3176 -24.5026 3.8845 31.5826 -25.9416 1.7497 31.2455 -25.6241 0.7042
3 16 31.5826 -25.9416 1.7497 32.3176 -24.5026 3.8845 32.8972 -24.0401 5.7490
3 16 32.8972 -24.0401 5.7490 31.9242 -26.1983 2.7911 31.5826 -25.9416 1.7497
3 16 30.7872 -27.2846 -0.1257 31.5826 -25.9416 1.7497 31.9242 -26.1983 2.7911
3 16 31.9242 -26.1983 2.7911 30.9656 -28.0421 0.3912 30.7872 -27.2846 -0.1257
4 16 32.4232 -23.0322 4.0895 32.6469 -21.8282 4.5874 33.6003 -20.1570 7.8648 33.4468 -21.3080 7.6118
4 16 32.6469 -21.8282 4.5874 32.7597 -20.5753 4.7170 33.5825 -19.1180 7.4955 33.6003 -20.1570 7.8648
4 16 33.6003 -20.1570 7.8648 33.5825 -19.1180 7.4955 34.2105 -17.8568 9.6171 34.3361 -18.6023 10.3727
3 16 33.4468 -21.3080 7.6118 33.6003 -20.1570 7.8648 34.3361 -18.6023 10.3727
3 16 34.3361 -18.6023 10.3727 34.5803 -18.5874 11.6292 33.4468 -21.3080 7.6118
4 16 32.3869 -18.4656 3.4859 31.7318 -17.8924 1.5222 31.5887 -16.1094 0.6296 32.2921 -16.2523 2.5724
3 16 30.7745 -17.5716 -1.0584 30.6709 -15.8940 -1.6796 31.5887 -16.1094 0.6296
3 16 31.5887 -16.1094 0.6296 31.7318 -17.8924 1.5222 30.7745 -17.5716 -1.0584
3 16 31.5887 -16.1094 0.6296 30.6709 -15.8940 -1.6796 30.5673 -14.2165 -2.3008
3 16 30.5673 -14.2165 -2.3008 31.4472 -14.3879 -0.2486 31.5887 -16.1094 0.6296
3 16 31.5887 -16.1094 0.6296 31.4472 -14.3879 -0.2486 32.1949 -14.6842 1.7509
3 16 32.1949 -14.6842 1.7509 32.2921 -16.2523 2.5724 31.5887 -16.1094 0.6296
4 16 28.2463 -17.2467 -6.4585 26.8377 -17.2087 -8.9264 26.9624 -15.7646 -8.9132 28.3318 -15.7411 -6.5382
4 16 26.8377 -17.2087 -8.9264 25.3561 -17.2255 -11.1264 25.4972 -15.8182 -11.0973 26.9624 -15.7646 -8.9132
4 16 26.9624 -15.7646 -8.9132 25.4972 -15.8182 -11.0973 25.6383 -14.4109 -11.0683 27.0871 -14.3205 -8.9000
4 16 28.3318 -15.7411 -6.5382 26.9624 -15.7646 -8.9132 27.0871 -14.3205 -8.9000 28.4172 -14.2355 -6.6178
4 16 28.4172 -14.2355 -6.6178 29.5688 -14.1820 -4.4143 29.5761 -15.7738 -4.1024 28.3318 -15.7411 -6.5382
3 16 30.5673 -14.2165 -2.3008 30.6709 -15.8940 -1.6796 29.5761 -15.7738 -4.1024
3 16 29.5761 -15.7738 -4.1024 29.5688 -14.1820 -4.4143 30.5673 -14.2165 -2.3008
3 16 30.6709 -15.8940 -1.6796 30.7745 -17.5716 -1.0584 29.5833 -17.3657 -3.7905
3 16 29.5833 -17.3657 -3.7905 29.5761 -15.7738 -4.1024 30.6709 -15.8940 -1.6796
4 16 28.3318 -15.7411 -6.5382 29.5761 -15.7738 -4.1024 29.5833 -17.3657 -3.7905 28.2463 -17.2467 -6.4585
3 16 24.1734 -14.4845 -12.9116 23.9900 -15.8762 -12.9611 22.5883 -15.9105 -14.4347
3 16 22.5883 -15.9105 -14.4347 22.8807 -14.5061 -14.3267 24.1734 -14.4845 -12.9116
3 16 25.6383 -14.4109 -11.0683 25.4972 -15.8182 -11.0973 23.9900 -15.8762 -12.9611
3 16 23.9900 -15.8762 -12.9611 24.1734 -14.4845 -12.9116 25.6383 -14.4109 -11.0683
3 16 25.4972 -15.8182 -11.0973 25.3561 -17.2255 -11.1264 23.8067 -17.2679 -13.0105
3 16 23.8067 -17.2679 -13.0105 23.9900 -15.8762 -12.9611 25.4972 -15.8182 -11.0973
3 16 23.9900 -15.8762 -12.9611 23.8067 -17.2679 -13.0105 22.2959 -17.3150 -14.5427
3 16 22.2959 -17.3150 -14.5427 22.5883 -15.9105 -14.4347 23.9900 -15.8762 -12.9611
3 16 20.9326 -17.3584 -15.7068 21.4227 -15.9003 -15.4923 22.5883 -15.9105 -14.4347
3 16 22.5883 -15.9105 -14.4347 22.2959 -17.3150 -14.5427 20.9326 -17.3584 -15.7068
3 16 19.7338 -17.4321 -16.5567 20.4625 -15.8560 -16.2230 21.4227 -15.9003 -15.4923
3 16 21.4227 -15.9003 -15.4923 20.9326 -17.3584 -15.7068 19.7338 -17.4321 -16.5567
3 16 20.4625 -15.8560 -16.2230 21.1912 -14.2799 -15.8892 21.9127 -14.4422 -15.2778
3 16 21.9127 -14.4422 -15.2778 21.4227 -15.9003 -15.4923 20.4625 -15.8560 -16.2230
3 16 21.4227 -15.9003 -15.4923 21.9127 -14.4422 -15.2778 22.8807 -14.5061 -14.3267
3 16 22.8807 -14.5061 -14.3267 22.5883 -15.9105 -14.4347 21.4227 -15.9003 -15.4923
3 16 34.8548 -13.6314 12.2015 34.7164 -12.5505 11.5573 34.8116 -10.7113 11.8643
3 16 34.8116 -10.7113 11.8643 35.1639 -10.5157 13.5823 34.8548 -13.6314 12.2015
3 16 34.6595 -15.5625 11.2656 34.6063 -14.0055 11.0586 34.7164 -12.5505 11.5573
3 16 34.7164 -12.5505 11.5573 34.8548 -13.6314 12.2015 34.6595 -15.5625 11.2656
3 16 34.6063 -14.0055 11.0586 34.5069 -12.9422 10.6973 34.5292 -11.8365 10.7780
3 16 34.5292 -11.8365 10.7780 34.7164 -12.5505 11.5573 34.6063 -14.0055 11.0586
4 16 34.8116 -10.7113 11.8643 34.7164 -12.5505 11.5573 34.5292 -11.8365 10.7780 34.4951 -10.8744 10.6103
3 16 20.2748 -13.5887 -16.5558 20.6217 -14.0066 -16.3010 19.6472 -15.7831 -16.7386
3 16 19.6472 -15.7831 -16.7386 18.9069 -15.6035 -17.1547 20.2748 -13.5887 -16.5558
3 16 21.1912 -14.2799 -15.8892 20.4625 -15.8560 -16.2230 19.6472 -15.7831 -16.7386
3 16 19.6472 -15.7831 -16.7386 20.6217 -14.0066 -16.3010 21.1912 -14.2799 -15.8892
3 16 20.4625 -15.8560 -16.2230 19.7338 -17.4321 -16.5567 18.7087 -17.5871 -17.1569
3 16 18.7087 -17.5871 -17.1569 19.6472 -15.7831 -16.7386 20.4625 -15.8560 -16.2230
3 16 19.6472 -15.7831 -16.7386 18.7087 -17.5871 -17.1569 17.9288 -17.9001 -17.5434
3 16 17.9288 -17.9001 -17.5434 18.9069 -15.6035 -17.1547 19.6472 -15.7831 -16.7386
3 16 33.5544 -8.0455 6.5243 32.8848 -8.2125 3.7806 32.7525 -6.7606 2.7028
3 16 32.7525 -6.7606 2.7028 33.3120 -6.7068 5.1260 33.5544 -8.0455 6.5243
3 16 33.8884 -9.8348 8.2787 33.0267 -9.7059 4.8963 32.8848 -8.2125 3.7806
3 16 32.8848 -8.2125 3.7806 33.5544 -8.0455 6.5243 33.8884 -9.8348 8.2787
3 16 33.0267 -9.7059 4.8963 31.8472 -9.7128 0.8399 31.8759 -8.2794 0.4096
3 16 31.8759 -8.2794 0.4096 32.8848 -8.2125 3.7806 33.0267 -9.7059 4.8963
3 16 32.8848 -8.2125 3.7806 31.8759 -8.2794 0.4096 31.9047 -6.8460 -0.0206
3 16 31.9047 -6.8460 -0.0206 32.7525 -6.7606 2.7028 32.8848 -8.2125 3.7806
3 16 33.6997 -6.6439 7.2190 33.8302 -7.6240 7.8544 33.5544 -8.0455 6.5243
3 16 33.5544 -8.0455 6.5243 33.3120 -6.7068 5.1260 33.6997 -6.6439 7.2190
4 16 34.0340 -6.5457 8.8508 34.0824 -8.0314 9.0385 33.8302 -7.6240 7.8544 33.6997 -6.6439 7.2190
3 16 33.5544 -8.0455 6.5243 33.8302 -7.6240 7.8544 34.0824 -8.0314 9.0385
3 16 34.0824 -8.0314 9.0385 33.8884 -9.8348 8.2787 33.5544 -8.0455 6.5243
4 16 24.2356 -10.0037 -13.4425 25.2056 -8.5180 -12.4246 25.5387 -9.0538 -11.9847 25.1745 -9.9267 -12.3331
3 16 26.5535 -7.1707 -10.7769 26.3906 -8.7141 -10.7997 25.5387 -9.0538 -11.9847
3 16 25.5387 -9.0538 -11.9847 25.2056 -8.5180 -12.4246 26.5535 -7.1707 -10.7769
3 16 25.1745 -9.9267 -12.3331 25.5387 -9.0538 -11.9847 26.3906 -8.7141 -10.7997
3 16 26.3906 -8.7141 -10.7997 26.2431 -9.8795 -10.8380 25.1745 -9.9267 -12.3331
3 16 26.1457 -5.4492 -11.4975 25.7049 -5.9399 -12.0326 24.0564 -5.9373 -13.3947
3 16 24.0564 -5.9373 -13.3947 24.0196 -4.9804 -13.2725 26.1457 -5.4492 -11.4975
3 16 25.5806 -6.4394 -12.1956 24.3242 -6.8651 -13.3130 24.0564 -5.9373 -13.3947
3 16 24.0564 -5.9373 -13.3947 25.7049 -5.9399 -12.0326 25.5806 -6.4394 -12.1956
3 16 24.3242 -6.8651 -13.3130 22.9983 -7.5677 -14.4999 22.4233 -6.2023 -14.6847
3 16 22.4233 -6.2023 -14.6847 24.0564 -5.9373 -13.3947 24.3242 -6.8651 -13.3130
4 16 24.0196 -4.9804 -13.2725 24.0564 -5.9373 -13.3947 22.4233 -6.2023 -14.6847 21.6903 -4.6158 -14.9843
4 16 29.2606 -7.1421 -5.9932 29.1471 -8.4694 -5.9681 27.6744 -8.5547 -8.6922 27.7798 -7.2348 -8.7190
4 16 29.1471 -8.4694 -5.9681 29.0336 -9.7967 -5.9429 27.5669 -9.8386 -8.6708 27.6744 -8.5547 -8.6922
4 16 27.6744 -8.5547 -8.6922 27.5669 -9.8386 -8.6708 26.2431 -9.8795 -10.8380 26.3906 -8.7141 -10.7997
4 16 27.7798 -7.2348 -8.7190 27.6744 -8.5547 -8.6922 26.3906 -8.7141 -10.7997 26.5535 -7.1707 -10.7769
3 16 31.8759 -8.2794 0.4096 30.5945 -8.3706 -2.8996 30.7003 -6.9888 -2.9950
3 16 30.7003 -6.9888 -2.9950 31.9047 -6.8460 -0.0206 31.8759 -8.2794 0.4096
3 16 31.8472 -9.7128 0.8399 30.4888 -9.7524 -2.8041 30.5945 -8.3706 -2.8996
3 16 30.5945 -8.3706 -2.8996 31.8759 -8.2794 0.4096 31.8472 -9.7128 0.8399
4 16 30.5945 -8.3706 -2.8996 30.4888 -9.7524 -2.8041 29.0336 -9.7967 -5.9429 29.1471 -8.4694 -5.9681
4 16 30.7003 -6.9888 -2.9950 30.5945 -8.3706 -2.8996 29.1471 -8.4694 -5.9681 29.2606 -7.1421 -5.9932
3 16 34.8861 -3.1742 10.5237 34.7038 -2.7176 9.2958 34.9376 -2.0777 10.5114
3 16 34.9376 -2.0777 10.5114 35.0584 -2.6806 11.5399 34.8861 -3.1742 10.5237
3 16 34.8861 -3.1742 10.5237 34.7078 -3.7342 9.5303 34.4630 -3.5375 8.1806
3 16 34.4630 -3.5375 8.1806 34.7038 -2.7176 9.2958 34.8861 -3.1742 10.5237
3 16 34.4630 -3.5375 8.1806 34.1098 -3.4754 6.4391 34.3914 -2.3298 7.5830
3 16 34.3914 -2.3298 7.5830 34.7038 -2.7176 9.2958 34.4630 -3.5375 8.1806
3 16 34.7038 -2.7176 9.2958 34.3914 -2.3298 7.5830 34.7247 -1.0491 9.0647
3 16 34.7247 -1.0491 9.0647 34.9376 -2.0777 10.5114 34.7038 -2.7176 9.2958
3 16 26.5535 -7.1707 -10.7769 25.2056 -8.5180 -12.4246 24.7529 -7.7323 -12.9424
3 16 24.7529 -7.7323 -12.9424 25.8317 -6.8820 -11.8702 26.5535 -7.1707 -10.7769
3 16 24.2356 -10.0037 -13.4425 23.8261 -8.5630 -13.8592 24.7529 -7.7323 -12.9424
3 16 24.7529 -7.7323 -12.9424 25.2056 -8.5180 -12.4246 24.2356 -10.0037 -13.4425
3 16 24.7529 -7.7323 -12.9424 23.8261 -8.5630 -13.8592 22.9983 -7.5677 -14.4999
3 16 22.9983 -7.5677 -14.4999 24.3242 -6.8651 -13.3130 24.7529 -7.7323 -12.9424
3 16 25.8317 -6.8820 -11.8702 24.7529 -7.7323 -12.9424 24.3242 -6.8651 -13.3130
3 16 24.3242 -6.8651 -13.3130 25.5806 -6.4394 -12.1956 25.8317 -6.8820 -11.8702
3 16 2.0880 -30.4495 -21.4971 2.0982 -29.3041 -23.2654 4.1925 -28.6450 -23.1676
3 16 4.1925 -28.6450 -23.1676 4.1678 -29.8408 -21.2679 2.0880 -30.4495 -21.4971
3 16 2.0880 -30.4495 -21.4971 0.0000 -30.7441 -21.6793 0.0000 -29.5014 -23.3149
3 16 0.0000 -29.5014 -23.3149 2.0982 -29.3041 -23.2654 2.0880 -30.4495 -21.4971
4 16 2.0982 -29.3041 -23.2654 0.0000 -29.5014 -23.3149 0.0000 -28.2331 -25.0959 2.1063 -28.0191 -25.0888
4 16 4.1925 -28.6450 -23.1676 2.0982 -29.3041 -23.2654 2.1063 -28.0191 -25.0888 4.2092 -27.3195 -25.0852
4 16 4.8671 -41.0169 -19.5934 2.4542 -40.9046 -19.6944 2.4570 -36.5696 -21.8011 4.8732 -36.7364 -21.6724
4 16 2.4542 -40.9046 -19.6944 0.0000 -40.8540 -19.7177 0.0000 -36.5019 -21.8430 2.4570 -36.5696 -21.8011
4 16 2.4570 -36.5696 -21.8011 0.0000 -36.5019 -21.8430 0.0000 -31.9928 -23.7086 2.4501 -32.0741 -23.6549
4 16 4.8732 -36.7364 -21.6724 2.4570 -36.5696 -21.8011 2.4501 -32.0741 -23.6549 4.8610 -32.2971 -23.5099
4 16 2.0258 -66.6414 32.2702 0.9412 -66.6599 32.2541 1.0077 -66.4195 23.8387 2.1833 -66.3980 23.8529
4 16 0.9412 -66.6599 32.2541 0.0000 -66.6674 32.2476 0.0000 -66.4235 23.8337 1.0077 -66.4195 23.8387
4 16 1.0077 -66.4195 23.8387 0.0000 -66.4235 23.8337 0.0000 -66.1799 15.4196 1.0742 -66.1792 15.4232
4 16 2.1833 -66.3980 23.8529 1.0077 -66.4195 23.8387 1.0742 -66.1792 15.4232 2.3408 -66.1547 15.4357
3 16 2.0789 -24.7837 -28.6881 2.0077 -23.0495 -30.1131 4.0037 -22.4117 -30.0961
3 16 4.0037 -22.4117 -30.0961 4.1444 -24.1059 -28.7195 2.0789 -24.7837 -28.6881
4 16 2.0789 -24.7837 -28.6881 0.0000 -25.0140 -28.6604 0.0000 -23.2724 -30.1047 2.0077 -23.0495 -30.1131
3 16 0.0000 -23.2724 -30.1047 0.0000 -21.5190 -31.3780 1.9105 -21.3086 -31.3512
3 16 1.9105 -21.3086 -31.3512 2.0077 -23.0495 -30.1131 0.0000 -23.2724 -30.1047
3 16 2.0077 -23.0495 -30.1131 1.9105 -21.3086 -31.3512 3.8156 -20.7172 -31.2639
3 16 3.8156 -20.7172 -31.2639 4.0037 -22.4117 -30.0961 2.0077 -23.0495 -30.1131
3 16 34.2145 13.5327 7.3223 35.3018 11.7878 8.5949 34.4028 11.2833 5.2717
3 16 34.4028 11.2833 5.2717 33.2176 13.1129 4.4291 34.2145 13.5327 7.3223
3 16 35.3018 11.7878 8.5949 36.0677 8.8917 10.1065 35.2482 8.4384 6.3434
3 16 35.2482 8.4384 6.3434 34.4028 11.2833 5.2717 35.3018 11.7878 8.5949
3 16 34.4028 11.2833 5.2717 35.2482 8.4384 6.3434 34.2350 7.8860 2.5174
3 16 34.2350 7.8860 2.5174 33.3120 10.6754 1.7767 34.4028 11.2833 5.2717
3 16 33.2176 13.1129 4.4291 34.4028 11.2833 5.2717 33.3120 10.6754 1.7767
3 16 33.3120 10.6754 1.7767 32.0268 12.5763 1.2781 33.2176 13.1129 4.4291
3 16 34.1654 -0.7978 6.4231 33.9118 -2.1502 5.4243 33.3162 -2.0919 3.0893
3 16 33.3162 -2.0919 3.0893 33.5273 -0.6473 3.8221 34.1654 -0.7978 6.4231
3 16 34.7247 -1.0491 9.0647 34.3914 -2.3298 7.5830 33.9118 -2.1502 5.4243
3 16 33.9118 -2.1502 5.4243 34.1654 -0.7978 6.4231 34.7247 -1.0491 9.0647
4 16 33.9118 -2.1502 5.4243 34.3914 -2.3298 7.5830 34.1098 -3.4754 6.4391 33.6634 -3.4903 4.4595
3 16 33.9118 -2.1502 5.4243 33.6634 -3.4903 4.4595 33.1050 -3.5365 2.3564
3 16 33.1050 -3.5365 2.3564 33.3162 -2.0919 3.0893 33.9118 -2.1502 5.4243
4 16 35.4720 -1.8235 14.3441 35.2223 -2.3037 12.6033 35.1230 -1.8733 11.6998 35.1415 -1.4065 11.7066
3 16 34.9376 -2.0777 10.5114 35.1230 -1.8733 11.6998 35.2223 -2.3037 12.6033
3 16 35.2223 -2.3037 12.6033 35.0584 -2.6806 11.5399 34.9376 -2.0777 10.5114
3 16 35.1415 -1.4065 11.7066 35.1230 -1.8733 11.6998 34.9376 -2.0777 10.5114
3 16 34.9376 -2.0777 10.5114 34.7247 -1.0491 9.0647 35.1415 -1.4065 11.7066
3 16 35.4149 -0.8815 8.7999 35.1822 -1.0637 9.3226 34.9434 -0.8545 7.3857
3 16 34.9434 -0.8545 7.3857 34.9584 -0.7178 6.4387 35.4149 -0.8815 8.7999
3 16 34.6188 -0.7740 6.4598 34.9434 -0.8545 7.3857 35.1822 -1.0637 9.3226
3 16 35.1822 -1.0637 9.3226 34.7247 -1.0491 9.0647 34.6188 -0.7740 6.4598
3 16 34.3088 -0.5507 4.0019 34.9584 -0.7178 6.4387 34.9434 -0.8545 7.3857
3 16 34.9434 -0.8545 7.3857 34.6188 -0.7740 6.4598 34.3088 -0.5507 4.0019
3 16 6.2989 -26.0280 -25.0833 6.2820 -24.5444 -27.0051 8.3134 -22.6222 -26.8571
3 16 8.3134 -22.6222 -26.8571 8.3388 -23.9588 -24.9661 6.2989 -26.0280 -25.0833
3 16 4.2092 -27.3195 -25.0852 4.2046 -25.7778 -26.9978 6.2820 -24.5444 -27.0051
3 16 6.2820 -24.5444 -27.0051 6.2989 -26.0280 -25.0833 4.2092 -27.3195 -25.0852
4 16 6.2820 -24.5444 -27.0051 4.2046 -25.7778 -26.9978 4.1444 -24.1059 -28.7195 6.1827 -22.9702 -28.6737
3 16 6.2820 -24.5444 -27.0051 6.1827 -22.9702 -28.6737 8.1789 -21.2456 -28.4585
3 16 8.1789 -21.2456 -28.4585 8.3134 -22.6222 -26.8571 6.2820 -24.5444 -27.0051
3 16 24.4733 12.1857 -7.5061 25.9962 11.6401 -8.4369 24.4393 10.9780 -11.3875
3 16 24.4393 10.9780 -11.3875 23.1150 11.6613 -10.0257 24.4733 12.1857 -7.5061
3 16 25.7001 12.6734 -4.8901 27.4947 12.2928 -5.2872 25.9962 11.6401 -8.4369
3 16 25.9962 11.6401 -8.4369 24.4733 12.1857 -7.5061 25.7001 12.6734 -4.8901
3 16 27.4947 12.2928 -5.2872 29.1414 11.2271 -5.6858 27.5004 10.4586 -9.1371
3 16 27.5004 10.4586 -9.1371 25.9962 11.6401 -8.4369 27.4947 12.2928 -5.2872
3 16 25.9962 11.6401 -8.4369 27.5004 10.4586 -9.1371 25.7233 9.6915 -12.3108
3 16 25.7233 9.6915 -12.3108 24.4393 10.9780 -11.3875 25.9962 11.6401 -8.4369
3 16 27.0510 13.1676 -1.9789 28.9982 12.9182 -1.9534 27.4947 12.2928 -5.2872
3 16 27.4947 12.2928 -5.2872 25.7001 12.6734 -4.8901 27.0510 13.1676 -1.9789
3 16 27.0510 13.1676 -1.9789 28.0583 13.7490 1.6243 30.4258 13.4844 1.3442
3 16 30.4258 13.4844 1.3442 28.9982 12.9182 -1.9534 27.0510 13.1676 -1.9789
4 16 28.9982 12.9182 -1.9534 30.4258 13.4844 1.3442 32.0268 12.5763 1.2781 30.6582 11.9415 -2.1469
4 16 27.4947 12.2928 -5.2872 28.9982 12.9182 -1.9534 30.6582 11.9415 -2.1469 29.1414 11.2271 -5.6858
3 16 28.1186 -2.9607 -9.0358 27.2532 -2.7646 -10.1275 27.0360 -1.8605 -10.3152
3 16 27.0360 -1.8605 -10.3152 28.8435 -1.2853 -7.8562 28.1186 -2.9607 -9.0358
3 16 26.6249 -3.5106 -10.8294 27.2532 -2.7646 -10.1275 28.1186 -2.9607 -9.0358
3 16 28.1186 -2.9607 -9.0358 27.7151 -4.6172 -9.4844 26.6249 -3.5106 -10.8294
3 16 27.0360 -1.8605 -10.3152 27.2532 -2.7646 -10.1275 26.6249 -3.5106 -10.8294
3 16 26.6249 -3.5106 -10.8294 25.2060 -2.6042 -12.2004 27.0360 -1.8605 -10.3152
3 16 8.2918 -27.2618 -20.6065 7.3216 -28.2914 -20.5994 6.2965 -28.9286 -20.8298
3 16 6.2965 -28.9286 -20.8298 6.2339 -28.7084 -20.9607 8.2918 -27.2618 -20.6065
3 16 5.5510 -29.6946 -20.8492 6.2965 -28.9286 -20.8298 7.3216 -28.2914 -20.5994
3 16 7.3216 -28.2914 -20.5994 6.6161 -29.3254 -20.5260 5.5510 -29.6946 -20.8492
3 16 4.1678 -29.8408 -21.2679 6.2339 -28.7084 -20.9607 6.2965 -28.9286 -20.8298
3 16 6.2965 -28.9286 -20.8298 5.5510 -29.6946 -20.8492 4.1678 -29.8408 -21.2679
3 16 37.4931 4.5275 18.8624 37.0090 4.9369 15.0425 36.7134 9.1501 13.7215
3 16 36.7134 9.1501 13.7215 37.2648 9.2898 17.2446 37.4931 4.5275 18.8624
4 16 37.4931 4.5275 18.8624 37.4673 -1.2998 19.4757 36.9976 1.0011 15.6185 37.0090 4.9369 15.0425
3 16 36.9976 1.0011 15.6185 36.5146 1.1980 11.9081 36.4359 5.0124 11.1597
3 16 36.4359 5.0124 11.1597 37.0090 4.9369 15.0425 36.9976 1.0011 15.6185
3 16 37.0090 4.9369 15.0425 36.4359 5.0124 11.1597 36.0677 8.8917 10.1065
3 16 36.0677 8.8917 10.1065 36.7134 9.1501 13.7215 37.0090 4.9369 15.0425
4 16 34.4951 -10.8744 10.6103 34.6380 -8.6168 10.8247 34.8245 -9.1347 11.6387 34.8116 -10.7113 11.8643
3 16 34.9385 -8.0769 11.9320 34.8245 -9.1347 11.6387 34.6380 -8.6168 10.8247
3 16 34.6380 -8.6168 10.8247 34.6950 -6.1841 10.5150 34.9385 -8.0769 11.9320
3 16 34.8116 -10.7113 11.8643 34.8245 -9.1347 11.6387 34.9385 -8.0769 11.9320
3 16 34.9385 -8.0769 11.9320 35.1639 -10.5157 13.5823 34.8116 -10.7113 11.8643
4 16 35.4720 -1.8235 14.3441 35.3180 -6.1696 13.9773 35.2479 -5.3820 13.4094 35.2632 -3.5899 13.2275
4 16 35.1639 -10.5157 13.5823 35.1366 -6.4875 12.8286 35.2479 -5.3820 13.4094 35.3180 -6.1696 13.9773
4 16 35.1095 -4.3353 12.3134 35.2632 -3.5899 13.2275 35.2479 -5.3820 13.4094 35.1366 -6.4875 12.8286
4 16 26.1457 -5.4492 -11.4975 24.0196 -4.9804 -13.2725 24.2715 -4.1551 -13.0446 25.4102 -4.0826 -12.0895
3 16 21.6903 -4.6158 -14.9843 23.4177 -3.5146 -13.7070 24.2715 -4.1551 -13.0446
3 16 24.2715 -4.1551 -13.0446 24.0196 -4.9804 -13.2725 21.6903 -4.6158 -14.9843
3 16 25.4102 -4.0826 -12.0895 24.2715 -4.1551 -13.0446 23.4177 -3.5146 -13.7070
3 16 23.4177 -3.5146 -13.7070 25.2060 -2.6042 -12.2004 25.4102 -4.0826 -12.0895
3 16 36.4359 5.0124 11.1597 35.6859 4.8692 7.1490 35.2482 8.4384 6.3434
3 16 35.2482 8.4384 6.3434 36.0677 8.8917 10.1065 36.4359 5.0124 11.1597
3 16 36.5146 1.1980 11.9081 35.8727 1.7731 7.8780 35.6859 4.8692 7.1490
3 16 35.6859 4.8692 7.1490 36.4359 5.0124 11.1597 36.5146 1.1980 11.9081
3 16 35.8727 1.7731 7.8780 35.0388 1.4105 4.0550 34.7433 4.5484 3.1441
3 16 34.7433 4.5484 3.1441 35.6859 4.8692 7.1490 35.8727 1.7731 7.8780
3 16 35.6859 4.8692 7.1490 34.7433 4.5484 3.1441 34.2350 7.8860 2.5174
3 16 34.2350 7.8860 2.5174 35.2482 8.4384 6.3434 35.6859 4.8692 7.1490
3 16 27.5582 -33.5754 -3.5426 27.2673 -36.8970 -1.4699 28.0855 -35.7041 -0.3209
3 16 28.0855 -35.7041 -0.3209 28.3410 -32.8095 -2.3929 27.5582 -33.5754 -3.5426
3 16 27.0288 -39.8576 0.5213 27.8784 -38.4009 1.6951 28.0855 -35.7041 -0.3209
3 16 28.0855 -35.7041 -0.3209 27.2673 -36.8970 -1.4699 27.0288 -39.8576 0.5213
4 16 28.0855 -35.7041 -0.3209 27.8784 -38.4009 1.6951 28.6967 -36.9016 3.0203 28.7823 -34.5038 0.8407
3 16 28.0855 -35.7041 -0.3209 28.7823 -34.5038 0.8407 28.8943 -32.0459 -1.4101
3 16 28.8943 -32.0459 -1.4101 28.3410 -32.8095 -2.3929 28.0855 -35.7041 -0.3209
3 16 30.3524 -31.2724 4.5720 29.5181 -33.0682 2.3956 29.5733 -35.1967 4.6986
3 16 29.5733 -35.1967 4.6986 30.4864 -33.2573 6.7754 30.3524 -31.2724 4.5720
3 16 30.1853 -29.3423 2.1861 29.4686 -30.9646 0.0123 29.5181 -33.0682 2.3956
3 16 29.5181 -33.0682 2.3956 30.3524 -31.2724 4.5720 30.1853 -29.3423 2.1861
3 16 29.4686 -30.9646 0.0123 28.8943 -32.0459 -1.4101 28.7823 -34.5038 0.8407
3 16 28.7823 -34.5038 0.8407 29.5181 -33.0682 2.3956 29.4686 -30.9646 0.0123
3 16 29.5181 -33.0682 2.3956 28.7823 -34.5038 0.8407 28.6967 -36.9016 3.0203
3 16 28.6967 -36.9016 3.0203 29.5733 -35.1967 4.6986 29.5181 -33.0682 2.3956
3 16 28.6474 -39.1942 5.0525 27.7508 -40.7707 3.6184 27.6638 -42.9580 5.4895
3 16 27.6638 -42.9580 5.4895 28.5779 -41.3965 6.8409 28.6474 -39.1942 5.0525
4 16 28.6474 -39.1942 5.0525 28.6967 -36.9016 3.0203 27.8784 -38.4009 1.6951 27.7508 -40.7707 3.6184
4 16 27.7508 -40.7707 3.6184 27.8784 -38.4009 1.6951 27.0288 -39.8576 0.5213 26.8772 -42.2322 2.3950
3 16 27.7508 -40.7707 3.6184 26.8772 -42.2322 2.3950 26.7736 -44.3392 4.2974
3 16 26.7736 -44.3392 4.2974 27.6638 -42.9580 5.4895 27.7508 -40.7707 3.6184
4 16 30.6872 -37.5526 11.1755 30.5867 -35.2826 8.7715 29.6240 -37.3639 6.8289 29.5595 -39.5923 8.5455
3 16 30.4864 -33.2573 6.7754 29.5733 -35.1967 4.6986 29.6240 -37.3639 6.8289
3 16 29.6240 -37.3639 6.8289 30.5867 -35.2826 8.7715 30.4864 -33.2573 6.7754
3 16 29.5733 -35.1967 4.6986 28.6967 -36.9016 3.0203 28.6474 -39.1942 5.0525
3 16 28.6474 -39.1942 5.0525 29.6240 -37.3639 6.8289 29.5733 -35.1967 4.6986
4 16 29.5595 -39.5923 8.5455 29.6240 -37.3639 6.8289 28.6474 -39.1942 5.0525 28.5779 -41.3965 6.8409
4 16 28.8435 -1.2853 -7.8562 27.0360 -1.8605 -10.3152 26.8286 -1.7537 -11.7025 28.8003 -1.0942 -9.1566
3 16 25.2060 -2.6042 -12.2004 24.8764 -2.5188 -13.7453 26.8286 -1.7537 -11.7025
3 16 26.8286 -1.7537 -11.7025 27.0360 -1.8605 -10.3152 25.2060 -2.6042 -12.2004
4 16 26.8286 -1.7537 -11.7025 24.8764 -2.5188 -13.7453 24.5836 -2.4050 -15.1334 26.6414 -1.6061 -12.9322
3 16 26.8286 -1.7537 -11.7025 26.6414 -1.6061 -12.9322 28.7633 -0.8848 -10.1629
3 16 28.7633 -0.8848 -10.1629 28.8003 -1.0942 -9.1566 26.8286 -1.7537 -11.7025
3 16 31.0827 -27.0839 5.2019 31.2816 -29.0773 7.4103 32.1401 -26.6142 10.2693
3 16 32.1401 -26.6142 10.2693 31.9967 -24.5089 8.5598 31.0827 -27.0839 5.2019
3 16 30.1853 -29.3423 2.1861 30.3524 -31.2724 4.5720 31.2816 -29.0773 7.4103
3 16 31.2816 -29.0773 7.4103 31.0827 -27.0839 5.2019 30.1853 -29.3423 2.1861
3 16 30.3524 -31.2724 4.5720 30.4864 -33.2573 6.7754 31.3893 -31.1766 9.2803
3 16 31.3893 -31.1766 9.2803 31.2816 -29.0773 7.4103 30.3524 -31.2724 4.5720
4 16 32.1401 -26.6142 10.2693 31.2816 -29.0773 7.4103 31.3893 -31.1766 9.2803 32.3214 -28.9354 12.4535
3 16 16.3290 -5.3724 -17.2674 17.5702 -4.4545 -16.0047 18.5416 -3.3439 -15.9368
3 16 18.5416 -3.3439 -15.9368 16.7153 -3.7296 -19.3010 16.3290 -5.3724 -17.2674
3 16 18.0518 -4.9257 -14.4070 17.5702 -4.4545 -16.0047 16.3290 -5.3724 -17.2674
3 16 16.3290 -5.3724 -17.2674 16.4479 -6.5541 -15.3615 18.0518 -4.9257 -14.4070
3 16 19.7335 -3.4131 -13.3695 18.5416 -3.3439 -15.9368 17.5702 -4.4545 -16.0047
3 16 17.5702 -4.4545 -16.0047 18.0518 -4.9257 -14.4070 19.7335 -3.4131 -13.3695
3 16 32.1401 -26.6142 10.2693 32.6750 -24.2884 12.0895 32.7649 -21.9612 11.7457
3 16 32.7649 -21.9612 11.7457 31.9967 -24.5089 8.5598 32.1401 -26.6142 10.2693
4 16 32.3214 -28.9354 12.4535 32.9794 -24.3792 13.8587 32.6750 -24.2884 12.0895 32.1401 -26.6142 10.2693
4 16 33.4341 -19.4669 14.7790 32.7649 -21.9612 11.7457 32.6750 -24.2884 12.0895 32.9794 -24.3792 13.8587
3 16 12.4376 -4.2708 -24.0026 13.0193 -6.2374 -22.7107 13.9804 -5.2309 -21.7210
3 16 13.9804 -5.2309 -21.7210 14.4714 -3.7607 -21.6671 12.4376 -4.2708 -24.0026
3 16 14.6644 -5.7686 -20.5513 13.9804 -5.2309 -21.7210 13.0193 -6.2374 -22.7107
3 16 13.0193 -6.2374 -22.7107 13.2044 -7.7212 -21.7433 14.6644 -5.7686 -20.5513
3 16 16.7153 -3.7296 -19.3010 14.4714 -3.7607 -21.6671 13.9804 -5.2309 -21.7210
3 16 13.9804 -5.2309 -21.7210 14.6644 -5.7686 -20.5513 16.7153 -3.7296 -19.3010
3 16 13.4435 -8.6478 -19.5908 14.7717 -7.0172 -18.3946 14.6644 -5.7686 -20.5513
3 16 14.6644 -5.7686 -20.5513 13.2044 -7.7212 -21.7433 13.4435 -8.6478 -19.5908
4 16 13.4435 -8.6478 -19.5908 13.3368 -10.8047 -16.9333 14.9000 -8.3434 -16.2016 14.7717 -7.0172 -18.3946
4 16 14.7717 -7.0172 -18.3946 14.9000 -8.3434 -16.2016 16.4479 -6.5541 -15.3615 16.3290 -5.3724 -17.2674
3 16 14.6644 -5.7686 -20.5513 14.7717 -7.0172 -18.3946 16.3290 -5.3724 -17.2674
3 16 16.3290 -5.3724 -17.2674 16.7153 -3.7296 -19.3010 14.6644 -5.7686 -20.5513
3 16 12.4525 -9.0786 -23.0142 12.7535 -9.4107 -21.0907 13.4435 -8.6478 -19.5908
3 16 13.4435 -8.6478 -19.5908 13.2044 -7.7212 -21.7433 12.4525 -9.0786 -23.0142
3 16 12.1070 -10.0488 -24.3442 12.4418 -10.5311 -21.0913 12.7535 -9.4107 -21.0907
3 16 12.7535 -9.4107 -21.0907 12.4525 -9.0786 -23.0142 12.1070 -10.0488 -24.3442
3 16 13.3368 -10.8047 -16.9333 13.4435 -8.6478 -19.5908 12.7535 -9.4107 -21.0907
3 16 12.7535 -9.4107 -21.0907 12.4418 -10.5311 -21.0913 13.3368 -10.8047 -16.9333
3 16 4.0292 -29.8095 -18.7852 5.1394 -30.0467 -18.3584 5.2341 -28.8937 -18.5078
3 16 5.2341 -28.8937 -18.5078 3.9106 -28.3052 -19.1064 4.0292 -29.8095 -18.7852
3 16 4.0292 -29.8095 -18.7852 4.0379 -30.9053 -18.5221 5.2281 -31.1921 -18.1266
3 16 5.2281 -31.1921 -18.1266 5.1394 -30.0467 -18.3584 4.0292 -29.8095 -18.7852
3 16 5.1394 -30.0467 -18.3584 5.2281 -31.1921 -18.1266 6.3401 -31.4140 -17.7777
3 16 6.3401 -31.4140 -17.7777 6.3297 -30.3626 -17.8369 5.1394 -30.0467 -18.3584
3 16 5.2341 -28.8937 -18.5078 5.1394 -30.0467 -18.3584 6.3297 -30.3626 -17.8369
3 16 6.3297 -30.3626 -17.8369 6.5884 -29.3180 -17.8375 5.2341 -28.8937 -18.5078
3 16 3.5143 -26.8858 -21.2241 4.5548 -26.6125 -20.4612 4.9973 -25.6511 -21.1984
3 16 4.9973 -25.6511 -21.1984 3.6199 -25.4219 -23.0981 3.5143 -26.8858 -21.2241
3 16 3.9106 -28.3052 -19.1064 5.2140 -27.0270 -18.9652 4.5548 -26.6125 -20.4612
3 16 4.5548 -26.6125 -20.4612 3.5143 -26.8858 -21.2241 3.9106 -28.3052 -19.1064
3 16 6.6886 -25.0253 -18.7543 4.9973 -25.6511 -21.1984 4.5548 -26.6125 -20.4612
3 16 4.5548 -26.6125 -20.4612 5.2140 -27.0270 -18.9652 6.6886 -25.0253 -18.7543
3 16 19.9355 -59.9501 29.8269 21.4131 -59.2859 30.9458 22.7408 -58.4479 29.8346
3 16 22.7408 -58.4479 29.8346 21.2260 -58.9779 26.5651 19.9355 -59.9501 29.8269
3 16 21.5000 -59.2696 33.1181 21.4131 -59.2859 30.9458 19.9355 -59.9501 29.8269
3 16 19.9355 -59.9501 29.8269 18.2028 -60.9049 33.0338 21.5000 -59.2696 33.1181
3 16 22.7408 -58.4479 29.8346 21.4131 -59.2859 30.9458 21.5000 -59.2696 33.1181
3 16 21.5000 -59.2696 33.1181 24.4585 -57.3343 33.2492 22.7408 -58.4479 29.8346
3 16 32.2107 12.1323 7.3663 30.8197 12.0255 4.8144 30.7267 11.7050 3.9323
3 16 30.7267 11.7050 3.9323 31.4803 11.3529 4.8809 32.2107 12.1323 7.3663
3 16 28.2510 11.5517 1.8182 29.7112 11.3733 1.9525 30.7267 11.7050 3.9323
3 16 30.7267 11.7050 3.9323 30.8197 12.0255 4.8144 28.2510 11.5517 1.8182
3 16 30.4702 10.7956 2.1298 31.4803 11.3529 4.8809 30.7267 11.7050 3.9323
3 16 30.7267 11.7050 3.9323 29.7112 11.3733 1.9525 30.4702 10.7956 2.1298
4 16 26.2464 10.4077 -2.9252 27.4150 10.9237 -0.6184 25.7508 10.5971 -1.7587 24.4730 10.1791 -3.5493
3 16 25.0482 10.5687 -1.6835 25.7508 10.5971 -1.7587 27.4150 10.9237 -0.6184
3 16 27.4150 10.9237 -0.6184 28.2510 11.5517 1.8182 25.0482 10.5687 -1.6835
3 16 24.4730 10.1791 -3.5493 25.7508 10.5971 -1.7587 25.0482 10.5687 -1.6835
3 16 25.0482 10.5687 -1.6835 20.8585 9.7231 -4.9862 24.4730 10.1791 -3.5493
3 16 10.6481 -61.5126 13.4451 11.0521 -61.8036 20.9533 13.9478 -60.7839 21.0851
3 16 13.9478 -60.7839 21.0851 13.4267 -60.2247 14.7560 10.6481 -61.5126 13.4451
3 16 11.0521 -61.8036 20.9533 11.3111 -62.1252 26.0215 14.3131 -61.2689 26.0034
3 16 14.3131 -61.2689 26.0034 13.9478 -60.7839 21.0851 11.0521 -61.8036 20.9533
3 16 13.9478 -60.7839 21.0851 14.3131 -61.2689 26.0034 16.9302 -60.4465 25.8797
3 16 16.9302 -60.4465 25.8797 16.6249 -59.7869 21.1126 13.9478 -60.7839 21.0851
3 16 13.4267 -60.2247 14.7560 13.9478 -60.7839 21.0851 16.6249 -59.7869 21.1126
3 16 16.6249 -59.7869 21.1126 15.9762 -58.6824 14.0726 13.4267 -60.2247 14.7560
3 16 13.0222 -57.3969 -0.2393 11.9435 -58.9074 -0.4184 12.7277 -59.5920 7.4185
3 16 12.7277 -59.5920 7.4185 14.1448 -58.2121 6.9906 13.0222 -57.3969 -0.2393
3 16 11.9435 -58.9074 -0.4184 10.8870 -60.1803 -0.5989 11.1387 -60.7362 6.4618
3 16 11.1387 -60.7362 6.4618 12.7277 -59.5920 7.4185 11.9435 -58.9074 -0.4184
3 16 12.7277 -59.5920 7.4185 11.1387 -60.7362 6.4618 10.6481 -61.5126 13.4451
3 16 10.6481 -61.5126 13.4451 13.4267 -60.2247 14.7560 12.7277 -59.5920 7.4185
3 16 14.1448 -58.2121 6.9906 12.7277 -59.5920 7.4185 13.4267 -60.2247 14.7560
3 16 13.4267 -60.2247 14.7560 15.9762 -58.6824 14.0726 14.1448 -58.2121 6.9906
3 16 11.5794 -41.3801 -18.6148 11.4220 -45.1274 -16.1432 9.3396 -45.0999 -16.5706
3 16 9.3396 -45.0999 -16.5706 9.4388 -41.2617 -19.0568 11.5794 -41.3801 -18.6148
3 16 13.6915 -41.5170 -17.9080 13.4686 -45.1597 -15.4690 11.4220 -45.1274 -16.1432
3 16 11.4220 -45.1274 -16.1432 11.5794 -41.3801 -18.6148 13.6915 -41.5170 -17.9080
4 16 11.4220 -45.1274 -16.1432 13.4686 -45.1597 -15.4690 13.2042 -48.4865 -12.7565 11.1932 -48.5225 -13.3629
4 16 9.3396 -45.0999 -16.5706 11.4220 -45.1274 -16.1432 11.1932 -48.5225 -13.3629 9.1531 -48.5516 -13.7497
3 16 6.2989 -26.0280 -25.0833 6.2739 -27.3788 -23.0466 4.1925 -28.6450 -23.1676
3 16 4.1925 -28.6450 -23.1676 4.2092 -27.3195 -25.0852 6.2989 -26.0280 -25.0833
3 16 8.3388 -23.9588 -24.9661 8.3068 -25.2889 -22.8496 6.2739 -27.3788 -23.0466
3 16 6.2739 -27.3788 -23.0466 6.2989 -26.0280 -25.0833 8.3388 -23.9588 -24.9661
3 16 6.2739 -27.3788 -23.0466 8.3068 -25.2889 -22.8496 8.2918 -27.2618 -20.6065
3 16 8.2918 -27.2618 -20.6065 6.2339 -28.7084 -20.9607 6.2739 -27.3788 -23.0466
4 16 4.1925 -28.6450 -23.1676 6.2739 -27.3788 -23.0466 6.2339 -28.7084 -20.9607 4.1678 -29.8408 -21.2679
3 16 34.2350 7.8860 2.5174 33.0153 7.3334 -1.2767 32.0227 10.0213 -1.8453
3 16 32.0227 10.0213 -1.8453 33.3120 10.6754 1.7767 34.2350 7.8860 2.5174
3 16 31.5450 6.7223 -5.0489 30.5234 9.3010 -5.5247 32.0227 10.0213 -1.8453
3 16 32.0227 10.0213 -1.8453 33.0153 7.3334 -1.2767 31.5450 6.7223 -5.0489
3 16 30.5234 9.3010 -5.5247 29.1414 11.2271 -5.6858 30.6582 11.9415 -2.1469
3 16 30.6582 11.9415 -2.1469 32.0227 10.0213 -1.8453 30.5234 9.3010 -5.5247
3 16 33.3120 10.6754 1.7767 32.0227 10.0213 -1.8453 30.6582 11.9415 -2.1469
3 16 30.6582 11.9415 -2.1469 32.0268 12.5763 1.2781 33.3120 10.6754 1.7767
3 16 15.0574 -6.0400 -24.9832 14.6740 -7.4289 -25.5094 14.2724 -6.8804 -26.9237
3 16 14.2724 -6.8804 -26.9237 14.2870 -5.5752 -26.7079 15.0574 -6.0400 -24.9832
3 16 14.5488 -8.3809 -25.6914 14.1573 -7.9772 -27.1402 14.2724 -6.8804 -26.9237
3 16 14.2724 -6.8804 -26.9237 14.6740 -7.4289 -25.5094 14.5488 -8.3809 -25.6914
4 16 14.2724 -6.8804 -26.9237 14.1573 -7.9772 -27.1402 13.7195 -7.5573 -28.6141 13.8486 -6.3486 -28.4173
4 16 14.2870 -5.5752 -26.7079 14.2724 -6.8804 -26.9237 13.8486 -6.3486 -28.4173 13.8618 -5.1278 -28.2035
4 16 13.8618 -5.1278 -28.2035 13.7473 -3.6795 -27.8975 14.1093 -3.7480 -26.5256 14.2870 -5.5752 -26.7079
3 16 13.4660 -1.9771 -27.5047 13.7464 -1.6210 -26.2743 14.1093 -3.7480 -26.5256
3 16 14.1093 -3.7480 -26.5256 13.7473 -3.6795 -27.8975 13.4660 -1.9771 -27.5047
3 16 14.1093 -3.7480 -26.5256 13.7464 -1.6210 -26.2743 14.3479 -1.0492 -25.0977
3 16 14.3479 -1.0492 -25.0977 14.8116 -3.5385 -25.1810 14.1093 -3.7480 -26.5256
3 16 14.2870 -5.5752 -26.7079 14.1093 -3.7480 -26.5256 14.8116 -3.5385 -25.1810
3 16 14.8116 -3.5385 -25.1810 15.0574 -6.0400 -24.9832 14.2870 -5.5752 -26.7079
4 16 0.0000 9.7716 -22.4376 0.0000 10.0835 -20.3898 3.1803 10.1050 -20.3098 2.6952 9.7953 -22.3695
4 16 0.0000 10.0835 -20.3898 0.0000 10.5514 -17.4127 3.7884 10.5612 -17.3287 3.1803 10.1050 -20.3098
4 16 3.1803 10.1050 -20.3098 3.7884 10.5612 -17.3287 7.3068 10.5398 -17.3455 6.2162 10.1029 -20.2373
4 16 2.6952 9.7953 -22.3695 3.1803 10.1050 -20.3098 6.2162 10.1029 -20.2373 5.3198 9.7856 -22.2417
3 16 32.4135 -3.5835 0.2159 32.6287 -2.0864 0.7322 33.3162 -2.0919 3.0893
3 16 33.3162 -2.0919 3.0893 33.1050 -3.5365 2.3564 32.4135 -3.5835 0.2159
3 16 31.5913 -3.6494 -1.9522 31.7495 -2.1529 -1.7562 32.6287 -2.0864 0.7322
3 16 32.6287 -2.0864 0.7322 32.4135 -3.5835 0.2159 31.5913 -3.6494 -1.9522
3 16 31.7495 -2.1529 -1.7562 31.9076 -0.6565 -1.5602 32.8439 -0.5894 1.2485
3 16 32.8439 -0.5894 1.2485 32.6287 -2.0864 0.7322 31.7495 -2.1529 -1.7562
3 16 32.6287 -2.0864 0.7322 32.8439 -0.5894 1.2485 33.5273 -0.6473 3.8221
3 16 33.5273 -0.6473 3.8221 33.3162 -2.0919 3.0893 32.6287 -2.0864 0.7322
3 16 28.2510 11.5517 1.8182 30.8197 12.0255 4.8144 31.0901 12.4132 5.6809
3 16 31.0901 12.4132 5.6809 30.2848 12.4288 4.7553 28.2510 11.5517 1.8182
3 16 32.2107 12.1323 7.3663 31.9248 12.8349 7.3594 31.0901 12.4132 5.6809
3 16 31.0901 12.4132 5.6809 30.8197 12.0255 4.8144 32.2107 12.1323 7.3663
3 16 31.5337 13.2199 7.2782 30.2848 12.4288 4.7553 31.0901 12.4132 5.6809
3 16 31.0901 12.4132 5.6809 31.9248 12.8349 7.3594 31.5337 13.2199 7.2782
3 16 22.9983 -7.5677 -14.4999 21.5882 -7.9755 -15.5465 20.8979 -6.9854 -15.7929
3 16 20.8979 -6.9854 -15.7929 22.4233 -6.2023 -14.6847 22.9983 -7.5677 -14.4999
3 16 20.4473 -8.8138 -16.3209 19.4917 -8.1172 -16.7186 20.8979 -6.9854 -15.7929
3 16 20.8979 -6.9854 -15.7929 21.5882 -7.9755 -15.5465 20.4473 -8.8138 -16.3209
3 16 19.4917 -8.1172 -16.7186 18.4598 -7.4058 -17.1441 20.0332 -5.9252 -16.1382
3 16 20.0332 -5.9252 -16.1382 20.8979 -6.9854 -15.7929 19.4917 -8.1172 -16.7186
3 16 22.4233 -6.2023 -14.6847 20.8979 -6.9854 -15.7929 20.0332 -5.9252 -16.1382
3 16 20.0332 -5.9252 -16.1382 21.6903 -4.6158 -14.9843 22.4233 -6.2023 -14.6847
4 16 20.4473 -8.8138 -16.3209 21.5882 -7.9755 -15.5465 21.9101 -8.7679 -15.4820 21.3222 -9.4841 -15.9271
3 16 22.6358 -8.9051 -14.9827 21.9101 -8.7679 -15.4820 21.5882 -7.9755 -15.5465
3 16 21.5882 -7.9755 -15.5465 22.9983 -7.5677 -14.4999 22.6358 -8.9051 -14.9827
3 16 21.3222 -9.4841 -15.9271 21.9101 -8.7679 -15.4820 22.6358 -8.9051 -14.9827
3 16 22.6358 -8.9051 -14.9827 22.4126 -10.3451 -15.3060 21.3222 -9.4841 -15.9271
3 16 0.0000 9.5782 -23.4387 2.3227 9.5970 -23.3804 2.0569 9.3980 -23.8823
3 16 2.0569 9.3980 -23.8823 0.0000 9.3933 -23.9284 0.0000 9.5782 -23.4387
4 16 0.0000 9.5782 -23.4387 0.0000 9.7716 -22.4376 2.6952 9.7953 -22.3695 2.3227 9.5970 -23.3804
3 16 2.6952 9.7953 -22.3695 5.3198 9.7856 -22.2417 4.5964 9.5581 -23.2554
3 16 4.5964 9.5581 -23.2554 2.3227 9.5970 -23.3804 2.6952 9.7953 -22.3695
3 16 2.0569 9.3980 -23.8823 2.3227 9.5970 -23.3804 4.5964 9.5581 -23.2554
3 16 4.5964 9.5581 -23.2554 4.0685 9.3122 -23.7984 2.0569 9.3980 -23.8823
4 16 4.2092 -27.3195 -25.0852 2.1063 -28.0191 -25.0888 2.1066 -26.4813 -26.9592 4.2046 -25.7778 -26.9978
4 16 2.1063 -28.0191 -25.0888 0.0000 -28.2331 -25.0959 0.0000 -26.7095 -26.9393 2.1066 -26.4813 -26.9592
4 16 2.1066 -26.4813 -26.9592 0.0000 -26.7095 -26.9393 0.0000 -25.0140 -28.6604 2.0789 -24.7837 -28.6881
4 16 4.2046 -25.7778 -26.9978 2.1066 -26.4813 -26.9592 2.0789 -24.7837 -28.6881 4.1444 -24.1059 -28.7195
4 16 2.3408 -66.1547 15.4357 1.0742 -66.1792 15.4232 1.1407 -65.9393 7.0075 2.4983 -65.9115 7.0183
4 16 1.0742 -66.1792 15.4232 0.0000 -66.1799 15.4196 0.0000 -65.9367 7.0053 1.1407 -65.9393 7.0075
4 16 1.1407 -65.9393 7.0075 0.0000 -65.9367 7.0053 0.0000 -65.6938 -1.4090 1.2072 -65.6996 -1.4082
4 16 2.4983 -65.9115 7.0183 1.1407 -65.9393 7.0075 1.2072 -65.6996 -1.4082 2.6558 -65.6684 -1.3991
4 16 10.9460 6.4489 -24.1116 11.9658 7.2529 -23.3605 13.1299 6.1145 -23.5164 12.1108 5.1587 -24.3269
3 16 11.9658 7.2529 -23.3605 13.2352 8.0193 -22.5360 14.4040 7.0252 -22.6892
3 16 14.4040 7.0252 -22.6892 13.1299 6.1145 -23.5164 11.9658 7.2529 -23.3605
4 16 13.1299 6.1145 -23.5164 14.4040 7.0252 -22.6892 15.3599 5.5531 -22.8125 14.0553 4.5543 -23.6858
3 16 13.1299 6.1145 -23.5164 14.0553 4.5543 -23.6858 13.0264 3.5146 -24.5753
3 16 13.0264 3.5146 -24.5753 12.1108 5.1587 -24.3269 13.1299 6.1145 -23.5164
3 16 15.4931 -53.1372 -1.4508 18.2586 -52.6572 -0.2389 18.5277 -50.7149 -2.8112
3 16 18.5277 -50.7149 -2.8112 15.9457 -51.2412 -4.0149 15.4931 -53.1372 -1.4508
3 16 15.4931 -53.1372 -1.4508 13.8184 -55.3885 0.6820 18.0692 -54.5765 3.4644
3 16 18.0692 -54.5765 3.4644 18.2586 -52.6572 -0.2389 15.4931 -53.1372 -1.4508
3 16 18.2586 -52.6572 -0.2389 18.0692 -54.5765 3.4644 20.8494 -53.8039 4.8449
3 16 20.8494 -53.8039 4.8449 20.9374 -51.8135 1.2015 18.2586 -52.6572 -0.2389
3 16 18.5277 -50.7149 -2.8112 18.2586 -52.6572 -0.2389 20.9374 -51.8135 1.2015
3 16 20.9374 -51.8135 1.2015 21.0932 -49.7965 -1.3283 18.5277 -50.7149 -2.8112
4 16 32.3214 -28.9354 12.4535 31.3893 -31.1766 9.2803 31.2928 -33.2297 10.2286 31.7174 -33.3276 12.3362
3 16 30.5867 -35.2826 8.7715 31.2928 -33.2297 10.2286 31.3893 -31.1766 9.2803
3 16 31.3893 -31.1766 9.2803 30.4864 -33.2573 6.7754 30.5867 -35.2826 8.7715
4 16 30.6872 -37.5526 11.1755 31.7174 -33.3276 12.3362 31.2928 -33.2297 10.2286 30.5867 -35.2826 8.7715
4 16 32.0604 -0.4620 -2.4394 32.0593 -0.5585 -1.8040 31.0835 -0.7052 -4.0131 30.6869 -0.7161 -5.2291
3 16 31.9076 -0.6565 -1.5602 30.5303 -0.8848 -4.7632 31.0835 -0.7052 -4.0131
3 16 31.0835 -0.7052 -4.0131 32.0593 -0.5585 -1.8040 31.9076 -0.6565 -1.5602
4 16 28.8435 -1.2853 -7.8562 30.6869 -0.7161 -5.2291 31.0835 -0.7052 -4.0131 30.5303 -0.8848 -4.7632
4 16 14.0580 -34.0007 -21.7661 13.6676 -33.5684 -19.9594 15.9330 -34.1931 -18.8935 16.3470 -34.6184 -20.6032
4 16 13.6676 -33.5684 -19.9594 13.3512 -33.2221 -18.4242 15.5832 -33.8354 -17.4472 15.9330 -34.1931 -18.8935
4 16 15.9330 -34.1931 -18.8935 15.5832 -33.8354 -17.4472 17.7048 -34.4041 -15.9941 18.1762 -34.7876 -17.3293
4 16 16.3470 -34.6184 -20.6032 15.9330 -34.1931 -18.8935 18.1762 -34.7876 -17.3293 18.7275 -35.2371 -18.8969
3 16 28.8435 -1.2853 -7.8562 30.5303 -0.8848 -4.7632 30.6180 -2.3298 -4.4164
3 16 30.6180 -2.3298 -4.4164 29.4821 -2.6938 -6.7467 28.8435 -1.2853 -7.8562
4 16 30.5303 -0.8848 -4.7632 31.9076 -0.6565 -1.5602 31.7495 -2.1529 -1.7562 30.6180 -2.3298 -4.4164
4 16 30.6180 -2.3298 -4.4164 31.7495 -2.1529 -1.7562 31.5913 -3.6494 -1.9522 30.6561 -3.7648 -4.1293
4 16 29.4821 -2.6938 -6.7467 30.6180 -2.3298 -4.4164 30.6561 -3.7648 -4.1293 29.6624 -3.9608 -6.1867
3 16 21.1927 -47.8408 -3.4127 18.6965 -48.6943 -5.0169 18.5277 -50.7149 -2.8112
3 16 18.5277 -50.7149 -2.8112 21.0932 -49.7965 -1.3283 21.1927 -47.8408 -3.4127
4 16 21.1927 -47.8408 -3.4127 21.2049 -45.8345 -5.4009 18.7989 -46.4019 -7.1827 18.6965 -48.6943 -5.0169
3 16 18.7989 -46.4019 -7.1827 16.3309 -46.7326 -8.7388 16.1752 -49.1890 -6.3881
3 16 16.1752 -49.1890 -6.3881 18.6965 -48.6943 -5.0169 18.7989 -46.4019 -7.1827
3 16 18.6965 -48.6943 -5.0169 16.1752 -49.1890 -6.3881 15.9457 -51.2412 -4.0149
3 16 15.9457 -51.2412 -4.0149 18.5277 -50.7149 -2.8112 18.6965 -48.6943 -5.0169
4 16 21.0932 -49.7965 -1.3283 23.1350 -48.5311 0.2787 23.1989 -46.6767 -1.7252 21.1927 -47.8408 -3.4127
4 16 23.1350 -48.5311 0.2787 24.6636 -47.1063 1.8114 24.7326 -45.2346 -0.1795 23.1989 -46.6767 -1.7252
4 16 23.1989 -46.6767 -1.7252 24.7326 -45.2346 -0.1795 24.5752 -42.9429 -2.7078 23.0753 -44.9737 -3.6832
3 16 23.1989 -46.6767 -1.7252 23.0753 -44.9737 -3.6832 21.2049 -45.8345 -5.4009
3 16 21.2049 -45.8345 -5.4009 21.1927 -47.8408 -3.4127 23.1989 -46.6767 -1.7252
3 16 16.2323 -1.5538 -20.0963 14.8716 -2.2494 -21.4104 14.4714 -3.7607 -21.6671
3 16 14.4714 -3.7607 -21.6671 16.7153 -3.7296 -19.3010 16.2323 -1.5538 -20.0963
3 16 14.0613 -1.6076 -22.1776 14.8716 -2.2494 -21.4104 16.2323 -1.5538 -20.0963
3 16 16.2323 -1.5538 -20.0963 15.7904 0.5919 -20.4069 14.0613 -1.6076 -22.1776
3 16 12.4376 -4.2708 -24.0026 14.4714 -3.7607 -21.6671 14.8716 -2.2494 -21.4104
3 16 14.8716 -2.2494 -21.4104 14.0613 -1.6076 -22.1776 12.4376 -4.2708 -24.0026
3 16 14.0613 -1.6076 -22.1776 13.2945 -0.8617 -22.5798 12.2047 -1.7210 -23.5283
3 16 12.2047 -1.7210 -23.5283 12.4376 -4.2708 -24.0026 14.0613 -1.6076 -22.1776
3 16 15.7904 0.5919 -20.4069 13.6124 0.7161 -21.8916 13.2945 -0.8617 -22.5798
3 16 13.2945 -0.8617 -22.5798 14.0613 -1.6076 -22.1776 15.7904 0.5919 -20.4069
3 16 12.2047 -1.7210 -23.5283 13.2945 -0.8617 -22.5798 13.6124 0.7161 -21.8916
3 16 13.6124 0.7161 -21.8916 11.6572 0.5751 -23.0448 12.2047 -1.7210 -23.5283
3 16 20.0476 7.7147 -15.0986 21.9752 8.2578 -12.6605 21.1500 8.5725 -11.9099
3 16 21.1500 8.5725 -11.9099 19.3263 8.0416 -14.4519 20.0476 7.7147 -15.0986
3 16 20.0476 7.7147 -15.0986 20.5195 6.9567 -15.4791 22.4485 7.4251 -13.3600
3 16 22.4485 7.4251 -13.3600 21.9752 8.2578 -12.6605 20.0476 7.7147 -15.0986
3 16 21.9752 8.2578 -12.6605 22.4485 7.4251 -13.3600 24.3724 8.0268 -10.7256
3 16 24.3724 8.0268 -10.7256 23.8113 8.8716 -9.7616 21.9752 8.2578 -12.6605
3 16 21.1500 8.5725 -11.9099 21.9752 8.2578 -12.6605 23.8113 8.8716 -9.7616
3 16 23.8113 8.8716 -9.7616 22.5645 9.2083 -8.6630 21.1500 8.5725 -11.9099
3 16 15.3924 7.1570 -18.3734 16.2699 6.7658 -18.4973 18.0708 7.2248 -17.0327
3 16 18.0708 7.2248 -17.0327 17.2934 7.5623 -16.6324 15.3924 7.1570 -18.3734
3 16 16.2699 6.7658 -18.4973 17.1889 6.0177 -18.3318 18.7249 6.5719 -17.0994
3 16 18.7249 6.5719 -17.0994 18.0708 7.2248 -17.0327 16.2699 6.7658 -18.4973
3 16 18.0708 7.2248 -17.0327 18.7249 6.5719 -17.0994 20.5195 6.9567 -15.4791
3 16 20.5195 6.9567 -15.4791 20.0476 7.7147 -15.0986 18.0708 7.2248 -17.0327
3 16 17.2934 7.5623 -16.6324 18.0708 7.2248 -17.0327 20.0476 7.7147 -15.0986
3 16 20.0476 7.7147 -15.0986 19.3263 8.0416 -14.4519 17.2934 7.5623 -16.6324
3 16 15.7112 5.4297 -19.4284 16.8845 3.9344 -19.0289 18.5088 4.8296 -17.7309
3 16 18.5088 4.8296 -17.7309 17.1889 6.0177 -18.3318 15.7112 5.4297 -19.4284
3 16 14.0100 4.7069 -20.6211 15.1270 3.0331 -20.3762 16.8845 3.9344 -19.0289
3 16 16.8845 3.9344 -19.0289 15.7112 5.4297 -19.4284 14.0100 4.7069 -20.6211
3 16 15.1270 3.0331 -20.3762 15.7904 0.5919 -20.4069 18.2144 2.2760 -18.4062
3 16 18.2144 2.2760 -18.4062 16.8845 3.9344 -19.0289 15.1270 3.0331 -20.3762
3 16 18.5088 4.8296 -17.7309 16.8845 3.9344 -19.0289 18.2144 2.2760 -18.4062
3 16 18.2144 2.2760 -18.4062 20.6512 3.5285 -16.2844 18.5088 4.8296 -17.7309
3 16 12.5018 7.5677 -17.6182 14.2130 7.3942 -18.0559 16.0933 7.7677 -15.8997
3 16 16.0933 7.7677 -15.8997 14.3529 7.9435 -14.9648 12.5018 7.5677 -17.6182
3 16 14.2130 7.3942 -18.0559 15.3924 7.1570 -18.3734 17.2934 7.5623 -16.6324
3 16 17.2934 7.5623 -16.6324 16.0933 7.7677 -15.8997 14.2130 7.3942 -18.0559
3 16 16.0933 7.7677 -15.8997 17.2934 7.5623 -16.6324 19.3263 8.0416 -14.4519
3 16 19.3263 8.0416 -14.4519 18.1296 8.2017 -13.5351 16.0933 7.7677 -15.8997
3 16 16.0933 7.7677 -15.8997 18.1296 8.2017 -13.5351 16.6226 8.3870 -12.2428
3 16 16.6226 8.3870 -12.2428 14.3529 7.9435 -14.9648 16.0933 7.7677 -15.8997
3 16 30.2286 -15.7858 5.2650 30.0067 -15.3652 4.3613 29.5869 -15.8543 3.0944
3 16 29.5869 -15.8543 3.0944 29.5757 -18.4801 3.4632 30.2286 -15.7858 5.2650
4 16 30.5652 -14.1368 6.1145 30.1360 -14.0619 4.5225 30.0067 -15.3652 4.3613 30.2286 -15.7858 5.2650
4 16 29.5816 -13.9869 2.7329 29.5869 -15.8543 3.0944 30.0067 -15.3652 4.3613 30.1360 -14.0619 4.5225
4 16 30.5652 -14.1368 6.1145 30.2286 -15.7858 5.2650 30.5477 -15.5263 6.3840 30.9103 -14.1995 7.4164
4 16 29.5757 -18.4801 3.4632 30.5405 -16.4330 6.5264 30.5477 -15.5263 6.3840 30.2286 -15.7858 5.2650
4 16 31.1912 -14.1904 8.4166 30.9103 -14.1995 7.4164 30.5477 -15.5263 6.3840 30.5405 -16.4330 6.5264
3 16 31.4170 -14.0524 9.1332 31.5860 -15.4197 10.2056 31.7190 -14.8041 10.5752
3 16 31.7190 -14.8041 10.5752 31.5744 -13.7842 9.6226 31.4170 -14.0524 9.1332
3 16 31.1912 -14.1904 8.4166 31.2644 -16.2375 9.1657 31.5860 -15.4197 10.2056
3 16 31.5860 -15.4197 10.2056 31.4170 -14.0524 9.1332 31.1912 -14.1904 8.4166
3 16 31.2644 -16.2375 9.1657 31.4839 -17.6508 10.2009 31.8083 -16.6721 11.3091
3 16 31.8083 -16.6721 11.3091 31.5860 -15.4197 10.2056 31.2644 -16.2375 9.1657
3 16 31.5860 -15.4197 10.2056 31.8083 -16.6721 11.3091 31.9659 -15.4603 11.8275
3 16 31.9659 -15.4603 11.8275 31.7190 -14.8041 10.5752 31.5860 -15.4197 10.2056
4 16 31.9659 -15.4603 11.8275 31.8083 -16.6721 11.3091 32.0406 -17.7359 12.1890 32.2776 -17.1933 13.0083
4 16 31.4839 -17.6508 10.2009 31.8141 -18.8716 11.4088 32.0406 -17.7359 12.1890 31.8083 -16.6721 11.3091
3 16 32.2776 -17.1933 13.0083 32.0406 -17.7359 12.1890 31.8141 -18.8716 11.4088
3 16 31.8141 -18.8716 11.4088 32.7075 -20.0613 14.2942 32.2776 -17.1933 13.0083
4 16 32.2262 -2.1425 12.2948 31.9764 -2.8977 10.9707 31.9938 -3.5130 11.5525 32.1987 -2.9318 12.7072
3 16 31.7236 -3.7646 9.6254 31.8062 -4.1151 10.3796 31.9938 -3.5130 11.5525
3 16 31.9938 -3.5130 11.5525 31.9764 -2.8977 10.9707 31.7236 -3.7646 9.6254
3 16 31.8062 -4.1151 10.3796 31.8098 -4.5851 10.7868 31.9796 -4.1354 11.7906
3 16 31.9796 -4.1354 11.7906 31.9938 -3.5130 11.5525 31.8062 -4.1151 10.3796
3 16 32.1987 -2.9318 12.7072 31.9938 -3.5130 11.5525 31.9796 -4.1354 11.7906
3 16 31.9796 -4.1354 11.7906 32.2133 -4.1508 13.0101 32.1987 -2.9318 12.7072
3 16 27.0115 -4.7307 -4.4539 25.4158 -2.6958 -7.6280 25.4546 -3.6619 -7.2557
3 16 25.4546 -3.6619 -7.2557 26.4720 -5.0471 -5.3763 27.0115 -4.7307 -4.4539
3 16 23.3019 -0.9731 -10.9337 24.6907 -3.3974 -8.4230 25.4546 -3.6619 -7.2557
3 16 25.4546 -3.6619 -7.2557 25.4158 -2.6958 -7.6280 23.3019 -0.9731 -10.9337
3 16 26.0249 -5.4144 -6.0564 26.4720 -5.0471 -5.3763 25.4546 -3.6619 -7.2557
3 16 25.4546 -3.6619 -7.2557 24.6907 -3.3974 -8.4230 26.0249 -5.4144 -6.0564
3 16 4.6243 -36.2693 -19.3645 6.4551 -36.8334 -18.9541 5.9398 -33.6117 -20.7511
3 16 5.9398 -33.6117 -20.7511 4.2291 -33.3504 -20.9439 4.6243 -36.2693 -19.3645
3 16 4.3136 -39.4157 -17.5487 6.7695 -40.1262 -16.9683 6.4551 -36.8334 -18.9541
3 16 6.4551 -36.8334 -18.9541 4.6243 -36.2693 -19.3645 4.3136 -39.4157 -17.5487
3 16 6.7695 -40.1262 -16.9683 8.8289 -40.3327 -16.6200 8.4026 -37.1187 -18.6346
3 16 8.4026 -37.1187 -18.6346 6.4551 -36.8334 -18.9541 6.7695 -40.1262 -16.9683
3 16 6.4551 -36.8334 -18.9541 8.4026 -37.1187 -18.6346 7.7859 -33.9631 -20.4769
3 16 7.7859 -33.9631 -20.4769 5.9398 -33.6117 -20.7511 6.4551 -36.8334 -18.9541
3 16 4.6620 -43.3672 -14.8549 6.8793 -43.5114 -14.6222 6.7695 -40.1262 -16.9683
3 16 6.7695 -40.1262 -16.9683 4.3136 -39.4157 -17.5487 4.6620 -43.3672 -14.8549
4 16 4.6620 -43.3672 -14.8549 4.6273 -46.6038 -12.1820 6.7878 -46.6574 -12.0100 6.8793 -43.5114 -14.6222
4 16 6.8793 -43.5114 -14.6222 6.7878 -46.6574 -12.0100 8.8010 -46.6873 -11.7245 8.9310 -43.6034 -14.3033
3 16 6.8793 -43.5114 -14.6222 8.9310 -43.6034 -14.3033 8.8289 -40.3327 -16.6200
3 16 8.8289 -40.3327 -16.6200 6.7695 -40.1262 -16.9683 6.8793 -43.5114 -14.6222
4 16 4.6273 -46.6038 -12.1820 4.6620 -43.3672 -14.8549 2.3529 -43.3396 -14.8810 2.3458 -46.5636 -12.2028
3 16 4.3136 -39.4157 -17.5487 2.1205 -40.0626 -17.1655 2.3529 -43.3396 -14.8810
3 16 2.3529 -43.3396 -14.8810 4.6620 -43.3672 -14.8549 4.3136 -39.4157 -17.5487
4 16 2.3529 -43.3396 -14.8810 2.1205 -40.0626 -17.1655 0.0000 -40.0313 -17.1658 0.0000 -43.3131 -14.8724
4 16 2.3458 -46.5636 -12.2028 2.3529 -43.3396 -14.8810 0.0000 -43.3131 -14.8724 0.0000 -46.5489 -12.1783
4 16 16.4488 -35.9600 -13.6436 14.5833 -35.5187 -14.9806 14.5756 -35.5185 -16.8553 16.5294 -35.9838 -15.4649
3 16 12.5705 -35.0611 -15.8347 12.5525 -35.0294 -17.6967 14.5756 -35.5185 -16.8553
3 16 14.5756 -35.5185 -16.8553 14.5833 -35.5187 -14.9806 12.5705 -35.0611 -15.8347
3 16 12.5525 -35.0294 -17.6967 12.5345 -34.9977 -19.5587 14.5679 -35.5184 -18.7299
3 16 14.5679 -35.5184 -18.7299 14.5756 -35.5185 -16.8553 12.5525 -35.0294 -17.6967
4 16 16.5294 -35.9838 -15.4649 14.5756 -35.5185 -16.8553 14.5679 -35.5184 -18.7299 16.6101 -36.0077 -17.2863
4 16 12.4456 -46.6872 -10.8127 12.6219 -43.6279 -13.3810 10.8264 -43.6118 -13.9305 10.6654 -46.6734 -11.3619
3 16 12.7106 -40.4882 -15.7356 10.8133 -40.4135 -16.2567 10.8264 -43.6118 -13.9305
3 16 10.8264 -43.6118 -13.9305 12.6219 -43.6279 -13.3810 12.7106 -40.4882 -15.7356
3 16 10.8133 -40.4135 -16.2567 8.8289 -40.3327 -16.6200 8.9310 -43.6034 -14.3033
3 16 8.9310 -43.6034 -14.3033 10.8264 -43.6118 -13.9305 10.8133 -40.4135 -16.2567
4 16 10.6654 -46.6734 -11.3619 10.8264 -43.6118 -13.9305 8.9310 -43.6034 -14.3033 8.8010 -46.6873 -11.7245
4 16 24.8911 -35.5822 -7.5925 23.3314 -36.3022 -9.9233 23.3117 -39.3137 -7.8046 24.8437 -39.2091 -5.0575
4 16 23.3314 -36.3022 -9.9233 21.4393 -36.5993 -12.3950 21.4036 -39.0048 -10.7139 23.3117 -39.3137 -7.8046
3 16 21.4036 -39.0048 -10.7139 21.3128 -41.3709 -9.0720 23.1275 -41.9699 -6.1612
3 16 23.1275 -41.9699 -6.1612 23.3117 -39.3137 -7.8046 21.4036 -39.0048 -10.7139
4 16 24.8437 -39.2091 -5.0575 23.3117 -39.3137 -7.8046 23.1275 -41.9699 -6.1612 24.5752 -42.9429 -2.7078
4 16 16.3309 -46.7326 -8.7388 18.7989 -46.4019 -7.1827 18.8812 -43.7320 -9.4592 16.4608 -43.7832 -11.2192
3 16 21.2049 -45.8345 -5.4009 21.1850 -43.6611 -7.3976 18.8812 -43.7320 -9.4592
3 16 18.8812 -43.7320 -9.4592 18.7989 -46.4019 -7.1827 21.2049 -45.8345 -5.4009
3 16 21.1850 -43.6611 -7.3976 21.3128 -41.3709 -9.0720 18.9635 -41.0277 -11.5927
3 16 18.9635 -41.0277 -11.5927 18.8812 -43.7320 -9.4592 21.1850 -43.6611 -7.3976
4 16 16.4608 -43.7832 -11.2192 18.8812 -43.7320 -9.4592 18.9635 -41.0277 -11.5927 16.5549 -40.8078 -13.5753
3 16 21.0115 -36.4971 -11.0403 18.7814 -36.3789 -13.3850 19.0427 -36.4368 -15.0186
3 16 19.0427 -36.4368 -15.0186 21.4393 -36.5993 -12.3950 21.0115 -36.4971 -11.0403
3 16 20.5838 -36.3949 -9.6856 18.5200 -36.3210 -11.7514 18.7814 -36.3789 -13.3850
3 16 18.7814 -36.3789 -13.3850 21.0115 -36.4971 -11.0403 20.5838 -36.3949 -9.6856
4 16 18.7814 -36.3789 -13.3850 18.5200 -36.3210 -11.7514 16.4488 -35.9600 -13.6436 16.5294 -35.9838 -15.4649
4 16 19.0427 -36.4368 -15.0186 18.7814 -36.3789 -13.3850 16.5294 -35.9838 -15.4649 16.6101 -36.0077 -17.2863
3 16 27.1928 -33.4477 -2.9740 25.9238 -34.4647 -4.7577 26.3528 -34.5743 -5.3557
3 16 26.3528 -34.5743 -5.3557 27.5582 -33.5754 -3.5426 27.1928 -33.4477 -2.9740
3 16 26.8274 -33.3199 -2.4053 25.4949 -34.3551 -4.1598 25.9238 -34.4647 -4.7577
3 16 25.9238 -34.4647 -4.7577 27.1928 -33.4477 -2.9740 26.8274 -33.3199 -2.4053
4 16 25.9238 -34.4647 -4.7577 25.4949 -34.3551 -4.1598 23.9719 -35.2762 -6.0287 24.4315 -35.4292 -6.8106
4 16 26.3528 -34.5743 -5.3557 25.9238 -34.4647 -4.7577 24.4315 -35.4292 -6.8106 24.8911 -35.5822 -7.5925
3 16 28.7320 -31.6175 -0.6053 28.0902 -32.5206 -1.6845 28.3410 -32.8095 -2.3929
3 16 28.3410 -32.8095 -2.3929 28.8943 -32.0459 -1.4101 28.7320 -31.6175 -0.6053
3 16 28.5698 -31.1890 0.1995 27.8394 -32.2317 -0.9761 28.0902 -32.5206 -1.6845
3 16 28.0902 -32.5206 -1.6845 28.7320 -31.6175 -0.6053 28.5698 -31.1890 0.1995
3 16 28.0902 -32.5206 -1.6845 27.8394 -32.2317 -0.9761 26.8274 -33.3199 -2.4053
3 16 26.8274 -33.3199 -2.4053 27.1928 -33.4477 -2.9740 28.0902 -32.5206 -1.6845
3 16 28.3410 -32.8095 -2.3929 28.0902 -32.5206 -1.6845 27.1928 -33.4477 -2.9740
3 16 27.1928 -33.4477 -2.9740 27.5582 -33.5754 -3.5426 28.3410 -32.8095 -2.3929
3 16 31.9967 -24.5089 8.5598 31.4707 -24.8495 8.4081 30.6500 -27.2133 5.2667
3 16 30.6500 -27.2133 5.2667 31.0827 -27.0839 5.2019 31.9967 -24.5089 8.5598
3 16 31.4707 -24.8495 8.4081 30.9447 -25.1901 8.2563 30.2173 -27.3426 5.3314
3 16 30.2173 -27.3426 5.3314 30.6500 -27.2133 5.2667 31.4707 -24.8495 8.4081
3 16 30.6500 -27.2133 5.2667 30.2173 -27.3426 5.3314 29.6173 -29.0338 2.9159
3 16 29.6173 -29.0338 2.9159 29.9013 -29.1881 2.5510 30.6500 -27.2133 5.2667
3 16 31.0827 -27.0839 5.2019 30.6500 -27.2133 5.2667 29.9013 -29.1881 2.5510
3 16 29.9013 -29.1881 2.5510 30.1853 -29.3423 2.1861 31.0827 -27.0839 5.2019
4 16 30.9447 -25.1901 8.2563 31.4707 -24.8495 8.4081 32.2789 -22.3353 11.5094 31.7929 -22.7094 11.2730
4 16 31.4707 -24.8495 8.4081 31.9967 -24.5089 8.5598 32.7649 -21.9612 11.7457 32.2789 -22.3353 11.5094
3 16 32.2789 -22.3353 11.5094 32.7649 -21.9612 11.7457 33.4341 -19.4669 14.7790
3 16 33.4341 -19.4669 14.7790 33.0708 -19.7641 14.5366 32.2789 -22.3353 11.5094
3 16 31.7929 -22.7094 11.2730 32.2789 -22.3353 11.5094 33.0708 -19.7641 14.5366
3 16 33.0708 -19.7641 14.5366 32.7075 -20.0613 14.2942 31.7929 -22.7094 11.2730
3 16 33.7356 -20.7967 16.4735 34.1346 -18.1499 17.3384 34.1588 -16.3801 17.0959
3 16 34.1588 -16.3801 17.0959 33.4341 -19.4669 14.7790 33.7356 -20.7967 16.4735
3 16 34.4339 -17.9622 18.5117 34.1346 -18.1499 17.3384 33.7356 -20.7967 16.4735
3 16 33.7356 -20.7967 16.4735 34.0420 -21.3659 18.0562 34.4339 -17.9622 18.5117
4 16 34.9972 -13.0676 19.9415 34.1588 -16.3801 17.0959 34.1346 -18.1499 17.3384 34.4339 -17.9622 18.5117
4 16 33.7114 -10.3698 15.6503 33.2161 -10.4657 15.3123 33.1354 -15.1386 14.9485 33.5666 -14.9509 15.2569
4 16 33.2161 -10.4657 15.3123 32.7208 -10.5617 14.9742 32.7042 -15.3262 14.6400 33.1354 -15.1386 14.9485
3 16 33.1354 -15.1386 14.9485 32.7042 -15.3262 14.6400 32.7075 -20.0613 14.2942
3 16 32.7075 -20.0613 14.2942 33.0708 -19.7641 14.5366 33.1354 -15.1386 14.9485
3 16 33.5666 -14.9509 15.2569 33.1354 -15.1386 14.9485 33.0708 -19.7641 14.5366
3 16 33.0708 -19.7641 14.5366 33.4341 -19.4669 14.7790 33.5666 -14.9509 15.2569
3 16 32.7208 -10.5617 14.9742 33.2161 -10.4657 15.3123 33.3236 -5.7140 15.5960
3 16 33.3236 -5.7140 15.5960 32.7706 -5.7480 15.2893 32.7208 -10.5617 14.9742
3 16 33.2161 -10.4657 15.3123 33.7114 -10.3698 15.6503 33.8766 -5.6800 15.9028
3 16 33.8766 -5.6800 15.9028 33.3236 -5.7140 15.5960 33.2161 -10.4657 15.3123
3 16 33.3236 -5.7140 15.5960 33.8766 -5.6800 15.9028 34.0540 -0.9251 16.0707
3 16 34.0540 -0.9251 16.0707 33.4472 -0.9150 15.8318 33.3236 -5.7140 15.5960
3 16 32.7706 -5.7480 15.2893 33.3236 -5.7140 15.5960 33.4472 -0.9150 15.8318
3 16 33.4472 -0.9150 15.8318 32.8404 -0.9048 15.5928 32.7706 -5.7480 15.2893
3 16 33.6901 -25.5162 18.0871 33.3199 -24.8713 15.8756 32.8430 -29.3618 15.4566
3 16 32.8430 -29.3618 15.4566 33.2828 -30.0036 18.2934 33.6901 -25.5162 18.0871
3 16 34.0420 -21.3659 18.0562 33.7356 -20.7967 16.4735 33.3199 -24.8713 15.8756
3 16 33.3199 -24.8713 15.8756 33.6901 -25.5162 18.0871 34.0420 -21.3659 18.0562
3 16 33.7356 -20.7967 16.4735 33.4341 -19.4669 14.7790 32.9794 -24.3792 13.8587
3 16 32.9794 -24.3792 13.8587 33.3199 -24.8713 15.8756 33.7356 -20.7967 16.4735
4 16 32.8430 -29.3618 15.4566 33.3199 -24.8713 15.8756 32.9794 -24.3792 13.8587 32.3214 -28.9354 12.4535
3 16 34.1040 -35.7136 29.2211 33.7519 -36.9268 28.1691 33.2658 -39.7137 29.0510
3 16 33.2658 -39.7137 29.0510 33.6217 -39.6173 31.6481 34.1040 -35.7136 29.2211
4 16 34.3861 -31.6361 26.3918 33.6231 -35.7432 25.7297 33.7519 -36.9268 28.1691 34.1040 -35.7136 29.2211
3 16 33.2658 -39.7137 29.0510 33.7519 -36.9268 28.1691 33.6231 -35.7432 25.7297
3 16 33.6231 -35.7432 25.7297 32.9028 -39.3159 25.8886 33.2658 -39.7137 29.0510
3 16 32.6807 -0.1103 13.2437 33.2910 -0.1115 13.4096 33.0101 0.5917 10.7282
3 16 33.0101 0.5917 10.7282 32.3718 0.5954 10.6356 32.6807 -0.1103 13.2437
3 16 32.8404 -0.9048 15.5928 33.4472 -0.9150 15.8318 33.2910 -0.1115 13.4096
3 16 33.2910 -0.1115 13.4096 32.6807 -0.1103 13.2437 32.8404 -0.9048 15.5928
3 16 33.4472 -0.9150 15.8318 34.0540 -0.9251 16.0707 33.9013 -0.1126 13.5756
3 16 33.9013 -0.1126 13.5756 33.2910 -0.1115 13.4096 33.4472 -0.9150 15.8318
3 16 33.2910 -0.1115 13.4096 33.9013 -0.1126 13.5756 33.6484 0.5879 10.8207
3 16 33.6484 0.5879 10.8207 33.0101 0.5917 10.7282 33.2910 -0.1115 13.4096
3 16 30.3157 1.7001 -2.7718 29.7363 1.6120 -2.2498 30.8706 1.6558 1.0149
3 16 30.8706 1.6558 1.0149 31.5930 1.6831 0.7585 30.3157 1.7001 -2.7718
3 16 29.7363 1.6120 -2.2498 29.1570 1.5239 -1.7279 30.1481 1.6284 1.2713
3 16 30.1481 1.6284 1.2713 30.8706 1.6558 1.0149 29.7363 1.6120 -2.2498
3 16 30.1481 1.6284 1.2713 31.0376 1.4867 4.3957 31.7859 1.4673 4.3034
3 16 31.7859 1.4673 4.3034 30.8706 1.6558 1.0149 30.1481 1.6284 1.2713
3 16 30.8706 1.6558 1.0149 31.7859 1.4673 4.3034 32.5342 1.4479 4.2112
3 16 32.5342 1.4479 4.2112 31.5930 1.6831 0.7585 30.8706 1.6558 1.0149
3 16 23.3019 -0.9731 -10.9337 22.5097 -0.9594 -13.3792 20.3494 -2.0852 -14.9910
3 16 20.3494 -2.0852 -14.9910 21.4942 -2.0819 -12.2552 23.3019 -0.9731 -10.9337
3 16 22.5097 -0.9594 -13.3792 21.7176 -0.9457 -15.8247 19.1372 -2.1421 -17.8041
3 16 19.1372 -2.1421 -17.8041 20.3494 -2.0852 -14.9910 22.5097 -0.9594 -13.3792
4 16 20.3494 -2.0852 -14.9910 19.1372 -2.1421 -17.8041 16.7153 -3.7296 -19.3010 18.5416 -3.3439 -15.9368
3 16 21.4942 -2.0819 -12.2552 20.3494 -2.0852 -14.9910 18.5416 -3.3439 -15.9368
3 16 18.5416 -3.3439 -15.9368 19.7335 -3.4131 -13.3695 21.4942 -2.0819 -12.2552
4 16 10.0009 -15.9405 -23.1160 9.9013 -17.2188 -20.8708 11.0366 -14.9791 -19.6638 11.4722 -13.4444 -20.5335
4 16 10.0027 -18.3182 -18.0819 11.6962 -14.3237 -17.5655 11.0366 -14.9791 -19.6638 9.9013 -17.2188 -20.8708
3 16 11.4722 -13.4444 -20.5335 11.0366 -14.9791 -19.6638 11.6962 -14.3237 -17.5655
3 16 11.6962 -14.3237 -17.5655 13.3368 -10.8047 -16.9333 11.4722 -13.4444 -20.5335
3 16 6.5839 -23.7974 -21.2984 7.6969 -22.3333 -20.3522 8.2497 -20.7325 -21.1418
3 16 8.2497 -20.7325 -21.1418 6.8273 -22.1306 -23.4005 6.5839 -23.7974 -21.2984
3 16 6.6886 -25.0253 -18.7543 8.3083 -22.0376 -18.4695 7.6969 -22.3333 -20.3522
3 16 7.6969 -22.3333 -20.3522 6.5839 -23.7974 -21.2984 6.6886 -25.0253 -18.7543
3 16 8.2497 -20.7325 -21.1418 7.6969 -22.3333 -20.3522 8.3083 -22.0376 -18.4695
3 16 8.3083 -22.0376 -18.4695 10.0027 -18.3182 -18.0819 8.2497 -20.7325 -21.1418
3 16 10.0009 -15.9405 -23.1160 9.6900 -15.8657 -25.2888 8.2199 -18.6067 -25.4791
3 16 8.2199 -18.6067 -25.4791 8.3664 -19.1921 -23.7411 10.0009 -15.9405 -23.1160
3 16 9.6900 -15.8657 -25.2888 9.9876 -14.6697 -26.8249 8.2022 -17.9239 -26.7560
3 16 8.2022 -17.9239 -26.7560 8.2199 -18.6067 -25.4791 9.6900 -15.8657 -25.2888
3 16 8.2199 -18.6067 -25.4791 8.2022 -17.9239 -26.7560 6.6568 -20.0188 -26.7927
3 16 6.6568 -20.0188 -26.7927 6.6002 -21.0784 -25.4844 8.2199 -18.6067 -25.4791
3 16 8.3664 -19.1921 -23.7411 8.2199 -18.6067 -25.4791 6.6002 -21.0784 -25.4844
3 16 6.6002 -21.0784 -25.4844 6.8273 -22.1306 -23.4005 8.3664 -19.1921 -23.7411
3 16 15.2736 -19.0067 -15.3869 15.8905 -17.5998 -15.2076 14.5201 -17.0822 -15.9743
3 16 14.5201 -17.0822 -15.9743 13.5926 -19.0634 -16.2845 15.2736 -19.0067 -15.3869
3 16 15.2736 -19.0067 -15.3869 16.8900 -19.0335 -14.4786 17.1482 -18.4695 -14.4500
3 16 17.1482 -18.4695 -14.4500 15.8905 -17.5998 -15.2076 15.2736 -19.0067 -15.3869
3 16 17.1482 -18.4695 -14.4500 17.6423 -17.9332 -14.2815 16.7211 -16.2216 -14.9274
3 16 16.7211 -16.2216 -14.9274 15.8905 -17.5998 -15.2076 17.1482 -18.4695 -14.4500
3 16 15.8905 -17.5998 -15.2076 16.7211 -16.2216 -14.9274 15.7895 -14.3635 -15.5224
3 16 15.7895 -14.3635 -15.5224 14.5201 -17.0822 -15.9743 15.8905 -17.5998 -15.2076
4 16 13.5926 -19.0634 -16.2845 11.8465 -19.1061 -17.1519 10.5838 -21.6069 -17.4685 12.7635 -21.0437 -16.4582
4 16 11.8465 -19.1061 -17.1519 10.0027 -18.3182 -18.0819 8.3083 -22.0376 -18.4695 10.5838 -21.6069 -17.4685
3 16 8.3083 -22.0376 -18.4695 6.6886 -25.0253 -18.7543 9.9333 -23.7565 -17.4901
3 16 9.9333 -23.7565 -17.4901 10.5838 -21.6069 -17.4685 8.3083 -22.0376 -18.4695
3 16 10.5838 -21.6069 -17.4685 9.9333 -23.7565 -17.4901 12.7688 -22.9403 -16.1448
3 16 12.7688 -22.9403 -16.1448 12.7635 -21.0437 -16.4582 10.5838 -21.6069 -17.4685
3 16 16.4479 -6.5541 -15.3615 17.7263 -7.8126 -14.5604 19.0574 -6.6042 -13.6784
3 16 19.0574 -6.6042 -13.6784 18.0518 -4.9257 -14.4070 16.4479 -6.5541 -15.3615
3 16 17.7263 -7.8126 -14.5604 19.0649 -8.9004 -13.7511 20.1316 -8.0495 -12.9469
3 16 20.1316 -8.0495 -12.9469 19.0574 -6.6042 -13.6784 17.7263 -7.8126 -14.5604
3 16 19.0574 -6.6042 -13.6784 20.1316 -8.0495 -12.9469 21.1875 -7.3849 -12.0688
3 16 21.1875 -7.3849 -12.0688 20.4292 -5.7420 -12.6514 19.0574 -6.6042 -13.6784
3 16 18.0518 -4.9257 -14.4070 19.0574 -6.6042 -13.6784 20.4292 -5.7420 -12.6514
3 16 20.4292 -5.7420 -12.6514 19.7335 -3.4131 -13.3695 18.0518 -4.9257 -14.4070
3 16 19.0649 -8.9004 -13.7511 20.5038 -9.7036 -12.9281 21.3217 -9.1811 -12.1831
3 16 21.3217 -9.1811 -12.1831 20.1316 -8.0495 -12.9469 19.0649 -8.9004 -13.7511
3 16 20.5038 -9.7036 -12.9281 22.0028 -10.3361 -12.0970 22.6047 -10.1529 -11.3691
3 16 22.6047 -10.1529 -11.3691 21.3217 -9.1811 -12.1831 20.5038 -9.7036 -12.9281
3 16 21.3217 -9.1811 -12.1831 22.6047 -10.1529 -11.3691 23.2372 -10.0523 -10.4932
3 16 23.2372 -10.0523 -10.4932 22.0647 -8.6644 -11.4337 21.3217 -9.1811 -12.1831
3 16 20.1316 -8.0495 -12.9469 21.3217 -9.1811 -12.1831 22.0647 -8.6644 -11.4337
3 16 22.0647 -8.6644 -11.4337 21.1875 -7.3849 -12.0688 20.1316 -8.0495 -12.9469
3 16 22.0028 -10.3361 -12.0970 20.5038 -9.7036 -12.9281 19.7440 -10.3214 -13.5077
3 16 19.7440 -10.3214 -13.5077 21.4428 -10.6436 -12.6402 22.0028 -10.3361 -12.0970
3 16 20.5038 -9.7036 -12.9281 19.0649 -8.9004 -13.7511 18.0948 -9.8417 -14.3810
3 16 18.0948 -9.8417 -14.3810 19.7440 -10.3214 -13.5077 20.5038 -9.7036 -12.9281
3 16 19.7440 -10.3214 -13.5077 18.0948 -9.8417 -14.3810 17.3056 -10.9089 -14.8307
3 16 17.3056 -10.9089 -14.8307 19.0704 -11.1039 -13.9606 19.7440 -10.3214 -13.5077
3 16 21.4428 -10.6436 -12.6402 19.7440 -10.3214 -13.5077 19.0704 -11.1039 -13.9606
3 16 19.0704 -11.1039 -13.9606 20.9401 -11.1011 -13.0834 21.4428 -10.6436 -12.6402
3 16 6.5839 -23.7974 -21.2984 5.4882 -24.6793 -22.1104 4.9973 -25.6511 -21.1984
3 16 4.9973 -25.6511 -21.1984 6.6886 -25.0253 -18.7543 6.5839 -23.7974 -21.2984
3 16 6.8273 -22.1306 -23.4005 5.1099 -23.9925 -23.6744 5.4882 -24.6793 -22.1104
3 16 5.4882 -24.6793 -22.1104 6.5839 -23.7974 -21.2984 6.8273 -22.1306 -23.4005
3 16 4.9973 -25.6511 -21.1984 5.4882 -24.6793 -22.1104 5.1099 -23.9925 -23.6744
3 16 5.1099 -23.9925 -23.6744 3.6199 -25.4219 -23.0981 4.9973 -25.6511 -21.1984
3 16 15.2597 -21.9634 -14.7884 15.5527 -21.1550 -14.7738 14.8447 -21.1034 -15.2549
3 16 14.8447 -21.1034 -15.2549 12.7688 -22.9403 -16.1448 15.2597 -21.9634 -14.7884
3 16 17.5976 -20.4282 -13.5318 17.2161 -20.1454 -13.9248 15.5527 -21.1550 -14.7738
3 16 15.5527 -21.1550 -14.7738 15.2597 -21.9634 -14.7884 17.5976 -20.4282 -13.5318
3 16 16.9322 -19.8217 -14.2365 14.8447 -21.1034 -15.2549 15.5527 -21.1550 -14.7738
3 16 15.5527 -21.1550 -14.7738 17.2161 -20.1454 -13.9248 16.9322 -19.8217 -14.2365
3 16 1.7864 -29.8576 -19.2214 2.8806 -30.5725 -18.8383 3.2020 -29.8222 -18.9858
3 16 3.2020 -29.8222 -18.9858 2.7819 -29.2014 -19.1818 1.7864 -29.8576 -19.2214
3 16 4.0379 -30.9053 -18.5221 4.0292 -29.8095 -18.7852 3.2020 -29.8222 -18.9858
3 16 3.2020 -29.8222 -18.9858 2.8806 -30.5725 -18.8383 4.0379 -30.9053 -18.5221
3 16 2.7819 -29.2014 -19.1818 3.2020 -29.8222 -18.9858 4.0292 -29.8095 -18.7852
3 16 4.0292 -29.8095 -18.7852 3.9106 -28.3052 -19.1064 2.7819 -29.2014 -19.1818
4 16 17.5976 -20.4282 -13.5318 15.2597 -21.9634 -14.7884 15.6614 -22.8912 -14.4019 17.0688 -22.6060 -13.5444
3 16 14.7552 -23.9079 -14.8237 15.6614 -22.8912 -14.4019 15.2597 -21.9634 -14.7884
3 16 15.2597 -21.9634 -14.7884 12.7688 -22.9403 -16.1448 14.7552 -23.9079 -14.8237
4 16 17.2852 -25.2402 -12.9825 17.0688 -22.6060 -13.5444 15.6614 -22.8912 -14.4019 14.7552 -23.9079 -14.8237
3 16 12.1054 -24.5383 -16.3075 13.8689 -24.5650 -15.2970 14.7552 -23.9079 -14.8237
3 16 14.7552 -23.9079 -14.8237 12.7688 -22.9403 -16.1448 12.1054 -24.5383 -16.3075
3 16 14.8672 -25.2340 -14.6086 13.8689 -24.5650 -15.2970 12.1054 -24.5383 -16.3075
3 16 12.1054 -24.5383 -16.3075 12.4284 -25.6210 -15.9671 14.8672 -25.2340 -14.6086
3 16 17.2852 -25.2402 -12.9825 14.7552 -23.9079 -14.8237 13.8689 -24.5650 -15.2970
3 16 13.8689 -24.5650 -15.2970 14.8672 -25.2340 -14.6086 17.2852 -25.2402 -12.9825
4 16 12.7688 -22.9403 -16.1448 9.9333 -23.7565 -17.4901 10.3322 -24.7207 -17.1852 12.1054 -24.5383 -16.3075
4 16 6.6886 -25.0253 -18.7543 9.5673 -25.4679 -17.4244 10.3322 -24.7207 -17.1852 9.9333 -23.7565 -17.4901
3 16 12.1054 -24.5383 -16.3075 10.3322 -24.7207 -17.1852 9.5673 -25.4679 -17.4244
3 16 9.5673 -25.4679 -17.4244 12.4284 -25.6210 -15.9671 12.1054 -24.5383 -16.3075
4 16 2.5152 -62.8538 -1.3157 2.3733 -63.0918 6.9869 3.9491 -62.9922 7.0144 4.1673 -62.7407 -1.2822
4 16 2.3733 -63.0918 6.9869 2.2443 -63.3102 14.6058 3.7499 -63.2236 14.6299 3.9491 -62.9922 7.0144
4 16 3.9491 -62.9922 7.0144 3.7499 -63.2236 14.6299 5.6563 -62.9679 14.6500 5.7726 -62.7442 7.0529
4 16 4.1673 -62.7407 -1.2822 3.9491 -62.9922 7.0144 5.7726 -62.7442 7.0529 5.8894 -62.5051 -1.2138
3 16 3.4592 -63.5730 25.9318 3.3676 -63.6916 29.5406 5.3795 -63.5249 29.6013
3 16 5.3795 -63.5249 29.6013 5.4481 -63.3472 25.9695 3.4592 -63.5730 25.9318
4 16 3.4592 -63.5730 25.9318 2.0578 -63.6342 25.9006 1.9990 -63.7376 29.4998 3.3676 -63.6916 29.5406
4 16 3.3676 -63.6916 29.5406 1.9990 -63.7376 29.4998 1.9521 -63.8198 32.3641 3.2948 -63.7905 32.4166
3 16 3.3676 -63.6916 29.5406 3.2948 -63.7905 32.4166 5.3273 -63.7019 32.5032
3 16 5.3273 -63.7019 32.5032 5.3795 -63.5249 29.6013 3.3676 -63.6916 29.5406
4 16 5.8894 -62.5051 -1.2138 5.7726 -62.7442 7.0529 7.6989 -62.3014 7.0016 7.4233 -62.1319 -1.1006
4 16 5.7726 -62.7442 7.0529 5.6563 -62.9679 14.6500 7.9880 -62.4435 14.5467 7.6989 -62.3014 7.0016
4 16 7.6989 -62.3014 7.0016 7.9880 -62.4435 14.5467 10.6481 -61.5126 13.4451 9.3377 -61.7457 6.2451
3 16 7.6989 -62.3014 7.0016 9.3377 -61.7457 6.2451 8.7316 -61.6480 -0.9515
3 16 8.7316 -61.6480 -0.9515 7.4233 -62.1319 -1.1006 7.6989 -62.3014 7.0016
4 16 28.6750 -44.6952 10.6876 29.0797 -45.5522 13.8460 30.2490 -42.0500 14.3180 29.7157 -41.6793 11.2794
4 16 29.0797 -45.5522 13.8460 29.6047 -46.1581 17.7065 30.8141 -42.5115 18.0114 30.2490 -42.0500 14.3180
4 16 30.2490 -42.0500 14.3180 30.8141 -42.5115 18.0114 31.8973 -38.3672 18.2680 31.3408 -37.9153 14.7206
4 16 29.7157 -41.6793 11.2794 30.2490 -42.0500 14.3180 31.3408 -37.9153 14.7206 30.6872 -37.5526 11.1755
4 16 33.6217 -39.6173 31.6481 33.2658 -39.7137 29.0510 32.3708 -43.5289 29.7773 32.8028 -43.6995 33.2453
4 16 33.2658 -39.7137 29.0510 32.9028 -39.3159 25.8886 31.9074 -43.2617 26.0751 32.3708 -43.5289 29.7773
4 16 32.3708 -43.5289 29.7773 31.9074 -43.2617 26.0751 30.6839 -46.9804 26.1379 31.1722 -47.2531 30.1484
4 16 32.8028 -43.6995 33.2453 32.3708 -43.5289 29.7773 31.1722 -47.2531 30.1484 31.6352 -47.4809 34.0124
3 16 25.9495 -52.7760 16.9649 25.7700 -51.5529 12.4474 24.4788 -53.1207 11.8021
3 16 24.4788 -53.1207 11.8021 24.5547 -54.5092 16.6427 25.9495 -52.7760 16.9649
3 16 27.2162 -50.8861 17.2171 26.9045 -49.8757 12.9348 25.7700 -51.5529 12.4474
3 16 25.7700 -51.5529 12.4474 25.9495 -52.7760 16.9649 27.2162 -50.8861 17.2171
3 16 26.9045 -49.8757 12.9348 26.7075 -48.4369 9.2465 25.6797 -49.9100 8.4856
3 16 25.6797 -49.9100 8.4856 25.7700 -51.5529 12.4474 26.9045 -49.8757 12.9348
3 16 25.7700 -51.5529 12.4474 25.6797 -49.9100 8.4856 24.4670 -51.3337 7.5163
3 16 24.4670 -51.3337 7.5163 24.4788 -53.1207 11.8021 25.7700 -51.5529 12.4474
3 16 24.4585 -57.3343 33.2492 24.9636 -56.6103 29.4104 23.6685 -57.6977 28.5377
3 16 23.6685 -57.6977 28.5377 22.7408 -58.4479 29.8346 24.4585 -57.3343 33.2492
3 16 23.2122 -57.6225 25.7193 23.6685 -57.6977 28.5377 24.9636 -56.6103 29.4104
3 16 24.9636 -56.6103 29.4104 24.8276 -56.1608 25.7912 23.2122 -57.6225 25.7193
4 16 21.2260 -58.9779 26.5651 22.7408 -58.4479 29.8346 23.6685 -57.6977 28.5377 23.2122 -57.6225 25.7193
3 16 20.9259 -55.6269 10.0227 22.9198 -54.5184 10.9291 22.9197 -52.6858 6.2244
3 16 22.9197 -52.6858 6.2244 20.8494 -53.8039 4.8449 20.9259 -55.6269 10.0227
3 16 21.0604 -57.1305 15.8484 22.9629 -55.9876 16.2336 22.9198 -54.5184 10.9291
3 16 22.9198 -54.5184 10.9291 20.9259 -55.6269 10.0227 21.0604 -57.1305 15.8484
3 16 22.9629 -55.9876 16.2336 24.5547 -54.5092 16.6427 24.4788 -53.1207 11.8021
3 16 24.4788 -53.1207 11.8021 22.9198 -54.5184 10.9291 22.9629 -55.9876 16.2336
3 16 22.9198 -54.5184 10.9291 24.4788 -53.1207 11.8021 24.4670 -51.3337 7.5163
3 16 24.4670 -51.3337 7.5163 22.9197 -52.6858 6.2244 22.9198 -54.5184 10.9291
3 16 34.0540 -0.9251 16.0707 34.3691 -2.3275 17.4719 34.2031 -0.4141 15.7933
3 16 34.2031 -0.4141 15.7933 33.9013 -0.1126 13.5756 34.0540 -0.9251 16.0707
4 16 34.8675 -1.2318 20.0792 34.2591 1.1321 15.6773 34.2031 -0.4141 15.7933 34.3691 -2.3275 17.4719
3 16 33.6484 0.5879 10.8207 33.9013 -0.1126 13.5756 34.2031 -0.4141 15.7933
3 16 34.2031 -0.4141 15.7933 34.2591 1.1321 15.6773 33.6484 0.5879 10.8207
4 16 7.1214 7.8437 -16.8758 10.1124 7.7237 -17.1560 11.9161 8.1385 -14.0449 8.6374 8.3243 -13.3652
3 16 12.5018 7.5677 -17.6182 14.3529 7.9435 -14.9648 11.9161 8.1385 -14.0449
3 16 11.9161 8.1385 -14.0449 10.1124 7.7237 -17.1560 12.5018 7.5677 -17.6182
4 16 11.9161 8.1385 -14.0449 14.3529 7.9435 -14.9648 16.6226 8.3870 -12.2428 14.3956 8.6242 -10.9221
4 16 8.6374 8.3243 -13.3652 11.9161 8.1385 -14.0449 14.3956 8.6242 -10.9221 10.7658 9.0762 -8.6712
4 16 0.0000 9.0879 -9.4970 0.0000 8.4388 -13.4239 4.5140 8.4131 -13.3303 5.4045 9.0646 -9.3275
4 16 0.0000 8.4388 -13.4239 0.0000 7.9170 -17.0051 3.6781 7.9030 -16.9126 4.5140 8.4131 -13.3303
4 16 4.5140 8.4131 -13.3303 3.6781 7.9030 -16.9126 7.1214 7.8437 -16.8758 8.6374 8.3243 -13.3652
4 16 5.4045 9.0646 -9.3275 4.5140 8.4131 -13.3303 8.6374 8.3243 -13.3652 10.7658 9.0762 -8.6712
3 16 15.9997 9.2487 -7.3035 17.9765 9.0370 -8.7136 21.5625 9.4607 -6.8536
3 16 21.5625 9.4607 -6.8536 20.8585 9.7231 -4.9862 15.9997 9.2487 -7.3035
3 16 10.7658 9.0762 -8.6712 14.3956 8.6242 -10.9221 17.9765 9.0370 -8.7136
3 16 17.9765 9.0370 -8.7136 15.9997 9.2487 -7.3035 10.7658 9.0762 -8.6712
3 16 14.3956 8.6242 -10.9221 16.6226 8.3870 -12.2428 19.4167 8.8224 -10.1715
3 16 19.4167 8.8224 -10.1715 17.9765 9.0370 -8.7136 14.3956 8.6242 -10.9221
3 16 17.9765 9.0370 -8.7136 19.4167 8.8224 -10.1715 22.5645 9.2083 -8.6630
3 16 22.5645 9.2083 -8.6630 21.5625 9.4607 -6.8536 17.9765 9.0370 -8.7136
4 16 22.5645 9.2083 -8.6630 24.8387 9.8571 -5.5539 23.8025 9.8569 -5.2113 21.5625 9.4607 -6.8536
4 16 26.2464 10.4077 -2.9252 24.4730 10.1791 -3.5493 23.8025 9.8569 -5.2113 24.8387 9.8571 -5.5539
4 16 20.8585 9.7231 -4.9862 21.5625 9.4607 -6.8536 23.8025 9.8569 -5.2113 24.4730 10.1791 -3.5493
4 16 4.2805 -51.5259 -6.1482 4.4867 -49.3212 -9.2958 2.2749 -49.3090 -9.2940 2.1697 -51.5228 -6.1448
4 16 4.4867 -49.3212 -9.2958 4.6273 -46.6038 -12.1820 2.3458 -46.5636 -12.2028 2.2749 -49.3090 -9.2940
4 16 2.2749 -49.3090 -9.2940 2.3458 -46.5636 -12.2028 0.0000 -46.5489 -12.1783 0.0000 -49.3055 -9.2644
4 16 2.1697 -51.5228 -6.1448 2.2749 -49.3090 -9.2940 0.0000 -49.3055 -9.2644 0.0000 -51.5224 -6.1241
4 16 4.6273 -46.6038 -12.1820 4.4867 -49.3212 -9.2958 6.5840 -49.3390 -9.1699 6.7878 -46.6574 -12.0100
4 16 4.4867 -49.3212 -9.2958 4.2805 -51.5259 -6.1482 6.2908 -51.5295 -6.0662 6.5840 -49.3390 -9.1699
4 16 6.5840 -49.3390 -9.1699 6.2908 -51.5295 -6.0662 8.2273 -51.5102 -5.9094 8.5610 -49.3346 -8.9410
4 16 6.7878 -46.6574 -12.0100 6.5840 -49.3390 -9.1699 8.5610 -49.3346 -8.9410 8.8010 -46.6873 -11.7245
4 16 3.7169 -54.7809 0.8309 4.0149 -53.2764 -2.7333 2.0340 -53.2715 -2.7412 1.8817 -54.7691 0.8052
4 16 4.0149 -53.2764 -2.7333 4.2805 -51.5259 -6.1482 2.1697 -51.5228 -6.1448 2.0340 -53.2715 -2.7412
4 16 2.0340 -53.2715 -2.7412 2.1697 -51.5228 -6.1448 0.0000 -51.5224 -6.1241 0.0000 -53.2691 -2.7366
4 16 1.8817 -54.7691 0.8052 2.0340 -53.2715 -2.7412 0.0000 -53.2691 -2.7366 0.0000 -54.7624 0.7906
3 16 12.2371 -49.2784 -8.1682 14.0693 -49.3133 -7.4351 14.2548 -46.7680 -9.9516
3 16 14.2548 -46.7680 -9.9516 12.4456 -46.6872 -10.8127 12.2371 -49.2784 -8.1682
3 16 12.2371 -49.2784 -8.1682 11.9740 -51.4156 -5.3606 13.8206 -51.4079 -4.8391
3 16 13.8206 -51.4079 -4.8391 14.0693 -49.3133 -7.4351 12.2371 -49.2784 -8.1682
3 16 14.0693 -49.3133 -7.4351 13.8206 -51.4079 -4.8391 15.9457 -51.2412 -4.0149
3 16 15.9457 -51.2412 -4.0149 16.1752 -49.1890 -6.3881 14.0693 -49.3133 -7.4351
3 16 14.0693 -49.3133 -7.4351 16.1752 -49.1890 -6.3881 16.3309 -46.7326 -8.7388
3 16 16.3309 -46.7326 -8.7388 14.2548 -46.7680 -9.9516 14.0693 -49.3133 -7.4351
3 16 11.9740 -51.4156 -5.3606 11.6296 -53.2224 -2.2961 13.4430 -53.2380 -2.0278
3 16 13.4430 -53.2380 -2.0278 13.8206 -51.4079 -4.8391 11.9740 -51.4156 -5.3606
3 16 11.6296 -53.2224 -2.2961 11.2371 -54.8595 0.9216 12.8913 -54.9785 0.8759
3 16 12.8913 -54.9785 0.8759 13.4430 -53.2380 -2.0278 11.6296 -53.2224 -2.2961
3 16 13.4430 -53.2380 -2.0278 12.8913 -54.9785 0.8759 13.8184 -55.3885 0.6820
3 16 13.8184 -55.3885 0.6820 15.4931 -53.1372 -1.4508 13.4430 -53.2380 -2.0278
3 16 13.8206 -51.4079 -4.8391 13.4430 -53.2380 -2.0278 15.4931 -53.1372 -1.4508
3 16 15.4931 -53.1372 -1.4508 15.9457 -51.2412 -4.0149 13.8206 -51.4079 -4.8391
3 16 20.9119 5.5767 -15.6652 22.9420 5.9361 -13.5828 22.4485 7.4251 -13.3600
3 16 22.4485 7.4251 -13.3600 20.5195 6.9567 -15.4791 20.9119 5.5767 -15.6652
3 16 20.6512 3.5285 -16.2844 23.4043 4.0331 -13.5320 22.9420 5.9361 -13.5828
3 16 22.9420 5.9361 -13.5828 20.9119 5.5767 -15.6652 20.6512 3.5285 -16.2844
4 16 22.9420 5.9361 -13.5828 23.4043 4.0331 -13.5320 25.6271 4.7572 -10.6490 24.9901 6.5821 -10.9273
3 16 22.4485 7.4251 -13.3600 22.9420 5.9361 -13.5828 24.9901 6.5821 -10.9273
3 16 24.9901 6.5821 -10.9273 24.3724 8.0268 -10.7256 22.4485 7.4251 -13.3600
3 16 21.4582 1.4089 -15.9062 23.8732 2.0494 -13.3517 23.4043 4.0331 -13.5320
3 16 23.4043 4.0331 -13.5320 20.6512 3.5285 -16.2844 21.4582 1.4089 -15.9062
3 16 21.7176 -0.9457 -15.8247 24.2582 0.0334 -13.1853 23.8732 2.0494 -13.3517
3 16 23.8732 2.0494 -13.3517 21.4582 1.4089 -15.9062 21.7176 -0.9457 -15.8247
3 16 24.2582 0.0334 -13.1853 26.6087 0.8220 -9.9889 26.1553 2.8095 -10.3119
3 16 26.1553 2.8095 -10.3119 23.8732 2.0494 -13.3517 24.2582 0.0334 -13.1853
3 16 23.8732 2.0494 -13.3517 26.1553 2.8095 -10.3119 25.6271 4.7572 -10.6490
3 16 25.6271 4.7572 -10.6490 23.4043 4.0331 -13.5320 23.8732 2.0494 -13.3517
3 16 9.6671 6.5561 -21.5057 9.7070 6.8592 -21.2311 8.2426 6.9749 -21.5560
3 16 8.2426 6.9749 -21.5560 6.7244 6.5698 -22.3842 9.6671 6.5561 -21.5057
3 16 12.0684 6.5066 -20.6945 11.0978 6.9452 -20.5857 9.7070 6.8592 -21.2311
3 16 9.7070 6.8592 -21.2311 9.6671 6.5561 -21.5057 12.0684 6.5066 -20.6945
3 16 8.2426 6.9749 -21.5560 9.7070 6.8592 -21.2311 11.0978 6.9452 -20.5857
3 16 11.0978 6.9452 -20.5857 9.4845 7.1379 -20.7652 8.2426 6.9749 -21.5560
3 16 9.4845 7.1379 -20.7652 11.0978 6.9452 -20.5857 12.6068 7.1229 -19.5729
3 16 12.6068 7.1229 -19.5729 10.8887 7.3103 -19.5363 9.4845 7.1379 -20.7652
3 16 11.0978 6.9452 -20.5857 12.0684 6.5066 -20.6945 13.8076 6.8361 -19.6173
3 16 13.8076 6.8361 -19.6173 12.6068 7.1229 -19.5729 11.0978 6.9452 -20.5857
3 16 12.6068 7.1229 -19.5729 13.8076 6.8361 -19.6173 15.3924 7.1570 -18.3734
3 16 15.3924 7.1570 -18.3734 14.2130 7.3942 -18.0559 12.6068 7.1229 -19.5729
3 16 10.8887 7.3103 -19.5363 12.6068 7.1229 -19.5729 14.2130 7.3942 -18.0559
3 16 14.2130 7.3942 -18.0559 12.5018 7.5677 -17.6182 10.8887 7.3103 -19.5363
3 16 29.8173 4.0353 -3.2809 31.1531 4.3805 0.2959 30.6224 6.8297 -0.2242
3 16 30.6224 6.8297 -0.2242 29.2323 6.2146 -3.8167 29.8173 4.0353 -3.2809
3 16 30.3157 1.7001 -2.7718 31.5930 1.6831 0.7585 31.1531 4.3805 0.2959
3 16 31.1531 4.3805 0.2959 29.8173 4.0353 -3.2809 30.3157 1.7001 -2.7718
3 16 31.5930 1.6831 0.7585 32.5342 1.4479 4.2112 32.1966 4.6162 3.8653
3 16 32.1966 4.6162 3.8653 31.1531 4.3805 0.2959 31.5930 1.6831 0.7585
3 16 30.6224 6.8297 -0.2242 31.1531 4.3805 0.2959 32.1966 4.6162 3.8653
3 16 32.1966 4.6162 3.8653 31.7614 7.4038 3.3798 30.6224 6.8297 -0.2242
3 16 28.5196 8.0786 -4.3068 26.8635 7.3217 -7.7669 27.5685 5.5113 -7.3563
3 16 27.5685 5.5113 -7.3563 29.2323 6.2146 -3.8167 28.5196 8.0786 -4.3068
3 16 27.8198 9.4540 -4.2820 26.1831 8.7221 -7.6208 26.8635 7.3217 -7.7669
3 16 26.8635 7.3217 -7.7669 28.5196 8.0786 -4.3068 27.8198 9.4540 -4.2820
3 16 26.1831 8.7221 -7.6208 24.3724 8.0268 -10.7256 24.9901 6.5821 -10.9273
3 16 24.9901 6.5821 -10.9273 26.8635 7.3217 -7.7669 26.1831 8.7221 -7.6208
4 16 27.5685 5.5113 -7.3563 26.8635 7.3217 -7.7669 24.9901 6.5821 -10.9273 25.6271 4.7572 -10.6490
4 16 7.1214 7.8437 -16.8758 3.6781 7.9030 -16.9126 2.8296 7.6058 -19.9120 5.6497 7.5669 -19.7306
4 16 3.6781 7.9030 -16.9126 0.0000 7.9170 -17.0051 0.0000 7.6073 -20.0101 2.8296 7.6058 -19.9120
4 16 2.8296 7.6058 -19.9120 0.0000 7.6073 -20.0101 0.0000 7.4249 -22.6695 1.9259 7.4304 -22.5905
3 16 2.8296 7.6058 -19.9120 1.9259 7.4304 -22.5905 3.7067 7.3641 -22.4503
3 16 3.7067 7.3641 -22.4503 5.6497 7.5669 -19.7306 2.8296 7.6058 -19.9120
3 16 27.8198 9.4540 -4.2820 28.5196 8.0786 -4.3068 29.9501 8.8041 -0.7727
3 16 29.9501 8.8041 -0.7727 29.2453 10.1629 -0.9721 27.8198 9.4540 -4.2820
3 16 29.2323 6.2146 -3.8167 30.6224 6.8297 -0.2242 29.9501 8.8041 -0.7727
3 16 29.9501 8.8041 -0.7727 28.5196 8.0786 -4.3068 29.2323 6.2146 -3.8167
3 16 29.9501 8.8041 -0.7727 30.6224 6.8297 -0.2242 31.7614 7.4038 3.3798
3 16 31.7614 7.4038 3.3798 31.1637 9.4902 2.7024 29.9501 8.8041 -0.7727
3 16 29.2453 10.1629 -0.9721 29.9501 8.8041 -0.7727 31.1637 9.4902 2.7024
3 16 31.1637 9.4902 2.7024 30.4702 10.7956 2.1298 29.2453 10.1629 -0.9721
3 16 20.1752 -21.3142 -11.1396 19.8226 -23.4558 -11.1877 21.5603 -24.0419 -9.4900
3 16 21.5603 -24.0419 -9.4900 21.8522 -21.7326 -9.4692 20.1752 -21.3142 -11.1396
4 16 20.1752 -21.3142 -11.1396 18.8426 -20.9307 -12.3442 18.4423 -22.8319 -12.4525 19.8226 -23.4558 -11.1877
3 16 19.8226 -23.4558 -11.1877 18.4423 -22.8319 -12.4525 17.2852 -25.2402 -12.9825
3 16 17.2852 -25.2402 -12.9825 19.3912 -25.6431 -11.2805 19.8226 -23.4558 -11.1877
3 16 19.8226 -23.4558 -11.1877 19.3912 -25.6431 -11.2805 21.2684 -26.3512 -9.5109
3 16 21.2684 -26.3512 -9.5109 21.5603 -24.0419 -9.4900 19.8226 -23.4558 -11.1877
3 16 21.8522 -21.7326 -9.4692 21.5603 -24.0419 -9.4900 23.3012 -24.6719 -7.5667
3 16 23.3012 -24.6719 -7.5667 23.5756 -22.0996 -7.4507 21.8522 -21.7326 -9.4692
3 16 21.5603 -24.0419 -9.4900 21.2684 -26.3512 -9.5109 23.0269 -27.2442 -7.6826
3 16 23.0269 -27.2442 -7.6826 23.3012 -24.6719 -7.5667 21.5603 -24.0419 -9.4900
3 16 23.3012 -24.6719 -7.5667 23.0269 -27.2442 -7.6826 24.5111 -28.1803 -5.9907
3 16 24.5111 -28.1803 -5.9907 24.7942 -25.3153 -5.7041 23.3012 -24.6719 -7.5667
3 16 23.5756 -22.0996 -7.4507 23.3012 -24.6719 -7.5667 24.7942 -25.3153 -5.7041
3 16 24.7942 -25.3153 -5.7041 25.0772 -22.4503 -5.4175 23.5756 -22.0996 -7.4507
3 16 26.1732 -30.0607 -3.7724 26.6080 -26.1244 -2.8127 25.8617 -25.9020 -4.1485
3 16 25.8617 -25.9020 -4.1485 25.5495 -29.0711 -4.6503 26.1732 -30.0607 -3.7724
3 16 26.9317 -23.2071 -2.1568 26.1666 -22.8305 -3.6694 25.8617 -25.9020 -4.1485
3 16 25.8617 -25.9020 -4.1485 26.6080 -26.1244 -2.8127 26.9317 -23.2071 -2.1568
3 16 25.8617 -25.9020 -4.1485 26.1666 -22.8305 -3.6694 25.0772 -22.4503 -5.4175
3 16 25.0772 -22.4503 -5.4175 24.7942 -25.3153 -5.7041 25.8617 -25.9020 -4.1485
3 16 25.5495 -29.0711 -4.6503 25.8617 -25.9020 -4.1485 24.7942 -25.3153 -5.7041
3 16 24.7942 -25.3153 -5.7041 24.5111 -28.1803 -5.9907 25.5495 -29.0711 -4.6503
3 16 28.9175 -23.6452 2.8668 29.9311 -24.4176 5.5616 30.5185 -22.9813 7.4320
3 16 30.5185 -22.9813 7.4320 29.2842 -23.2150 3.7189 28.9175 -23.6452 2.8668
3 16 29.9311 -24.4176 5.5616 30.9447 -25.1901 8.2563 31.7929 -22.7094 11.2730
3 16 31.7929 -22.7094 11.2730 30.5185 -22.9813 7.4320 29.9311 -24.4176 5.5616
3 16 30.5185 -22.9813 7.4320 31.7929 -22.7094 11.2730 32.7075 -20.0613 14.2942
3 16 32.7075 -20.0613 14.2942 30.9373 -21.4822 8.6359 30.5185 -22.9813 7.4320
3 16 29.2842 -23.2150 3.7189 30.5185 -22.9813 7.4320 30.9373 -21.4822 8.6359
3 16 30.9373 -21.4822 8.6359 29.5857 -22.5146 4.3164 29.2842 -23.2150 3.7189
3 16 28.9175 -23.6452 2.8668 28.4862 -23.8040 1.7854 29.3473 -25.6193 3.5493
3 16 29.3473 -25.6193 3.5493 29.9311 -24.4176 5.5616 28.9175 -23.6452 2.8668
4 16 28.4862 -23.8040 1.7854 28.0153 -23.7440 0.5517 28.7776 -26.8517 1.6501 29.3473 -25.6193 3.5493
3 16 28.7776 -26.8517 1.6501 29.6173 -29.0338 2.9159 30.2173 -27.3426 5.3314
3 16 30.2173 -27.3426 5.3314 29.3473 -25.6193 3.5493 28.7776 -26.8517 1.6501
3 16 29.3473 -25.6193 3.5493 30.2173 -27.3426 5.3314 30.9447 -25.1901 8.2563
3 16 30.9447 -25.1901 8.2563 29.9311 -24.4176 5.5616 29.3473 -25.6193 3.5493
3 16 30.8152 -18.9641 7.8441 30.9484 -20.2001 8.4822 31.8141 -18.8716 11.4088
3 16 31.8141 -18.8716 11.4088 31.4839 -17.6508 10.2009 30.8152 -18.9641 7.8441
3 16 30.8152 -18.9641 7.8441 29.9322 -20.4944 4.7096 29.8171 -21.5753 4.6486
3 16 29.8171 -21.5753 4.6486 30.9484 -20.2001 8.4822 30.8152 -18.9641 7.8441
3 16 30.9484 -20.2001 8.4822 29.8171 -21.5753 4.6486 29.5857 -22.5146 4.3164
3 16 29.5857 -22.5146 4.3164 30.9373 -21.4822 8.6359 30.9484 -20.2001 8.4822
3 16 30.9484 -20.2001 8.4822 30.9373 -21.4822 8.6359 32.7075 -20.0613 14.2942
3 16 32.7075 -20.0613 14.2942 31.8141 -18.8716 11.4088 30.9484 -20.2001 8.4822
4 16 29.9322 -20.4944 4.7096 30.8152 -18.9641 7.8441 30.6581 -17.6772 7.1213 29.8734 -19.4005 4.4279
4 16 30.8152 -18.9641 7.8441 31.4839 -17.6508 10.2009 31.2644 -16.2375 9.1657 30.6581 -17.6772 7.1213
3 16 31.2644 -16.2375 9.1657 31.1912 -14.1904 8.4166 30.5405 -16.4330 6.5264
3 16 30.5405 -16.4330 6.5264 30.6581 -17.6772 7.1213 31.2644 -16.2375 9.1657
3 16 30.6581 -17.6772 7.1213 30.5405 -16.4330 6.5264 29.5757 -18.4801 3.4632
3 16 29.5757 -18.4801 3.4632 29.8734 -19.4005 4.4279 30.6581 -17.6772 7.1213
3 16 28.1720 -17.5535 -0.8164 28.0878 -15.7099 -0.9635 27.0902 -15.6246 -3.1634
3 16 27.0902 -15.6246 -3.1634 27.1673 -17.3896 -3.2129 28.1720 -17.5535 -0.8164
3 16 28.0878 -15.7099 -0.9635 28.0036 -13.8664 -1.1105 27.0132 -13.8595 -3.1140
3 16 27.0132 -13.8595 -3.1140 27.0902 -15.6246 -3.1634 28.0878 -15.7099 -0.9635
3 16 27.0132 -13.8595 -3.1140 25.9098 -13.9039 -5.1780 25.9623 -15.6077 -5.3323
3 16 25.9623 -15.6077 -5.3323 27.0902 -15.6246 -3.1634 27.0132 -13.8595 -3.1140
3 16 27.0902 -15.6246 -3.1634 25.9623 -15.6077 -5.3323 26.0148 -17.3114 -5.4866
3 16 26.0148 -17.3114 -5.4866 27.1673 -17.3896 -3.2129 27.0902 -15.6246 -3.1634
3 16 32.2520 -13.7199 13.0287 31.9466 -12.5673 11.7070 31.8259 -13.8478 11.0663
3 16 31.8259 -13.8478 11.0663 31.9659 -15.4603 11.8275 32.2520 -13.7199 13.0287
3 16 32.7208 -10.5617 14.9742 32.0168 -10.7777 12.1286 31.9466 -12.5673 11.7070
3 16 31.9466 -12.5673 11.7070 32.2520 -13.7199 13.0287 32.7208 -10.5617 14.9742
3 16 31.9466 -12.5673 11.7070 32.0168 -10.7777 12.1286 31.5326 -10.9793 10.0098
3 16 31.5326 -10.9793 10.0098 31.6102 -11.8581 10.1382 31.9466 -12.5673 11.7070
3 16 31.8259 -13.8478 11.0663 31.9466 -12.5673 11.7070 31.6102 -11.8581 10.1382
3 16 31.6102 -11.8581 10.1382 31.6564 -12.7477 10.1111 31.8259 -13.8478 11.0663
3 16 20.8273 -14.1671 -13.0149 20.0468 -15.7798 -13.2057 20.7846 -15.7780 -12.4657
3 16 20.7846 -15.7780 -12.4657 21.4273 -14.2494 -12.2136 20.8273 -14.1671 -13.0149
3 16 20.0468 -15.7798 -13.2057 19.2664 -17.3924 -13.3966 20.1420 -17.3065 -12.7179
3 16 20.1420 -17.3065 -12.7179 20.7846 -15.7780 -12.4657 20.0468 -15.7798 -13.2057
3 16 20.7846 -15.7780 -12.4657 20.1420 -17.3065 -12.7179 21.0938 -17.2694 -11.8639
3 16 21.0938 -17.2694 -11.8639 21.5999 -15.7574 -11.5677 20.7846 -15.7780 -12.4657
3 16 21.4273 -14.2494 -12.2136 20.7846 -15.7780 -12.4657 21.5999 -15.7574 -11.5677
3 16 21.5999 -15.7574 -11.5677 22.1060 -14.2454 -11.2715 21.4273 -14.2494 -12.2136
3 16 23.6582 -14.1068 -9.0462 23.5578 -15.6698 -9.2143 24.7446 -15.6285 -7.4199
3 16 24.7446 -15.6285 -7.4199 24.7365 -13.9979 -7.2560 23.6582 -14.1068 -9.0462
3 16 23.5578 -15.6698 -9.2143 23.4575 -17.2329 -9.3824 24.7528 -17.2591 -7.5838
3 16 24.7528 -17.2591 -7.5838 24.7446 -15.6285 -7.4199 23.5578 -15.6698 -9.2143
3 16 24.7528 -17.2591 -7.5838 26.0148 -17.3114 -5.4866 25.9623 -15.6077 -5.3323
3 16 25.9623 -15.6077 -5.3323 24.7446 -15.6285 -7.4199 24.7528 -17.2591 -7.5838
3 16 24.7446 -15.6285 -7.4199 25.9623 -15.6077 -5.3323 25.9098 -13.9039 -5.1780
3 16 25.9098 -13.9039 -5.1780 24.7365 -13.9979 -7.2560 24.7446 -15.6285 -7.4199
3 16 31.6261 -8.6795 10.6860 31.4158 -8.3777 9.8420 31.3948 -10.3841 9.5568
3 16 31.3948 -10.3841 9.5568 31.5326 -10.9793 10.0098 31.6261 -8.6795 10.6860
3 16 31.5415 -6.1714 10.5095 31.3894 -6.3852 9.9389 31.4158 -8.3777 9.8420
3 16 31.4158 -8.3777 9.8420 31.6261 -8.6795 10.6860 31.5415 -6.1714 10.5095
4 16 31.4158 -8.3777 9.8420 31.3894 -6.3852 9.9389 31.1935 -6.5125 8.9863 31.2224 -8.1130 8.9820
3 16 31.3948 -10.3841 9.5568 31.4158 -8.3777 9.8420 31.2224 -8.1130 8.9820
3 16 31.2224 -8.1130 8.9820 30.9676 -10.0584 8.0073 31.3948 -10.3841 9.5568
4 16 31.7263 -5.5442 10.8860 32.1480 -7.4418 12.7244 32.2036 -6.5028 12.9763 32.0228 -5.2159 12.1864
4 16 32.7208 -10.5617 14.9742 32.4145 -6.3722 13.8778 32.2036 -6.5028 12.9763 32.1480 -7.4418 12.7244
4 16 32.2133 -4.1508 13.0101 32.0228 -5.2159 12.1864 32.2036 -6.5028 12.9763 32.4145 -6.3722 13.8778
3 16 31.2224 -8.1130 8.9820 31.0321 -7.6313 8.0187 30.7262 -8.0537 6.7331
3 16 30.7262 -8.0537 6.7331 30.9676 -10.0584 8.0073 31.2224 -8.1130 8.9820
4 16 31.1935 -6.5125 8.9863 30.9390 -6.5334 7.5858 31.0321 -7.6313 8.0187 31.2224 -8.1130 8.9820
3 16 30.7262 -8.0537 6.7331 31.0321 -7.6313 8.0187 30.9390 -6.5334 7.5858
3 16 30.9390 -6.5334 7.5858 30.5444 -6.5121 5.7003 30.7262 -8.0537 6.7331
3 16 27.5870 -9.9014 -2.4839 27.7306 -8.3034 -2.2454 26.6139 -8.3670 -4.6852
3 16 26.6139 -8.3670 -4.6852 26.4145 -9.9261 -5.1533 27.5870 -9.9014 -2.4839
3 16 28.8542 -9.8878 0.9408 28.9371 -8.2377 0.8106 27.7306 -8.3034 -2.2454
3 16 27.7306 -8.3034 -2.2454 27.5870 -9.9014 -2.4839 28.8542 -9.8878 0.9408
3 16 27.7306 -8.3034 -2.2454 28.9371 -8.2377 0.8106 29.0199 -6.5876 0.6804
3 16 29.0199 -6.5876 0.6804 27.8742 -6.7054 -2.0068 27.7306 -8.3034 -2.2454
3 16 27.7306 -8.3034 -2.2454 27.8742 -6.7054 -2.0068 26.8133 -6.8078 -4.2171
3 16 26.8133 -6.8078 -4.2171 26.6139 -8.3670 -4.6852 27.7306 -8.3034 -2.2454
3 16 25.1199 -8.5436 -7.4515 24.4967 -8.9361 -8.4778 23.8980 -9.9945 -9.5155
3 16 23.8980 -9.9945 -9.5155 24.6165 -9.9623 -8.3986 25.1199 -8.5436 -7.4515
4 16 25.8154 -6.7290 -6.1810 24.4761 -8.3171 -8.4406 24.4967 -8.9361 -8.4778 25.1199 -8.5436 -7.4515
3 16 23.8980 -9.9945 -9.5155 24.4967 -8.9361 -8.4778 24.4761 -8.3171 -8.4406
3 16 24.4761 -8.3171 -8.4406 23.2372 -10.0523 -10.4932 23.8980 -9.9945 -9.5155
3 16 31.1599 -3.5647 6.9703 31.5149 -3.5960 8.4823 31.9196 -2.2296 10.0413
3 16 31.9196 -2.2296 10.0413 31.7165 -1.5897 8.5833 31.1599 -3.5647 6.9703
3 16 31.5149 -3.5960 8.4823 31.7236 -3.7646 9.6254 31.9764 -2.8977 10.9707
3 16 31.9764 -2.8977 10.9707 31.9196 -2.2296 10.0413 31.5149 -3.5960 8.4823
3 16 31.9764 -2.8977 10.9707 32.2262 -2.1425 12.2948 32.2827 -1.1782 11.6089
3 16 32.2827 -1.1782 11.6089 31.9196 -2.2296 10.0413 31.9764 -2.8977 10.9707
3 16 31.7165 -1.5897 8.5833 31.9196 -2.2296 10.0413 32.2827 -1.1782 11.6089
3 16 32.2827 -1.1782 11.6089 32.3718 0.5954 10.6356 31.7165 -1.5897 8.5833
3 16 23.2372 -10.0523 -10.4932 23.3405 -8.1180 -10.0136 22.5289 -8.0600 -10.9237
3 16 22.5289 -8.0600 -10.9237 22.0647 -8.6644 -11.4337 23.2372 -10.0523 -10.4932
3 16 22.1785 -7.0175 -11.1623 22.5289 -8.0600 -10.9237 23.3405 -8.1180 -10.0136
3 16 23.3405 -8.1180 -10.0136 23.2476 -6.8843 -9.9804 22.1785 -7.0175 -11.1623
3 16 22.0647 -8.6644 -11.4337 22.5289 -8.0600 -10.9237 22.1785 -7.0175 -11.1623
3 16 22.1785 -7.0175 -11.1623 21.1875 -7.3849 -12.0688 22.0647 -8.6644 -11.4337
4 16 31.9659 -15.4603 11.8275 32.2776 -17.1933 13.0083 32.4269 -15.4955 13.6368 32.2520 -13.7199 13.0287
4 16 32.7075 -20.0613 14.2942 32.7042 -15.3262 14.6400 32.4269 -15.4955 13.6368 32.2776 -17.1933 13.0083
3 16 32.2520 -13.7199 13.0287 32.4269 -15.4955 13.6368 32.7042 -15.3262 14.6400
3 16 32.7042 -15.3262 14.6400 32.7208 -10.5617 14.9742 32.2520 -13.7199 13.0287
3 16 28.0153 -23.7440 0.5517 27.4367 -26.9577 -1.1314 28.1890 -28.5719 0.0032
3 16 28.1890 -28.5719 0.0032 28.7776 -26.8517 1.6501 28.0153 -23.7440 0.5517
3 16 26.1732 -30.0607 -3.7724 27.5985 -30.3225 -1.3391 28.1890 -28.5719 0.0032
3 16 28.1890 -28.5719 0.0032 27.4367 -26.9577 -1.1314 26.1732 -30.0607 -3.7724
4 16 28.1890 -28.5719 0.0032 27.5985 -30.3225 -1.3391 28.5698 -31.1890 0.1995 29.1132 -30.2200 1.3332
3 16 28.7776 -26.8517 1.6501 28.1890 -28.5719 0.0032 29.1132 -30.2200 1.3332
3 16 29.1132 -30.2200 1.3332 29.6173 -29.0338 2.9159 28.7776 -26.8517 1.6501
3 16 4.6243 -36.2693 -19.3645 3.0956 -35.3258 -19.9006 2.3374 -36.4008 -19.3148
3 16 2.3374 -36.4008 -19.3148 4.3136 -39.4157 -17.5487 4.6243 -36.2693 -19.3645
3 16 2.2211 -33.1337 -21.0632 3.0956 -35.3258 -19.9006 4.6243 -36.2693 -19.3645
3 16 4.6243 -36.2693 -19.3645 4.2291 -33.3504 -20.9439 2.2211 -33.1337 -21.0632
4 16 0.0000 -33.0377 -21.1047 2.3374 -36.4008 -19.3148 3.0956 -35.3258 -19.9006 2.2211 -33.1337 -21.0632
4 16 0.0000 -62.8699 -1.3300 0.0000 -63.1095 6.9713 1.0997 -63.1132 6.9741 1.1619 -62.8770 -1.3281
4 16 0.0000 -63.1095 6.9713 0.0000 -63.3295 14.5889 1.0430 -63.3300 14.5924 1.0997 -63.1132 6.9741
4 16 1.0997 -63.1132 6.9741 1.0430 -63.3300 14.5924 2.2443 -63.3102 14.6058 2.3733 -63.0918 6.9869
4 16 1.1619 -62.8770 -1.3281 1.0997 -63.1132 6.9741 2.3733 -63.0918 6.9869 2.5152 -62.8538 -1.3157
4 16 2.0578 -63.6342 25.9006 0.9602 -63.6521 25.8842 0.9340 -63.7547 29.4791 1.9990 -63.7376 29.4998
4 16 0.9602 -63.6521 25.8842 0.0000 -63.6564 25.8799 0.0000 -63.7606 29.4736 0.9340 -63.7547 29.4791
4 16 0.9340 -63.7547 29.4791 0.0000 -63.7606 29.4736 0.0000 -63.8435 32.3308 0.9132 -63.8363 32.3379
4 16 1.9990 -63.7376 29.4998 0.9340 -63.7547 29.4791 0.9132 -63.8363 32.3379 1.9521 -63.8198 32.3641
3 16 31.7165 -1.5897 8.5833 31.2282 -1.2451 6.3622 30.6602 -3.6075 5.1596
3 16 30.6602 -3.6075 5.1596 31.1599 -3.5647 6.9703 31.7165 -1.5897 8.5833
3 16 32.3718 0.5954 10.6356 31.8057 1.1363 7.6083 31.2282 -1.2451 6.3622
3 16 31.2282 -1.2451 6.3622 31.7165 -1.5897 8.5833 32.3718 0.5954 10.6356
3 16 31.8057 1.1363 7.6083 31.0376 1.4867 4.3957 30.5582 -1.1044 3.8282
3 16 30.5582 -1.1044 3.8282 31.2282 -1.2451 6.3622 31.8057 1.1363 7.6083
3 16 31.2282 -1.2451 6.3622 30.5582 -1.1044 3.8282 30.0789 -3.6956 3.2607
3 16 30.0789 -3.6956 3.2607 30.6602 -3.6075 5.1596 31.2282 -1.2451 6.3622
3 16 25.4158 -2.6958 -7.6280 25.7511 -1.6252 -7.7017 25.0935 -0.1029 -9.2577
3 16 25.0935 -0.1029 -9.2577 23.3019 -0.9731 -10.9337 25.4158 -2.6958 -7.6280
3 16 26.7114 -2.1312 -6.1015 25.7511 -1.6252 -7.7017 25.4158 -2.6958 -7.6280
3 16 25.4158 -2.6958 -7.6280 27.0115 -4.7307 -4.4539 26.7114 -2.1312 -6.1015
4 16 26.7169 0.5892 -7.1485 25.0935 -0.1029 -9.2577 25.7511 -1.6252 -7.7017 26.7114 -2.1312 -6.1015
4 16 12.1070 -10.0488 -24.3442 11.0925 -13.0563 -23.6370 11.7150 -12.2231 -21.7358 12.4418 -10.5311 -21.0913
3 16 11.4722 -13.4444 -20.5335 11.7150 -12.2231 -21.7358 11.0925 -13.0563 -23.6370
3 16 11.0925 -13.0563 -23.6370 10.0009 -15.9405 -23.1160 11.4722 -13.4444 -20.5335
3 16 13.3368 -10.8047 -16.9333 12.4418 -10.5311 -21.0913 11.7150 -12.2231 -21.7358
3 16 11.7150 -12.2231 -21.7358 11.4722 -13.4444 -20.5335 13.3368 -10.8047 -16.9333
3 16 19.4167 8.8224 -10.1715 19.8172 8.5741 -11.7201 21.1500 8.5725 -11.9099
3 16 21.1500 8.5725 -11.9099 22.5645 9.2083 -8.6630 19.4167 8.8224 -10.1715
4 16 16.6226 8.3870 -12.2428 18.1296 8.2017 -13.5351 19.8172 8.5741 -11.7201 19.4167 8.8224 -10.1715
4 16 19.3263 8.0416 -14.4519 21.1500 8.5725 -11.9099 19.8172 8.5741 -11.7201 18.1296 8.2017 -13.5351
4 16 32.2133 -4.1508 13.0101 32.4145 -6.3722 13.8778 32.5695 -5.0553 14.5235 32.4976 -3.1238 14.2048
4 16 32.7208 -10.5617 14.9742 32.7706 -5.7480 15.2893 32.5695 -5.0553 14.5235 32.4145 -6.3722 13.8778
3 16 32.4976 -3.1238 14.2048 32.5695 -5.0553 14.5235 32.7706 -5.7480 15.2893
3 16 32.7706 -5.7480 15.2893 32.8404 -0.9048 15.5928 32.4976 -3.1238 14.2048
4 16 20.8585 9.7231 -4.9862 25.0482 10.5687 -1.6835 24.9094 11.8225 -1.7915 20.7184 11.0755 -5.1113
3 16 28.2510 11.5517 1.8182 28.1546 12.6504 1.7213 24.9094 11.8225 -1.7915
3 16 24.9094 11.8225 -1.7915 25.0482 10.5687 -1.6835 28.2510 11.5517 1.8182
3 16 28.1546 12.6504 1.7213 28.0583 13.7490 1.6243 24.7705 13.0764 -1.8996
3 16 24.7705 13.0764 -1.8996 24.9094 11.8225 -1.7915 28.1546 12.6504 1.7213
4 16 20.7184 11.0755 -5.1113 24.9094 11.8225 -1.7915 24.7705 13.0764 -1.8996 20.5783 12.4278 -5.2364
4 16 10.8870 -60.1803 -0.5989 11.9435 -58.9074 -0.4184 12.7612 -60.1383 -0.5449 11.7461 -61.3059 -0.7042
4 16 11.9435 -58.9074 -0.4184 13.0222 -57.3969 -0.2393 13.6684 -58.9991 -0.4106 12.7612 -60.1383 -0.5449
4 16 12.7612 -60.1383 -0.5449 13.6684 -58.9991 -0.4106 14.3875 -60.0700 -0.5220 13.5899 -61.3136 -0.6651
4 16 11.7461 -61.3059 -0.7042 12.7612 -60.1383 -0.5449 13.5899 -61.3136 -0.6651 12.6053 -62.4316 -0.8094
3 16 31.4170 -14.0524 9.1332 32.8267 -14.7724 9.2120 32.6005 -14.9749 8.3934
3 16 32.6005 -14.9749 8.3934 31.1912 -14.1904 8.4166 31.4170 -14.0524 9.1332
3 16 31.4170 -14.0524 9.1332 31.5744 -13.7842 9.6226 32.9776 -14.3419 9.7792
3 16 32.9776 -14.3419 9.7792 32.8267 -14.7724 9.2120 31.4170 -14.0524 9.1332
3 16 32.8267 -14.7724 9.2120 32.9776 -14.3419 9.7792 34.3808 -14.8996 9.9358
3 16 34.3808 -14.8996 9.9358 34.2363 -15.4924 9.2907 32.8267 -14.7724 9.2120
3 16 32.8267 -14.7724 9.2120 34.2363 -15.4924 9.2907 34.0099 -15.7594 8.3702
3 16 34.0099 -15.7594 8.3702 32.6005 -14.9749 8.3934 32.8267 -14.7724 9.2120
4 16 31.8098 -4.5851 10.7868 31.8062 -4.1151 10.3796 33.3200 -4.1085 10.3768 33.3466 -4.5831 10.7914
4 16 31.8062 -4.1151 10.3796 31.7236 -3.7646 9.6254 33.2157 -3.7494 9.5778 33.3200 -4.1085 10.3768
4 16 33.3200 -4.1085 10.3768 33.2157 -3.7494 9.5778 34.7078 -3.7342 9.5303 34.8338 -4.1019 10.3739
4 16 33.3466 -4.5831 10.7914 33.3200 -4.1085 10.3768 34.8338 -4.1019 10.3739 34.8834 -4.5811 10.7960
3 16 10.6508 -32.4339 -17.0344 10.4008 -33.5164 -16.7089 12.8047 -33.9816 -16.1824
3 16 12.8047 -33.9816 -16.1824 13.0388 -32.9020 -16.5300 10.6508 -32.4339 -17.0344
4 16 10.6508 -32.4339 -17.0344 8.5369 -32.0310 -17.3484 8.2932 -33.0247 -17.0641 10.4008 -33.5164 -16.7089
3 16 8.2932 -33.0247 -17.0641 7.6829 -34.1586 -16.8089 10.1106 -34.6089 -16.3882
3 16 10.1106 -34.6089 -16.3882 10.4008 -33.5164 -16.7089 8.2932 -33.0247 -17.0641
3 16 10.4008 -33.5164 -16.7089 10.1106 -34.6089 -16.3882 12.5705 -35.0611 -15.8347
3 16 12.5705 -35.0611 -15.8347 12.8047 -33.9816 -16.1824 10.4008 -33.5164 -16.7089
3 16 34.8675 -1.2318 20.0792 34.9501 -7.3579 20.0654 36.1457 -7.3949 19.6926
3 16 36.1457 -7.3949 19.6926 36.1674 -1.2658 19.7774 34.8675 -1.2318 20.0792
3 16 34.9501 -7.3579 20.0654 34.9972 -13.0676 19.9415 36.1242 -13.1279 19.5045
3 16 36.1242 -13.1279 19.5045 36.1457 -7.3949 19.6926 34.9501 -7.3579 20.0654
3 16 36.1457 -7.3949 19.6926 36.1242 -13.1279 19.5045 37.2512 -13.1883 19.0675
3 16 37.2512 -13.1883 19.0675 37.3413 -7.4320 19.3198 36.1457 -7.3949 19.6926
3 16 36.1674 -1.2658 19.7774 36.1457 -7.3949 19.6926 37.3413 -7.4320 19.3198
3 16 37.3413 -7.4320 19.3198 37.4673 -1.2998 19.4757 36.1674 -1.2658 19.7774
3 16 14.5833 -35.5187 -14.9806 14.8725 -34.4654 -15.3385 12.8047 -33.9816 -16.1824
3 16 12.8047 -33.9816 -16.1824 12.5705 -35.0611 -15.8347 14.5833 -35.5187 -14.9806
3 16 16.4488 -35.9600 -13.6436 16.7782 -34.9415 -13.9869 14.8725 -34.4654 -15.3385
3 16 14.8725 -34.4654 -15.3385 14.5833 -35.5187 -14.9806 16.4488 -35.9600 -13.6436
3 16 16.7782 -34.9415 -13.9869 17.1077 -33.9231 -14.3303 15.1618 -33.4121 -15.6964
3 16 15.1618 -33.4121 -15.6964 14.8725 -34.4654 -15.3385 16.7782 -34.9415 -13.9869
3 16 14.8725 -34.4654 -15.3385 15.1618 -33.4121 -15.6964 13.0388 -32.9020 -16.5300
3 16 13.0388 -32.9020 -16.5300 12.8047 -33.9816 -16.1824 14.8725 -34.4654 -15.3385
3 16 34.7937 -22.3021 21.5490 34.6070 -27.0226 23.6801 35.9379 -27.2772 23.3293
3 16 35.9379 -27.2772 23.3293 36.0606 -22.5260 21.1141 34.7937 -22.3021 21.5490
3 16 34.6070 -27.0226 23.6801 34.3861 -31.6361 26.3918 35.7454 -31.8986 26.1323
3 16 35.7454 -31.8986 26.1323 35.9379 -27.2772 23.3293 34.6070 -27.0226 23.6801
3 16 35.9379 -27.2772 23.3293 35.7454 -31.8986 26.1323 37.1047 -32.1611 25.8728
3 16 37.1047 -32.1611 25.8728 37.2687 -27.5318 22.9785 35.9379 -27.2772 23.3293
3 16 36.0606 -22.5260 21.1141 35.9379 -27.2772 23.3293 37.2687 -27.5318 22.9785
3 16 37.2687 -27.5318 22.9785 37.3275 -22.7500 20.6792 36.0606 -22.5260 21.1141
4 16 34.9972 -13.0676 19.9415 34.9371 -17.8539 20.3371 36.1092 -17.9946 19.8738 36.1242 -13.1279 19.5045
3 16 34.7937 -22.3021 21.5490 36.0606 -22.5260 21.1141 36.1092 -17.9946 19.8738
3 16 36.1092 -17.9946 19.8738 34.9371 -17.8539 20.3371 34.7937 -22.3021 21.5490
3 16 36.0606 -22.5260 21.1141 37.3275 -22.7500 20.6792 37.2813 -18.1354 19.4105
3 16 37.2813 -18.1354 19.4105 36.1092 -17.9946 19.8738 36.0606 -22.5260 21.1141
4 16 36.1242 -13.1279 19.5045 36.1092 -17.9946 19.8738 37.2813 -18.1354 19.4105 37.2512 -13.1883 19.0675
3 16 34.1040 -35.7136 29.2211 35.4683 -36.0053 29.0131 35.7454 -31.8986 26.1323
3 16 35.7454 -31.8986 26.1323 34.3861 -31.6361 26.3918 34.1040 -35.7136 29.2211
4 16 34.1040 -35.7136 29.2211 33.6217 -39.6173 31.6481 34.9703 -39.9753 31.4610 35.4683 -36.0053 29.0131
4 16 35.4683 -36.0053 29.0131 34.9703 -39.9753 31.4610 36.3189 -40.3334 31.2739 36.8326 -36.2969 28.8051
3 16 35.4683 -36.0053 29.0131 36.8326 -36.2969 28.8051 37.1047 -32.1611 25.8728
3 16 37.1047 -32.1611 25.8728 35.7454 -31.8986 26.1323 35.4683 -36.0053 29.0131
3 16 22.0028 -10.3361 -12.0970 21.4428 -10.6436 -12.6402 21.5674 -10.6473 -14.2522
3 16 21.5674 -10.6473 -14.2522 22.2077 -10.3406 -13.7015 22.0028 -10.3361 -12.0970
3 16 20.9401 -11.1011 -13.0834 21.0348 -11.0944 -14.6518 21.5674 -10.6473 -14.2522
3 16 21.5674 -10.6473 -14.2522 21.4428 -10.6436 -12.6402 20.9401 -11.1011 -13.0834
3 16 21.0348 -11.0944 -14.6518 21.1295 -11.0877 -16.2201 21.6920 -10.6510 -15.8642
3 16 21.6920 -10.6510 -15.8642 21.5674 -10.6473 -14.2522 21.0348 -11.0944 -14.6518
3 16 22.2077 -10.3406 -13.7015 21.5674 -10.6473 -14.2522 21.6920 -10.6510 -15.8642
3 16 21.6920 -10.6510 -15.8642 22.4126 -10.3451 -15.3060 22.2077 -10.3406 -13.7015
3 16 29.8173 4.0353 -3.2809 28.1502 3.4995 -6.8823 28.6470 1.3993 -6.4279
3 16 28.6470 1.3993 -6.4279 30.3157 1.7001 -2.7718 29.8173 4.0353 -3.2809
3 16 29.2323 6.2146 -3.8167 27.5685 5.5113 -7.3563 28.1502 3.4995 -6.8823
3 16 28.1502 3.4995 -6.8823 29.8173 4.0353 -3.2809 29.2323 6.2146 -3.8167
3 16 27.5685 5.5113 -7.3563 25.6271 4.7572 -10.6490 26.1553 2.8095 -10.3119
3 16 26.1553 2.8095 -10.3119 28.1502 3.4995 -6.8823 27.5685 5.5113 -7.3563
3 16 28.1502 3.4995 -6.8823 26.1553 2.8095 -10.3119 26.6087 0.8220 -9.9889
3 16 26.6087 0.8220 -9.9889 28.6470 1.3993 -6.4279 28.1502 3.4995 -6.8823
4 16 17.2852 -25.2402 -12.9825 14.8672 -25.2340 -14.6086 14.8761 -25.2422 -16.2171 17.3594 -25.2641 -14.6064
4 16 14.8672 -25.2340 -14.6086 12.4284 -25.6210 -15.9671 12.4307 -25.6261 -17.5229 14.8761 -25.2422 -16.2171
4 16 14.8761 -25.2422 -16.2171 12.4307 -25.6261 -17.5229 12.4331 -25.6312 -19.0788 14.8849 -25.2505 -17.8256
4 16 17.3594 -25.2641 -14.6064 14.8761 -25.2422 -16.2171 14.8849 -25.2505 -17.8256 17.4337 -25.2881 -16.2302
3 16 8.2918 -27.2618 -20.6065 10.2712 -26.3553 -19.9507 10.2977 -26.3547 -18.4079
3 16 10.2977 -26.3547 -18.4079 8.5677 -27.2868 -18.9308 8.2918 -27.2618 -20.6065
4 16 10.2712 -26.3553 -19.9507 12.4331 -25.6312 -19.0788 12.4307 -25.6261 -17.5229 10.2977 -26.3547 -18.4079
4 16 10.2977 -26.3547 -18.4079 12.4307 -25.6261 -17.5229 12.4284 -25.6210 -15.9671 10.2982 -26.3515 -16.8822
4 16 8.5677 -27.2868 -18.9308 10.2977 -26.3547 -18.4079 10.2982 -26.3515 -16.8822 8.5839 -27.2863 -17.4262
3 16 17.5976 -20.4282 -13.5318 18.0556 -20.6604 -13.0730 18.5391 -20.9103 -14.6937
3 16 18.5391 -20.9103 -14.6937 17.9167 -20.6583 -15.1791 17.5976 -20.4282 -13.5318
3 16 18.8426 -20.9307 -12.3442 19.5287 -21.2234 -13.8799 18.5391 -20.9103 -14.6937
3 16 18.5391 -20.9103 -14.6937 18.0556 -20.6604 -13.0730 18.8426 -20.9307 -12.3442
3 16 19.5287 -21.2234 -13.8799 20.2148 -21.5161 -15.4156 19.0226 -21.1603 -16.3143
3 16 19.0226 -21.1603 -16.3143 18.5391 -20.9103 -14.6937 19.5287 -21.2234 -13.8799
3 16 18.5391 -20.9103 -14.6937 19.0226 -21.1603 -16.3143 18.2359 -20.8883 -16.8264
3 16 18.2359 -20.8883 -16.8264 17.9167 -20.6583 -15.1791 18.5391 -20.9103 -14.6937
3 16 34.3877 -21.9982 19.7621 34.6023 -19.0129 19.4331 34.4339 -17.9622 18.5117
3 16 34.4339 -17.9622 18.5117 34.0420 -21.3659 18.0562 34.3877 -21.9982 19.7621
4 16 34.7937 -22.3021 21.5490 34.9371 -17.8539 20.3371 34.6023 -19.0129 19.4331 34.3877 -21.9982 19.7621
3 16 34.9972 -13.0676 19.9415 34.4339 -17.9622 18.5117 34.6023 -19.0129 19.4331
3 16 34.6023 -19.0129 19.4331 34.9371 -17.8539 20.3371 34.9972 -13.0676 19.9415
4 16 2.5152 -62.8538 -1.3157 4.1673 -62.7407 -1.2822 4.3283 -64.1370 -1.3268 2.5855 -64.2611 -1.3574
4 16 4.1673 -62.7407 -1.2822 5.8894 -62.5051 -1.2138 6.1746 -63.8782 -1.2638 4.3283 -64.1370 -1.3268
4 16 4.3283 -64.1370 -1.3268 6.1746 -63.8782 -1.2638 6.4599 -65.2512 -1.3138 4.4893 -65.5333 -1.3714
4 16 2.5855 -64.2611 -1.3574 4.3283 -64.1370 -1.3268 4.4893 -65.5333 -1.3714 2.6558 -65.6684 -1.3991
3 16 3.2948 -63.7905 32.4166 3.3539 -65.2002 32.3547 5.3892 -65.1101 32.4168
3 16 5.3892 -65.1101 32.4168 5.3273 -63.7019 32.5032 3.2948 -63.7905 32.4166
4 16 3.2948 -63.7905 32.4166 1.9521 -63.8198 32.3641 1.9890 -65.2306 32.3172 3.3539 -65.2002 32.3547
4 16 3.3539 -65.2002 32.3547 1.9890 -65.2306 32.3172 2.0258 -66.6414 32.2702 3.3496 -66.6170 32.2914
3 16 3.3539 -65.2002 32.3547 3.3496 -66.6170 32.2914 4.8168 -66.5900 32.3149
3 16 4.8168 -66.5900 32.3149 5.3892 -65.1101 32.4168 3.3539 -65.2002 32.3547
3 16 32.8028 -43.6995 33.2453 34.1158 -44.1635 33.0690 34.9703 -39.9753 31.4610
3 16 34.9703 -39.9753 31.4610 33.6217 -39.6173 31.6481 32.8028 -43.6995 33.2453
4 16 32.8028 -43.6995 33.2453 31.6352 -47.4809 34.0124 32.8946 -48.0676 33.8457 34.1158 -44.1635 33.0690
4 16 34.1158 -44.1635 33.0690 32.8946 -48.0676 33.8457 34.1540 -48.6544 33.6791 35.4287 -44.6275 32.8927
3 16 34.1158 -44.1635 33.0690 35.4287 -44.6275 32.8927 36.3189 -40.3334 31.2739
3 16 36.3189 -40.3334 31.2739 34.9703 -39.9753 31.4610 34.1158 -44.1635 33.0690
3 16 7.4233 -62.1319 -1.1006 7.8531 -63.4627 -1.1597 6.1746 -63.8782 -1.2638
3 16 6.1746 -63.8782 -1.2638 5.8894 -62.5051 -1.2138 7.4233 -62.1319 -1.1006
3 16 8.7316 -61.6480 -0.9515 9.3246 -62.9074 -1.0234 7.8531 -63.4627 -1.1597
3 16 7.8531 -63.4627 -1.1597 7.4233 -62.1319 -1.1006 8.7316 -61.6480 -0.9515
3 16 9.3246 -62.9074 -1.0234 9.9175 -64.1670 -1.0953 8.2829 -64.7936 -1.2189
3 16 8.2829 -64.7936 -1.2189 7.8531 -63.4627 -1.1597 9.3246 -62.9074 -1.0234
4 16 6.1746 -63.8782 -1.2638 7.8531 -63.4627 -1.1597 8.2829 -64.7936 -1.2189 6.4599 -65.2512 -1.3138
3 16 33.2510 14.7736 12.1154 33.9984 12.4553 15.1839 35.3286 12.3800 14.9338
3 16 35.3286 12.3800 14.9338 34.5319 13.9990 12.0632 33.2510 14.7736 12.1154
3 16 34.5532 9.2521 17.7395 35.9090 9.2709 17.4921 35.3286 12.3800 14.9338
3 16 35.3286 12.3800 14.9338 33.9984 12.4553 15.1839 34.5532 9.2521 17.7395
3 16 35.9090 9.2709 17.4921 37.2648 9.2898 17.2446 36.5953 12.3171 14.6931
3 16 36.5953 12.3171 14.6931 35.3286 12.3800 14.9338 35.9090 9.2709 17.4921
3 16 34.5319 13.9990 12.0632 35.3286 12.3800 14.9338 36.5953 12.3171 14.6931
3 16 36.5953 12.3171 14.6931 35.4250 13.5973 12.1154 34.5319 13.9990 12.0632
4 16 0.0000 9.0879 -9.4970 5.4045 9.0646 -9.3275 5.4035 10.4659 -9.5039 0.0000 10.4894 -9.6742
4 16 5.4045 9.0646 -9.3275 10.7658 9.0762 -8.6712 10.7390 10.4766 -8.8398 5.4035 10.4659 -9.5039
4 16 5.4035 10.4659 -9.5039 10.7390 10.4766 -8.8398 10.7122 11.8769 -9.0083 5.4024 11.8672 -9.6803
4 16 0.0000 10.4894 -9.6742 5.4035 10.4659 -9.5039 5.4024 11.8672 -9.6803 0.0000 11.8909 -9.8513
3 16 15.9997 9.2487 -7.3035 15.9117 10.6415 -7.4520 10.7390 10.4766 -8.8398
3 16 10.7390 10.4766 -8.8398 10.7658 9.0762 -8.6712 15.9997 9.2487 -7.3035
3 16 20.8585 9.7231 -4.9862 20.7184 11.0755 -5.1113 15.9117 10.6415 -7.4520
3 16 15.9117 10.6415 -7.4520 15.9997 9.2487 -7.3035 20.8585 9.7231 -4.9862
3 16 20.7184 11.0755 -5.1113 20.5783 12.4278 -5.2364 15.8237 12.0343 -7.6005
3 16 15.8237 12.0343 -7.6005 15.9117 10.6415 -7.4520 20.7184 11.0755 -5.1113
3 16 15.9117 10.6415 -7.4520 15.8237 12.0343 -7.6005 10.7122 11.8769 -9.0083
3 16 10.7122 11.8769 -9.0083 10.7390 10.4766 -8.8398 15.9117 10.6415 -7.4520
4 16 7.3210 -54.7973 0.8696 5.4915 -54.7885 0.8485 5.5098 -56.0930 0.3063 7.4593 -56.0976 0.3173
4 16 5.4915 -54.7885 0.8485 3.7169 -54.7809 0.8309 3.7161 -56.0865 0.2913 5.5098 -56.0930 0.3063
4 16 5.5098 -56.0930 0.3063 3.7161 -56.0865 0.2913 3.7153 -57.3921 -0.2482 5.5282 -57.3974 -0.2360
4 16 7.4593 -56.0976 0.3173 5.5098 -56.0930 0.3063 5.5282 -57.3974 -0.2360 7.5976 -57.3978 -0.2350
3 16 33.8766 -5.6800 15.9028 34.3997 -6.5977 17.9018 34.3691 -2.3275 17.4719
3 16 34.3691 -2.3275 17.4719 34.0540 -0.9251 16.0707 33.8766 -5.6800 15.9028
3 16 33.8766 -5.6800 15.9028 33.7114 -10.3698 15.6503 34.2915 -11.2700 17.4777
3 16 34.2915 -11.2700 17.4777 34.3997 -6.5977 17.9018 33.8766 -5.6800 15.9028
3 16 34.2915 -11.2700 17.4777 34.9972 -13.0676 19.9415 34.9501 -7.3579 20.0654
3 16 34.9501 -7.3579 20.0654 34.3997 -6.5977 17.9018 34.2915 -11.2700 17.4777
3 16 34.3691 -2.3275 17.4719 34.3997 -6.5977 17.9018 34.9501 -7.3579 20.0654
3 16 34.9501 -7.3579 20.0654 34.8675 -1.2318 20.0792 34.3691 -2.3275 17.4719
4 16 21.2684 -26.3512 -9.5109 19.3912 -25.6431 -11.2805 19.6092 -25.6994 -12.8395 21.5728 -26.4241 -11.0050
4 16 19.3912 -25.6431 -11.2805 17.2852 -25.2402 -12.9825 17.3594 -25.2641 -14.6064 19.6092 -25.6994 -12.8395
4 16 19.6092 -25.6994 -12.8395 17.3594 -25.2641 -14.6064 17.4337 -25.2881 -16.2302 19.8271 -25.7556 -14.3986
4 16 21.5728 -26.4241 -11.0050 19.6092 -25.6994 -12.8395 19.8271 -25.7556 -14.3986 21.8772 -26.4971 -12.4992
4 16 18.8426 -20.9307 -12.3442 20.1752 -21.3142 -11.1396 21.0446 -21.6449 -12.5419 19.5287 -21.2234 -13.8799
3 16 21.8522 -21.7326 -9.4692 22.8487 -22.1328 -10.7021 21.0446 -21.6449 -12.5419
3 16 21.0446 -21.6449 -12.5419 20.1752 -21.3142 -11.1396 21.8522 -21.7326 -9.4692
3 16 22.8487 -22.1328 -10.7021 23.8452 -22.5330 -11.9351 21.9141 -21.9756 -13.9441
3 16 21.9141 -21.9756 -13.9441 21.0446 -21.6449 -12.5419 22.8487 -22.1328 -10.7021
4 16 19.5287 -21.2234 -13.8799 21.0446 -21.6449 -12.5419 21.9141 -21.9756 -13.9441 20.2148 -21.5161 -15.4156
3 16 3.7067 7.3641 -22.4503 7.2495 7.2891 -21.1592 8.5006 7.4632 -19.5600
3 16 8.5006 7.4632 -19.5600 5.6497 7.5669 -19.7306 3.7067 7.3641 -22.4503
3 16 7.2495 7.2891 -21.1592 9.4845 7.1379 -20.7652 10.8887 7.3103 -19.5363
3 16 10.8887 7.3103 -19.5363 8.5006 7.4632 -19.5600 7.2495 7.2891 -21.1592
3 16 8.5006 7.4632 -19.5600 10.8887 7.3103 -19.5363 12.5018 7.5677 -17.6182
3 16 12.5018 7.5677 -17.6182 10.1124 7.7237 -17.1560 8.5006 7.4632 -19.5600
3 16 8.5006 7.4632 -19.5600 10.1124 7.7237 -17.1560 7.1214 7.8437 -16.8758
3 16 7.1214 7.8437 -16.8758 5.6497 7.5669 -19.7306 8.5006 7.4632 -19.5600
3 16 24.5111 -28.1803 -5.9907 23.0269 -27.2442 -7.6826 23.2441 -27.2912 -9.1902
3 16 23.2441 -27.2912 -9.1902 24.5827 -28.1906 -7.5377 24.5111 -28.1803 -5.9907
4 16 23.0269 -27.2442 -7.6826 21.2684 -26.3512 -9.5109 21.5728 -26.4241 -11.0050 23.2441 -27.2912 -9.1902
4 16 23.2441 -27.2912 -9.1902 21.5728 -26.4241 -11.0050 21.8772 -26.4971 -12.4992 23.4612 -27.3383 -10.6977
3 16 24.5827 -28.1906 -7.5377 23.2441 -27.2912 -9.1902 23.4612 -27.3383 -10.6977
3 16 23.4612 -27.3383 -10.6977 24.6542 -28.2008 -9.0848 24.5827 -28.1906 -7.5377
3 16 27.5173 -23.5279 -0.7624 28.7475 -24.6355 -1.4271 28.0750 -24.2210 -2.8672
3 16 28.0750 -24.2210 -2.8672 26.9317 -23.2071 -2.1568 27.5173 -23.5279 -0.7624
3 16 27.5173 -23.5279 -0.7624 28.0153 -23.7440 0.5517 29.3350 -24.8318 -0.0636
3 16 29.3350 -24.8318 -0.0636 28.7475 -24.6355 -1.4271 27.5173 -23.5279 -0.7624
3 16 28.7475 -24.6355 -1.4271 29.3350 -24.8318 -0.0636 30.6546 -25.9197 -0.6789
3 16 30.6546 -25.9197 -0.6789 29.9776 -25.7431 -2.0919 28.7475 -24.6355 -1.4271
4 16 28.0750 -24.2210 -2.8672 28.7475 -24.6355 -1.4271 29.9776 -25.7431 -2.0919 29.2182 -25.2350 -3.5776
3 16 21.8522 -21.7326 -9.4692 23.5756 -22.0996 -7.4507 24.6250 -22.6364 -8.4972
3 16 24.6250 -22.6364 -8.4972 22.8487 -22.1328 -10.7021 21.8522 -21.7326 -9.4692
3 16 23.5756 -22.0996 -7.4507 25.0772 -22.4503 -5.4175 26.1428 -23.1590 -6.3001
3 16 26.1428 -23.1590 -6.3001 24.6250 -22.6364 -8.4972 23.5756 -22.0996 -7.4507
3 16 24.6250 -22.6364 -8.4972 26.1428 -23.1590 -6.3001 27.2084 -23.8676 -7.1827
3 16 27.2084 -23.8676 -7.1827 25.6744 -23.1732 -9.5436 24.6250 -22.6364 -8.4972
3 16 22.8487 -22.1328 -10.7021 24.6250 -22.6364 -8.4972 25.6744 -23.1732 -9.5436
3 16 25.6744 -23.1732 -9.5436 23.8452 -22.5330 -11.9351 22.8487 -22.1328 -10.7021
3 16 25.0772 -22.4503 -5.4175 26.1666 -22.8305 -3.6694 27.2567 -23.7041 -4.4444
3 16 27.2567 -23.7041 -4.4444 26.1428 -23.1590 -6.3001 25.0772 -22.4503 -5.4175
3 16 26.1666 -22.8305 -3.6694 26.9317 -23.2071 -2.1568 28.0750 -24.2210 -2.8672
3 16 28.0750 -24.2210 -2.8672 27.2567 -23.7041 -4.4444 26.1666 -22.8305 -3.6694
3 16 27.2567 -23.7041 -4.4444 28.0750 -24.2210 -2.8672 29.2182 -25.2350 -3.5776
3 16 29.2182 -25.2350 -3.5776 28.3468 -24.5776 -5.2193 27.2567 -23.7041 -4.4444
3 16 26.1428 -23.1590 -6.3001 27.2567 -23.7041 -4.4444 28.3468 -24.5776 -5.2193
3 16 28.3468 -24.5776 -5.2193 27.2084 -23.8676 -7.1827 26.1428 -23.1590 -6.3001
3 16 29.8734 -19.4005 4.4279 31.2889 -19.3999 4.4455 31.3460 -20.5348 4.7133
3 16 31.3460 -20.5348 4.7133 29.9322 -20.4944 4.7096 29.8734 -19.4005 4.4279
4 16 29.8734 -19.4005 4.4279 29.5757 -18.4801 3.4632 30.9813 -18.4729 3.4746 31.2889 -19.3999 4.4455
4 16 31.2889 -19.3999 4.4455 30.9813 -18.4729 3.4746 32.3869 -18.4656 3.4859 32.7044 -19.3993 4.4632
3 16 31.2889 -19.3999 4.4455 32.7044 -19.3993 4.4632 32.7597 -20.5753 4.7170
3 16 32.7597 -20.5753 4.7170 31.3460 -20.5348 4.7133 31.2889 -19.3999 4.4455
3 16 28.0153 -23.7440 0.5517 28.4862 -23.8040 1.7854 29.8659 -24.7140 1.2448
3 16 29.8659 -24.7140 1.2448 29.3350 -24.8318 -0.0636 28.0153 -23.7440 0.5517
3 16 28.4862 -23.8040 1.7854 28.9175 -23.6452 2.8668 30.3278 -24.3051 2.4434
3 16 30.3278 -24.3051 2.4434 29.8659 -24.7140 1.2448 28.4862 -23.8040 1.7854
3 16 29.8659 -24.7140 1.2448 30.3278 -24.3051 2.4434 31.7380 -24.9651 2.0199
3 16 31.7380 -24.9651 2.0199 31.2455 -25.6241 0.7042 29.8659 -24.7140 1.2448
3 16 29.3350 -24.8318 -0.0636 29.8659 -24.7140 1.2448 31.2455 -25.6241 0.7042
3 16 31.2455 -25.6241 0.7042 30.6546 -25.9197 -0.6789 29.3350 -24.8318 -0.0636
3 16 28.9943 -17.8830 1.5744 30.3630 -17.8877 1.5483 30.9813 -18.4729 3.4746
3 16 30.9813 -18.4729 3.4746 29.5757 -18.4801 3.4632 28.9943 -17.8830 1.5744
4 16 28.9943 -17.8830 1.5744 28.1720 -17.5535 -0.8164 29.4733 -17.5625 -0.9374 30.3630 -17.8877 1.5483
4 16 30.3630 -17.8877 1.5483 29.4733 -17.5625 -0.9374 30.7745 -17.5716 -1.0584 31.7318 -17.8924 1.5222
3 16 30.3630 -17.8877 1.5483 31.7318 -17.8924 1.5222 32.3869 -18.4656 3.4859
3 16 32.3869 -18.4656 3.4859 30.9813 -18.4729 3.4746 30.3630 -17.8877 1.5483
4 16 25.9098 -13.9039 -5.1780 27.0132 -13.8595 -3.1140 28.2910 -14.0207 -3.7641 27.1635 -14.0697 -5.8979
4 16 27.0132 -13.8595 -3.1140 28.0036 -13.8664 -1.1105 29.2855 -14.0414 -1.7057 28.2910 -14.0207 -3.7641
4 16 28.2910 -14.0207 -3.7641 29.2855 -14.0414 -1.7057 30.5673 -14.2165 -2.3008 29.5688 -14.1820 -4.4143
4 16 27.1635 -14.0697 -5.8979 28.2910 -14.0207 -3.7641 29.5688 -14.1820 -4.4143 28.4172 -14.2355 -6.6178
4 16 26.0148 -17.3114 -5.4866 24.7528 -17.2591 -7.5838 25.7952 -17.2339 -8.2551 27.1305 -17.2791 -5.9726
3 16 23.4575 -17.2329 -9.3824 24.4068 -17.2292 -10.2544 25.7952 -17.2339 -8.2551
3 16 25.7952 -17.2339 -8.2551 24.7528 -17.2591 -7.5838 23.4575 -17.2329 -9.3824
3 16 24.4068 -17.2292 -10.2544 25.3561 -17.2255 -11.1264 26.8377 -17.2087 -8.9264
3 16 26.8377 -17.2087 -8.9264 25.7952 -17.2339 -8.2551 24.4068 -17.2292 -10.2544
4 16 27.1305 -17.2791 -5.9726 25.7952 -17.2339 -8.2551 26.8377 -17.2087 -8.9264 28.2463 -17.2467 -6.4585
4 16 23.4575 -17.2329 -9.3824 22.2126 -17.2416 -10.7855 23.0096 -17.2548 -11.8980 24.4068 -17.2292 -10.2544
4 16 22.2126 -17.2416 -10.7855 21.0938 -17.2694 -11.8639 21.6949 -17.2922 -13.2033 23.0096 -17.2548 -11.8980
4 16 23.0096 -17.2548 -11.8980 21.6949 -17.2922 -13.2033 22.2959 -17.3150 -14.5427 23.8067 -17.2679 -13.0105
4 16 24.4068 -17.2292 -10.2544 23.0096 -17.2548 -11.8980 23.8067 -17.2679 -13.0105 25.3561 -17.2255 -11.1264
3 16 22.8126 -14.1935 -10.3045 23.4930 -14.3390 -11.6080 22.4933 -14.3758 -12.7991
3 16 22.4933 -14.3758 -12.7991 22.1060 -14.2454 -11.2715 22.8126 -14.1935 -10.3045
3 16 23.6582 -14.1068 -9.0462 24.6483 -14.2588 -10.0572 23.4930 -14.3390 -11.6080
3 16 23.4930 -14.3390 -11.6080 22.8126 -14.1935 -10.3045 23.6582 -14.1068 -9.0462
4 16 23.4930 -14.3390 -11.6080 24.6483 -14.2588 -10.0572 25.6383 -14.4109 -11.0683 24.1734 -14.4845 -12.9116
3 16 23.4930 -14.3390 -11.6080 24.1734 -14.4845 -12.9116 22.8807 -14.5061 -14.3267
3 16 22.8807 -14.5061 -14.3267 22.4933 -14.3758 -12.7991 23.4930 -14.3390 -11.6080
4 16 21.0938 -17.2694 -11.8639 20.1420 -17.3065 -12.7179 20.5373 -17.3325 -14.2123 21.6949 -17.2922 -13.2033
3 16 19.2664 -17.3924 -13.3966 19.5001 -17.4122 -14.9767 20.5373 -17.3325 -14.2123
3 16 20.5373 -17.3325 -14.2123 20.1420 -17.3065 -12.7179 19.2664 -17.3924 -13.3966
3 16 19.5001 -17.4122 -14.9767 19.7338 -17.4321 -16.5567 20.9326 -17.3584 -15.7068
3 16 20.9326 -17.3584 -15.7068 20.5373 -17.3325 -14.2123 19.5001 -17.4122 -14.9767
4 16 21.6949 -17.2922 -13.2033 20.5373 -17.3325 -14.2123 20.9326 -17.3584 -15.7068 22.2959 -17.3150 -14.5427
3 16 31.3948 -10.3841 9.5568 32.8650 -10.2956 9.7877 33.0139 -10.9269 10.3101
3 16 33.0139 -10.9269 10.3101 31.5326 -10.9793 10.0098 31.3948 -10.3841 9.5568
4 16 31.3948 -10.3841 9.5568 30.9676 -10.0584 8.0073 32.4280 -9.9466 8.1430 32.8650 -10.2956 9.7877
4 16 32.8650 -10.2956 9.7877 32.4280 -9.9466 8.1430 33.8884 -9.8348 8.2787 34.3353 -10.2071 10.0185
3 16 32.8650 -10.2956 9.7877 34.3353 -10.2071 10.0185 34.4951 -10.8744 10.6103
3 16 34.4951 -10.8744 10.6103 33.0139 -10.9269 10.3101 32.8650 -10.2956 9.7877
4 16 26.8133 -6.8078 -4.2171 27.8742 -6.7054 -2.0068 29.2872 -6.8471 -2.5009 28.0369 -6.9750 -5.1051
4 16 27.8742 -6.7054 -2.0068 29.0199 -6.5876 0.6804 30.4623 -6.7168 0.3299 29.2872 -6.8471 -2.5009
4 16 29.2872 -6.8471 -2.5009 30.4623 -6.7168 0.3299 31.9047 -6.8460 -0.0206 30.7003 -6.9888 -2.9950
4 16 28.0369 -6.9750 -5.1051 29.2872 -6.8471 -2.5009 30.7003 -6.9888 -2.9950 29.2606 -7.1421 -5.9932
4 16 28.8542 -9.8878 0.9408 27.5870 -9.9014 -2.4839 29.0379 -9.8269 -2.6440 30.3507 -9.8003 0.8904
4 16 27.5870 -9.9014 -2.4839 26.4145 -9.9261 -5.1533 27.7241 -9.8614 -5.5481 29.0379 -9.8269 -2.6440
4 16 29.0379 -9.8269 -2.6440 27.7241 -9.8614 -5.5481 29.0336 -9.7967 -5.9429 30.4888 -9.7524 -2.8041
4 16 30.3507 -9.8003 0.8904 29.0379 -9.8269 -2.6440 30.4888 -9.7524 -2.8041 31.8472 -9.7128 0.8399
3 16 30.9390 -6.5334 7.5858 32.3193 -6.5886 7.4024 31.9282 -6.6094 5.4132
3 16 31.9282 -6.6094 5.4132 30.5444 -6.5121 5.7003 30.9390 -6.5334 7.5858
3 16 31.1935 -6.5125 8.9863 32.6137 -6.5291 8.9185 32.3193 -6.5886 7.4024
3 16 32.3193 -6.5886 7.4024 30.9390 -6.5334 7.5858 31.1935 -6.5125 8.9863
3 16 32.6137 -6.5291 8.9185 34.0340 -6.5457 8.8508 33.6997 -6.6439 7.2190
3 16 33.6997 -6.6439 7.2190 32.3193 -6.5886 7.4024 32.6137 -6.5291 8.9185
3 16 32.3193 -6.5886 7.4024 33.6997 -6.6439 7.2190 33.3120 -6.7068 5.1260
3 16 33.3120 -6.7068 5.1260 31.9282 -6.6094 5.4132 32.3193 -6.5886 7.4024
4 16 24.6165 -9.9623 -8.3986 23.8980 -9.9945 -9.5155 24.5362 -9.9606 -10.9243 25.4298 -9.9209 -9.6183
4 16 23.8980 -9.9945 -9.5155 23.2372 -10.0523 -10.4932 23.7364 -10.0280 -11.9678 24.5362 -9.9606 -10.9243
4 16 24.5362 -9.9606 -10.9243 23.7364 -10.0280 -11.9678 24.2356 -10.0037 -13.4425 25.1745 -9.9267 -12.3331
4 16 25.4298 -9.9209 -9.6183 24.5362 -9.9606 -10.9243 25.1745 -9.9267 -12.3331 26.2431 -9.8795 -10.8380
4 16 26.4145 -9.9261 -5.1533 25.4352 -9.9440 -7.0391 26.5011 -9.8913 -7.8550 27.7241 -9.8614 -5.5481
4 16 25.4352 -9.9440 -7.0391 24.6165 -9.9623 -8.3986 25.4298 -9.9209 -9.6183 26.5011 -9.8913 -7.8550
4 16 26.5011 -9.8913 -7.8550 25.4298 -9.9209 -9.6183 26.2431 -9.8795 -10.8380 27.5669 -9.8386 -8.6708
4 16 27.7241 -9.8614 -5.5481 26.5011 -9.8913 -7.8550 27.5669 -9.8386 -8.6708 29.0336 -9.7967 -5.9429
3 16 29.4889 -3.8102 1.4928 30.9512 -3.6968 0.8543 31.5919 -3.6160 2.8085
3 16 31.5919 -3.6160 2.8085 30.0789 -3.6956 3.2607 29.4889 -3.8102 1.4928
3 16 28.9405 -3.9411 -0.0288 30.2659 -3.7952 -0.9905 30.9512 -3.6968 0.8543
3 16 30.9512 -3.6968 0.8543 29.4889 -3.8102 1.4928 28.9405 -3.9411 -0.0288
3 16 30.2659 -3.7952 -0.9905 31.5913 -3.6494 -1.9522 32.4135 -3.5835 0.2159
3 16 32.4135 -3.5835 0.2159 30.9512 -3.6968 0.8543 30.2659 -3.7952 -0.9905
3 16 30.9512 -3.6968 0.8543 32.4135 -3.5835 0.2159 33.1050 -3.5365 2.3564
3 16 33.1050 -3.5365 2.3564 31.5919 -3.6160 2.8085 30.9512 -3.6968 0.8543
3 16 28.9405 -3.9411 -0.0288 28.4611 -4.0841 -1.2606 29.5586 -3.9244 -2.6950
3 16 29.5586 -3.9244 -2.6950 30.2659 -3.7952 -0.9905 28.9405 -3.9411 -0.0288
3 16 28.4611 -4.0841 -1.2606 28.0078 -4.2539 -2.3421 28.8351 -4.1073 -4.2644
3 16 28.8351 -4.1073 -4.2644 29.5586 -3.9244 -2.6950 28.4611 -4.0841 -1.2606
3 16 28.8351 -4.1073 -4.2644 29.6624 -3.9608 -6.1867 30.6561 -3.7648 -4.1293
3 16 30.6561 -3.7648 -4.1293 29.5586 -3.9244 -2.6950 28.8351 -4.1073 -4.2644
3 16 29.5586 -3.9244 -2.6950 30.6561 -3.7648 -4.1293 31.5913 -3.6494 -1.9522
3 16 31.5913 -3.6494 -1.9522 30.2659 -3.7952 -0.9905 29.5586 -3.9244 -2.6950
4 16 31.1599 -3.5647 6.9703 30.6602 -3.6075 5.1596 32.1618 -3.5489 4.8095 32.6348 -3.5200 6.7047
3 16 30.0789 -3.6956 3.2607 31.5919 -3.6160 2.8085 32.1618 -3.5489 4.8095
3 16 32.1618 -3.5489 4.8095 30.6602 -3.6075 5.1596 30.0789 -3.6956 3.2607
4 16 32.1618 -3.5489 4.8095 31.5919 -3.6160 2.8085 33.1050 -3.5365 2.3564 33.6634 -3.4903 4.4595
4 16 32.6348 -3.5200 6.7047 32.1618 -3.5489 4.8095 33.6634 -3.4903 4.4595 34.1098 -3.4754 6.4391
3 16 7.3216 -28.2914 -20.5994 7.3411 -28.2911 -19.1514 6.6022 -29.3217 -19.1817
3 16 6.6022 -29.3217 -19.1817 6.6161 -29.3254 -20.5260 7.3216 -28.2914 -20.5994
3 16 7.3216 -28.2914 -20.5994 8.2918 -27.2618 -20.6065 8.5677 -27.2868 -18.9308
3 16 8.5677 -27.2868 -18.9308 7.3411 -28.2911 -19.1514 7.3216 -28.2914 -20.5994
4 16 7.3411 -28.2911 -19.1514 8.5677 -27.2868 -18.9308 8.5839 -27.2863 -17.4262 7.3346 -28.2882 -17.7205
4 16 6.6022 -29.3217 -19.1817 7.3411 -28.2911 -19.1514 7.3346 -28.2882 -17.7205 6.5884 -29.3180 -17.8375
4 16 4.6542 5.0147 -25.8807 3.9332 7.0508 -25.4503 5.1731 7.1437 -25.4223 6.1699 6.2774 -25.6060
4 16 3.5355 8.5221 -25.1367 5.3076 8.0655 -25.2218 5.1731 7.1437 -25.4223 3.9332 7.0508 -25.4503
4 16 7.0256 7.3172 -25.3814 6.1699 6.2774 -25.6060 5.1731 7.1437 -25.4223 5.3076 8.0655 -25.2218
4 16 0.0000 -6.7991 -11.7561 8.2300 -12.5410 -11.9097 7.1323 -14.1066 -11.9521 5.8623 -15.4138 -11.9865
4 16 9.7691 -8.7934 -28.8052 9.1238 -10.7639 -29.2508 9.1238 -10.7639 -20.5561 9.7691 -8.7934 -20.3068
4 16 9.1238 -10.7639 -29.2508 8.2300 -12.5410 -29.6565 8.2300 -12.5410 -20.7831 9.1238 -10.7639 -20.5561
4 16 9.1238 -10.7639 -20.5561 8.2300 -12.5410 -20.7831 8.2300 -12.5410 -11.9097 9.1238 -10.7639 -11.8614
4 16 9.7691 -8.7934 -20.3068 9.1238 -10.7639 -20.5561 9.1238 -10.7639 -11.8614 9.7691 -8.7934 -11.8084
4 16 5.8623 -15.4138 -11.9865 7.1323 -14.1066 -11.9521 7.1323 -14.1066 -20.9821 5.8623 -15.4138 -21.1430
4 16 7.1323 -14.1066 -11.9521 8.2300 -12.5410 -11.9097 8.2300 -12.5410 -20.7831 7.1323 -14.1066 -20.9821
4 16 7.1323 -14.1066 -20.9821 8.2300 -12.5410 -20.7831 8.2300 -12.5410 -29.6565 7.1323 -14.1066 -30.0122
4 16 5.8623 -15.4138 -21.1430 7.1323 -14.1066 -20.9821 7.1323 -14.1066 -30.0122 5.8623 -15.4138 -30.2995
4 16 13.7195 -7.5573 -28.6141 13.4559 -8.9826 -28.8766 12.3199 -8.9531 -28.8597 12.0299 -7.9454 -28.6580
4 16 12.9475 -10.7174 -29.2373 11.5173 -10.0406 -29.0864 12.3199 -8.9531 -28.8597 13.4559 -8.9826 -28.8766
3 16 12.0299 -7.9454 -28.6580 12.3199 -8.9531 -28.8597 11.5173 -10.0406 -29.0864
3 16 11.5173 -10.0406 -29.0864 9.7691 -8.7934 -28.8052 12.0299 -7.9454 -28.6580
4 16 9.7691 -8.7934 -11.8084 10.1280 -6.6576 -11.7520 10.1280 -6.6576 -20.0412 9.7691 -8.7934 -20.3068
4 16 10.1280 -6.6576 -11.7520 10.2022 -4.4517 -11.6943 10.2022 -4.4517 -19.7705 10.1280 -6.6576 -20.0412
4 16 10.1280 -6.6576 -20.0412 10.2022 -4.4517 -19.7705 10.2022 -4.4517 -27.8467 10.1280 -6.6576 -28.3303
4 16 9.7691 -8.7934 -20.3068 10.1280 -6.6576 -20.0412 10.1280 -6.6576 -28.3303 9.7691 -8.7934 -28.8052
4 16 7.7706 2.9488 -11.5001 8.7976 1.4704 -11.5394 9.5343 -0.2821 -11.5855 0.0000 -6.7991 -11.7561
3 16 11.2371 -54.8595 0.9216 11.6296 -53.2224 -2.2961 9.7317 -53.2370 -2.4731
3 16 9.7317 -53.2370 -2.4731 9.2909 -54.8169 0.9036 11.2371 -54.8595 0.9216
3 16 11.6296 -53.2224 -2.2961 11.9740 -51.4156 -5.3606 10.1239 -51.4550 -5.6916
3 16 10.1239 -51.4550 -5.6916 9.7317 -53.2370 -2.4731 11.6296 -53.2224 -2.2961
3 16 10.1239 -51.4550 -5.6916 8.2273 -51.5102 -5.9094 7.8001 -53.2671 -2.5991
3 16 7.8001 -53.2671 -2.5991 9.7317 -53.2370 -2.4731 10.1239 -51.4550 -5.6916
3 16 9.7317 -53.2370 -2.4731 7.8001 -53.2671 -2.5991 7.3210 -54.7973 0.8696
3 16 7.3210 -54.7973 0.8696 9.2909 -54.8169 0.9036 9.7317 -53.2370 -2.4731
4 16 3.8156 -20.7172 -31.2639 1.9105 -21.3086 -31.3512 1.6996 -19.4240 -31.0257 3.3967 -18.9209 -30.9483
4 16 1.9105 -21.3086 -31.3512 0.0000 -21.5190 -31.3780 0.0000 -19.5971 -31.0489 1.6996 -19.4240 -31.0257
4 16 1.6996 -19.4240 -31.0257 0.0000 -19.5971 -31.0489 0.0000 -17.6752 -30.7198 1.4886 -17.5394 -30.7002
4 16 3.3967 -18.9209 -30.9483 1.6996 -19.4240 -31.0257 1.4886 -17.5394 -30.7002 2.9778 -17.1246 -30.6326
4 16 0.0000 5.6890 -11.4269 2.4515 5.5249 -11.4313 4.6542 5.0147 -11.4449 0.0000 -6.7991 -11.7561
4 16 4.6542 5.0147 -11.4449 2.4515 5.5249 -11.4313 2.4515 5.5249 -18.6058 4.6542 5.0147 -18.6628
4 16 2.4515 5.5249 -11.4313 0.0000 5.6890 -11.4269 0.0000 5.6890 -18.5874 2.4515 5.5249 -18.6058
4 16 2.4515 5.5249 -18.6058 0.0000 5.6890 -18.5874 0.0000 5.6890 -25.7478 2.4515 5.5249 -25.7803
4 16 4.6542 5.0147 -18.6628 2.4515 5.5249 -18.6058 2.4515 5.5249 -25.7803 4.6542 5.0147 -25.8807
4 16 0.0000 -6.8649 -9.0341 7.1755 -17.0249 -9.0341 8.6842 -15.4802 -9.0341 9.9718 -13.6516 -9.0341
4 16 3.6764 -19.0819 -9.0341 3.6810 -19.6063 -19.1002 5.4848 -18.7487 -19.0138 5.4797 -18.2286 -9.0341
4 16 3.6810 -19.6063 -19.1002 3.6856 -20.1307 -28.5813 5.4900 -19.2689 -28.4244 5.4848 -18.7487 -19.0138
4 16 5.4848 -18.7487 -19.0138 5.4900 -19.2689 -28.4244 7.1828 -18.0775 -28.1303 7.1792 -17.5512 -18.8527
4 16 5.4797 -18.2286 -9.0341 5.4848 -18.7487 -19.0138 7.1792 -17.5512 -18.8527 7.1755 -17.0249 -9.0341
3 16 12.3658 -4.5396 -15.9457 12.2553 -7.0211 -16.7333 12.3587 -7.0855 -24.2488
3 16 12.3587 -7.0855 -24.2488 12.4376 -4.2708 -24.0026 12.3658 -4.5396 -15.9457
4 16 12.3658 -4.5396 -15.9457 12.2507 -4.4283 -9.0341 12.1656 -6.9253 -9.0341 12.2553 -7.0211 -16.7333
4 16 12.2553 -7.0211 -16.7333 12.1656 -6.9253 -9.0341 11.7550 -9.3469 -9.0341 11.8323 -9.6210 -17.0360
3 16 12.3587 -7.0855 -24.2488 12.2553 -7.0211 -16.7333 11.8323 -9.6210 -17.0360
3 16 11.8323 -9.6210 -17.0360 12.1070 -10.0488 -24.3442 12.3587 -7.0855 -24.2488
3 16 12.0242 -1.9644 -9.0341 12.2304 -2.7148 -14.0645 12.1310 -1.8246 -16.5273
3 16 12.1310 -1.8246 -16.5273 11.4745 0.3639 -9.0341 12.0242 -1.9644 -9.0341
3 16 12.3658 -4.5396 -15.9457 12.2304 -2.7148 -14.0645 12.0242 -1.9644 -9.0341
3 16 12.0242 -1.9644 -9.0341 12.2507 -4.4283 -9.0341 12.3658 -4.5396 -15.9457
3 16 12.4376 -4.2708 -24.0026 12.1310 -1.8246 -16.5273 12.2304 -2.7148 -14.0645
3 16 12.2304 -2.7148 -14.0645 12.3658 -4.5396 -15.9457 12.4376 -4.2708 -24.0026
3 16 12.2047 -1.7210 -23.5283 12.0209 -0.9453 -18.8254 12.1310 -1.8246 -16.5273
3 16 12.1310 -1.8246 -16.5273 12.4376 -4.2708 -24.0026 12.2047 -1.7210 -23.5283
3 16 11.5474 0.6660 -16.8260 12.0209 -0.9453 -18.8254 12.2047 -1.7210 -23.5283
3 16 12.2047 -1.7210 -23.5283 11.6572 0.5751 -23.0448 11.5474 0.6660 -16.8260
3 16 11.4745 0.3639 -9.0341 12.1310 -1.8246 -16.5273 12.0209 -0.9453 -18.8254
3 16 12.0209 -0.9453 -18.8254 11.5474 0.6660 -16.8260 11.4745 0.3639 -9.0341
4 16 3.6764 -19.0819 -9.0341 5.4797 -18.2286 -9.0341 7.1755 -17.0249 -9.0341 0.0000 -6.8649 -9.0341
4 16 0.0000 -6.8649 -9.0341 11.4745 0.3639 -9.0341 10.5798 2.4659 -9.0341 9.3020 4.2919 -9.0341
3 16 18.0256 -14.1786 -14.5966 17.7236 -15.2759 -14.5936 18.6155 -15.6066 -14.1584
3 16 18.6155 -15.6066 -14.1584 20.1314 -13.5853 -13.7804 18.0256 -14.1786 -14.5966
3 16 16.7211 -16.2216 -14.9274 17.7236 -15.2759 -14.5936 18.0256 -14.1786 -14.5966
3 16 18.0256 -14.1786 -14.5966 15.7895 -14.3635 -15.5224 16.7211 -16.2216 -14.9274
4 16 17.6423 -17.9332 -14.2815 18.6155 -15.6066 -14.1584 17.7236 -15.2759 -14.5936 16.7211 -16.2216 -14.9274
3 16 14.3341 -12.6742 -16.3183 15.4538 -11.7361 -15.7791 15.6401 -10.5263 -15.7197
3 16 15.6401 -10.5263 -15.7197 13.3368 -10.8047 -16.9333 14.3341 -12.6742 -16.3183
4 16 15.7895 -14.3635 -15.5224 16.6712 -12.1948 -15.1574 15.4538 -11.7361 -15.7791 14.3341 -12.6742 -16.3183
3 16 15.6401 -10.5263 -15.7197 15.4538 -11.7361 -15.7791 16.6712 -12.1948 -15.1574
3 16 16.6712 -12.1948 -15.1574 17.3056 -10.9089 -14.8307 15.6401 -10.5263 -15.7197
4 16 0.0000 -40.0313 -17.1658 2.1205 -40.0626 -17.1655 1.5559 -37.6257 -18.6395 0.0000 -37.0558 -18.9480
3 16 2.3374 -36.4008 -19.3148 1.5559 -37.6257 -18.6395 2.1205 -40.0626 -17.1655
3 16 2.1205 -40.0626 -17.1655 4.3136 -39.4157 -17.5487 2.3374 -36.4008 -19.3148
4 16 0.0000 -33.0377 -21.1047 0.0000 -37.0558 -18.9480 1.5559 -37.6257 -18.6395 2.3374 -36.4008 -19.3148
4 16 28.9405 -3.9411 -0.0288 29.0487 -1.2086 -0.8783 28.2822 -1.4789 -2.8796 28.4611 -4.0841 -1.2606
4 16 29.0487 -1.2086 -0.8783 29.1570 1.5239 -1.7279 28.0471 1.1534 -4.5876 28.2822 -1.4789 -2.8796
3 16 28.2822 -1.4789 -2.8796 28.0471 1.1534 -4.5876 26.7169 0.5892 -7.1485
3 16 26.7169 0.5892 -7.1485 27.6328 -1.9972 -4.3003 28.2822 -1.4789 -2.8796
4 16 28.4611 -4.0841 -1.2606 28.2822 -1.4789 -2.8796 27.6328 -1.9972 -4.3003 28.0078 -4.2539 -2.3421
4 16 9.9718 -13.6516 -9.0341 11.0108 -11.5992 -9.0341 11.7550 -9.3469 -9.0341 0.0000 -6.8649 -9.0341
4 16 3.4212 -22.4842 -26.6992 3.3614 -23.8847 -25.2100 4.9756 -22.7921 -25.3949 5.0670 -21.5001 -26.7734
3 16 3.6199 -25.4219 -23.0981 5.1099 -23.9925 -23.6744 4.9756 -22.7921 -25.3949
3 16 4.9756 -22.7921 -25.3949 3.3614 -23.8847 -25.2100 3.6199 -25.4219 -23.0981
3 16 4.9756 -22.7921 -25.3949 5.1099 -23.9925 -23.6744 6.8273 -22.1306 -23.4005
3 16 6.8273 -22.1306 -23.4005 6.6002 -21.0784 -25.4844 4.9756 -22.7921 -25.3949
3 16 4.9756 -22.7921 -25.3949 6.6002 -21.0784 -25.4844 6.6568 -20.0188 -26.7927
3 16 6.6568 -20.0188 -26.7927 5.0670 -21.5001 -26.7734 4.9756 -22.7921 -25.3949
4 16 32.7208 -10.5617 14.9742 32.1480 -7.4418 12.7244 31.9784 -7.3755 12.1023 32.0300 -8.3433 12.3503
3 16 31.7263 -5.5442 10.8860 31.6504 -5.8992 10.7822 31.9784 -7.3755 12.1023
3 16 31.9784 -7.3755 12.1023 32.1480 -7.4418 12.7244 31.7263 -5.5442 10.8860
3 16 31.5415 -6.1714 10.5095 32.0300 -8.3433 12.3503 31.9784 -7.3755 12.1023
3 16 31.9784 -7.3755 12.1023 31.6504 -5.8992 10.7822 31.5415 -6.1714 10.5095
3 16 28.8669 -13.9154 0.8432 30.1570 -14.1517 0.2973 29.2855 -14.0414 -1.7057
3 16 29.2855 -14.0414 -1.7057 28.0036 -13.8664 -1.1105 28.8669 -13.9154 0.8432
3 16 28.8669 -13.9154 0.8432 29.5816 -13.9869 2.7329 30.8882 -14.3355 2.2419
3 16 30.8882 -14.3355 2.2419 30.1570 -14.1517 0.2973 28.8669 -13.9154 0.8432
3 16 30.1570 -14.1517 0.2973 30.8882 -14.3355 2.2419 32.1949 -14.6842 1.7509
3 16 32.1949 -14.6842 1.7509 31.4472 -14.3879 -0.2486 30.1570 -14.1517 0.2973
3 16 30.1570 -14.1517 0.2973 31.4472 -14.3879 -0.2486 30.5673 -14.2165 -2.3008
3 16 30.5673 -14.2165 -2.3008 29.2855 -14.0414 -1.7057 30.1570 -14.1517 0.2973
4 16 0.0000 -19.7557 -9.0341 1.8424 -19.5886 -9.0341 3.6764 -19.0819 -9.0341 0.0000 -6.8649 -9.0341
3 16 12.1137 4.6992 -21.5595 12.2763 5.5430 -21.1843 11.0736 5.7282 -21.5486
3 16 11.0736 5.7282 -21.5486 9.6740 4.3630 -22.6232 12.1137 4.6992 -21.5595
4 16 14.0100 4.7069 -20.6211 13.4284 5.9441 -20.4760 12.2763 5.5430 -21.1843 12.1137 4.6992 -21.5595
3 16 11.0736 5.7282 -21.5486 12.2763 5.5430 -21.1843 13.4284 5.9441 -20.4760
3 16 13.4284 5.9441 -20.4760 12.0684 6.5066 -20.6945 11.0736 5.7282 -21.5486
4 16 10.0027 -18.3182 -18.0819 11.8465 -19.1061 -17.1519 13.0987 -17.3252 -16.6814 12.9552 -16.0107 -16.8232
3 16 14.5201 -17.0822 -15.9743 13.0987 -17.3252 -16.6814 11.8465 -19.1061 -17.1519
3 16 11.8465 -19.1061 -17.1519 13.5926 -19.0634 -16.2845 14.5201 -17.0822 -15.9743
3 16 12.9552 -16.0107 -16.8232 13.0987 -17.3252 -16.6814 14.5201 -17.0822 -15.9743
3 16 14.5201 -17.0822 -15.9743 15.7895 -14.3635 -15.5224 12.9552 -16.0107 -16.8232
3 16 28.0153 -23.7440 0.5517 27.5173 -23.5279 -0.7624 27.1646 -25.6099 -1.6138
3 16 27.1646 -25.6099 -1.6138 27.4367 -26.9577 -1.1314 28.0153 -23.7440 0.5517
3 16 26.6080 -26.1244 -2.8127 27.1646 -25.6099 -1.6138 27.5173 -23.5279 -0.7624
3 16 27.5173 -23.5279 -0.7624 26.9317 -23.2071 -2.1568 26.6080 -26.1244 -2.8127
3 16 27.4367 -26.9577 -1.1314 27.1646 -25.6099 -1.6138 26.6080 -26.1244 -2.8127
3 16 26.6080 -26.1244 -2.8127 26.1732 -30.0607 -3.7724 27.4367 -26.9577 -1.1314
3 16 23.4575 -17.2329 -9.3824 23.5578 -15.6698 -9.2143 22.5126 -15.7176 -10.5450
3 16 22.5126 -15.7176 -10.5450 22.2126 -17.2416 -10.7855 23.4575 -17.2329 -9.3824
3 16 23.5578 -15.6698 -9.2143 23.6582 -14.1068 -9.0462 22.8126 -14.1935 -10.3045
3 16 22.8126 -14.1935 -10.3045 22.5126 -15.7176 -10.5450 23.5578 -15.6698 -9.2143
3 16 22.5126 -15.7176 -10.5450 22.8126 -14.1935 -10.3045 22.1060 -14.2454 -11.2715
3 16 22.1060 -14.2454 -11.2715 21.5999 -15.7574 -11.5677 22.5126 -15.7176 -10.5450
3 16 22.2126 -17.2416 -10.7855 22.5126 -15.7176 -10.5450 21.5999 -15.7574 -11.5677
3 16 21.5999 -15.7574 -11.5677 21.0938 -17.2694 -11.8639 22.2126 -17.2416 -10.7855
4 16 5.9238 6.8679 -9.0341 6.3241 6.7188 -15.7020 4.8012 7.2873 -15.6839 4.3463 7.4665 -9.0341
4 16 6.3241 6.7188 -15.7020 6.7244 6.5698 -22.3842 5.2561 7.1081 -22.3712 4.8012 7.2873 -15.6839
4 16 4.8012 7.2873 -15.6839 5.2561 7.1081 -22.3712 3.7067 7.3641 -22.4503 3.2960 7.5527 -15.7128
4 16 4.3463 7.4665 -9.0341 4.8012 7.2873 -15.6839 3.2960 7.5527 -15.7128 2.8853 7.7414 -8.9753
3 16 0.0000 -22.0064 -27.7298 1.7844 -21.8143 -27.7452 1.8478 -20.6625 -28.6604
3 16 1.8478 -20.6625 -28.6604 0.0000 -20.8450 -28.6839 0.0000 -22.0064 -27.7298
4 16 0.0000 -22.0064 -27.7298 0.0000 -23.2670 -26.5743 1.7245 -23.0695 -26.6149 1.7844 -21.8143 -27.7452
3 16 1.7245 -23.0695 -26.6149 3.4212 -22.4842 -26.6992 3.5460 -21.2542 -27.7582
3 16 3.5460 -21.2542 -27.7582 1.7844 -21.8143 -27.7452 1.7245 -23.0695 -26.6149
3 16 1.7844 -21.8143 -27.7452 3.5460 -21.2542 -27.7582 3.6856 -20.1307 -28.5813
3 16 3.6856 -20.1307 -28.5813 1.8478 -20.6625 -28.6604 1.7844 -21.8143 -27.7452
3 16 34.0420 -21.3659 18.0562 33.6901 -25.5162 18.0871 34.1227 -26.2642 20.7187
3 16 34.1227 -26.2642 20.7187 34.3877 -21.9982 19.7621 34.0420 -21.3659 18.0562
3 16 33.2828 -30.0036 18.2934 33.7696 -30.7693 21.7416 34.1227 -26.2642 20.7187
3 16 34.1227 -26.2642 20.7187 33.6901 -25.5162 18.0871 33.2828 -30.0036 18.2934
3 16 34.1227 -26.2642 20.7187 33.7696 -30.7693 21.7416 34.3861 -31.6361 26.3918
3 16 34.3861 -31.6361 26.3918 34.6070 -27.0226 23.6801 34.1227 -26.2642 20.7187
3 16 34.3877 -21.9982 19.7621 34.1227 -26.2642 20.7187 34.6070 -27.0226 23.6801
3 16 34.6070 -27.0226 23.6801 34.7937 -22.3021 21.5490 34.3877 -21.9982 19.7621
4 16 28.1720 -17.5535 -0.8164 27.1673 -17.3896 -3.2129 28.3753 -17.3777 -3.5017 29.4733 -17.5625 -0.9374
4 16 27.1673 -17.3896 -3.2129 26.0148 -17.3114 -5.4866 27.1305 -17.2791 -5.9726 28.3753 -17.3777 -3.5017
4 16 28.3753 -17.3777 -3.5017 27.1305 -17.2791 -5.9726 28.2463 -17.2467 -6.4585 29.5833 -17.3657 -3.7905
4 16 29.4733 -17.5625 -0.9374 28.3753 -17.3777 -3.5017 29.5833 -17.3657 -3.7905 30.7745 -17.5716 -1.0584
4 16 23.6582 -14.1068 -9.0462 24.7365 -13.9979 -7.2560 25.9118 -14.1592 -8.0780 24.6483 -14.2588 -10.0572
4 16 24.7365 -13.9979 -7.2560 25.9098 -13.9039 -5.1780 27.1635 -14.0697 -5.8979 25.9118 -14.1592 -8.0780
4 16 25.9118 -14.1592 -8.0780 27.1635 -14.0697 -5.8979 28.4172 -14.2355 -6.6178 27.0871 -14.3205 -8.9000
4 16 24.6483 -14.2588 -10.0572 25.9118 -14.1592 -8.0780 27.0871 -14.3205 -8.9000 25.6383 -14.4109 -11.0683
4 16 23.2372 -10.0523 -10.4932 22.6047 -10.1529 -11.3691 22.9485 -10.1447 -12.9141 23.7364 -10.0280 -11.9678
3 16 22.0028 -10.3361 -12.0970 22.2077 -10.3406 -13.7015 22.9485 -10.1447 -12.9141
3 16 22.9485 -10.1447 -12.9141 22.6047 -10.1529 -11.3691 22.0028 -10.3361 -12.0970
3 16 22.2077 -10.3406 -13.7015 22.4126 -10.3451 -15.3060 23.2922 -10.1365 -14.4592
3 16 23.2922 -10.1365 -14.4592 22.9485 -10.1447 -12.9141 22.2077 -10.3406 -13.7015
4 16 23.7364 -10.0280 -11.9678 22.9485 -10.1447 -12.9141 23.2922 -10.1365 -14.4592 24.2356 -10.0037 -13.4425
4 16 7.0256 7.3172 -25.3814 8.6252 6.2582 -25.6184 7.5568 5.2098 -25.8330 6.1699 6.2774 -25.6060
4 16 8.6252 6.2582 -25.6184 10.0549 4.9580 -25.9107 8.9128 3.9534 -26.0997 7.5568 5.2098 -25.8330
4 16 7.5568 5.2098 -25.8330 8.9128 3.9534 -26.0997 7.7706 2.9488 -26.2888 6.4160 4.1439 -26.0517
4 16 6.1699 6.2774 -25.6060 7.5568 5.2098 -25.8330 6.4160 4.1439 -26.0517 4.6542 5.0147 -25.8807
4 16 9.5343 -0.2821 -11.5855 8.7976 1.4704 -11.5394 8.7976 1.4704 -19.0635 9.5343 -0.2821 -19.2683
4 16 8.7976 1.4704 -11.5394 7.7706 2.9488 -11.5001 7.7706 2.9488 -18.8944 8.7976 1.4704 -19.0635
4 16 8.7976 1.4704 -19.0635 7.7706 2.9488 -18.8944 7.7706 2.9488 -26.2888 8.7976 1.4704 -26.5877
4 16 9.5343 -0.2821 -19.2683 8.7976 1.4704 -19.0635 8.7976 1.4704 -26.5877 9.5343 -0.2821 -26.9511
3 16 20.9119 5.5767 -15.6652 19.3902 5.6708 -16.9173 18.5088 4.8296 -17.7309
3 16 18.5088 4.8296 -17.7309 20.6512 3.5285 -16.2844 20.9119 5.5767 -15.6652
3 16 18.7249 6.5719 -17.0994 19.3902 5.6708 -16.9173 20.9119 5.5767 -15.6652
3 16 20.9119 5.5767 -15.6652 20.5195 6.9567 -15.4791 18.7249 6.5719 -17.0994
3 16 18.5088 4.8296 -17.7309 19.3902 5.6708 -16.9173 18.7249 6.5719 -17.0994
3 16 18.7249 6.5719 -17.0994 17.1889 6.0177 -18.3318 18.5088 4.8296 -17.7309
4 16 9.9876 -14.6697 -26.8249 9.9797 -14.1607 -18.1512 8.6859 -16.0151 -18.5785 8.6875 -16.5499 -27.6264
4 16 9.9797 -14.1607 -18.1512 9.9718 -13.6516 -9.0341 8.6842 -15.4802 -9.0341 8.6859 -16.0151 -18.5785
4 16 8.6859 -16.0151 -18.5785 8.6842 -15.4802 -9.0341 7.1755 -17.0249 -9.0341 7.1792 -17.5512 -18.8527
4 16 8.6875 -16.5499 -27.6264 8.6859 -16.0151 -18.5785 7.1792 -17.5512 -18.8527 7.1828 -18.0775 -28.1303
3 16 29.8171 -21.5753 4.6486 31.2320 -21.7018 4.6180 31.0045 -22.7734 4.2030
3 16 31.0045 -22.7734 4.2030 29.5857 -22.5146 4.3164 29.8171 -21.5753 4.6486
3 16 29.9322 -20.4944 4.7096 31.3460 -20.5348 4.7133 31.2320 -21.7018 4.6180
3 16 31.2320 -21.7018 4.6180 29.8171 -21.5753 4.6486 29.9322 -20.4944 4.7096
3 16 31.3460 -20.5348 4.7133 32.7597 -20.5753 4.7170 32.6469 -21.8282 4.5874
3 16 32.6469 -21.8282 4.5874 31.2320 -21.7018 4.6180 31.3460 -20.5348 4.7133
3 16 31.2320 -21.7018 4.6180 32.6469 -21.8282 4.5874 32.4232 -23.0322 4.0895
3 16 32.4232 -23.0322 4.0895 31.0045 -22.7734 4.2030 31.2320 -21.7018 4.6180
3 16 16.7153 -3.7296 -19.3010 19.1372 -2.1421 -17.8041 17.9236 -1.1742 -18.8053
3 16 17.9236 -1.1742 -18.8053 16.2323 -1.5538 -20.0963 16.7153 -3.7296 -19.3010
3 16 18.6426 -0.0408 -18.3278 17.9236 -1.1742 -18.8053 19.1372 -2.1421 -17.8041
3 16 19.1372 -2.1421 -17.8041 21.7176 -0.9457 -15.8247 18.6426 -0.0408 -18.3278
3 16 16.2323 -1.5538 -20.0963 17.9236 -1.1742 -18.8053 18.6426 -0.0408 -18.3278
3 16 18.6426 -0.0408 -18.3278 15.7904 0.5919 -20.4069 16.2323 -1.5538 -20.0963
4 16 7.7859 -33.9631 -20.4769 7.8542 -34.0915 -18.7883 6.4474 -33.7959 -19.4582 5.9398 -33.6117 -20.7511
4 16 7.6829 -34.1586 -16.8089 5.8673 -33.7132 -18.9293 6.4474 -33.7959 -19.4582 7.8542 -34.0915 -18.7883
3 16 4.2291 -33.3504 -20.9439 5.9398 -33.6117 -20.7511 6.4474 -33.7959 -19.4582
3 16 6.4474 -33.7959 -19.4582 5.8673 -33.7132 -18.9293 4.2291 -33.3504 -20.9439
3 16 33.2067 1.0948 7.6363 33.0016 4.8156 7.4859 32.1966 4.6162 3.8653
3 16 32.1966 4.6162 3.8653 32.5342 1.4479 4.2112 33.2067 1.0948 7.6363
3 16 33.6484 0.5879 10.8207 33.6469 4.9348 11.2291 33.0016 4.8156 7.4859
3 16 33.0016 4.8156 7.4859 33.2067 1.0948 7.6363 33.6484 0.5879 10.8207
3 16 33.6469 4.9348 11.2291 33.4163 8.5019 10.5913 32.6793 7.9803 6.9899
3 16 32.6793 7.9803 6.9899 33.0016 4.8156 7.4859 33.6469 4.9348 11.2291
3 16 32.1966 4.6162 3.8653 33.0016 4.8156 7.4859 32.6793 7.9803 6.9899
3 16 32.6793 7.9803 6.9899 31.7614 7.4038 3.3798 32.1966 4.6162 3.8653
3 16 12.5525 -35.0294 -17.6967 10.1347 -34.5335 -18.2564 10.1296 -34.4506 -20.1000
3 16 10.1296 -34.4506 -20.1000 12.5345 -34.9977 -19.5587 12.5525 -35.0294 -17.6967
3 16 12.5705 -35.0611 -15.8347 10.1106 -34.6089 -16.3882 10.1347 -34.5335 -18.2564
3 16 10.1347 -34.5335 -18.2564 12.5525 -35.0294 -17.6967 12.5705 -35.0611 -15.8347
4 16 10.1347 -34.5335 -18.2564 10.1106 -34.6089 -16.3882 7.6829 -34.1586 -16.8089 7.8542 -34.0915 -18.7883
3 16 10.1347 -34.5335 -18.2564 7.8542 -34.0915 -18.7883 7.7859 -33.9631 -20.4769
3 16 7.7859 -33.9631 -20.4769 10.1296 -34.4506 -20.1000 10.1347 -34.5335 -18.2564
3 16 21.4036 -39.0048 -10.7139 19.0145 -38.6287 -13.4037 18.9635 -41.0277 -11.5927
3 16 18.9635 -41.0277 -11.5927 21.3128 -41.3709 -9.0720 21.4036 -39.0048 -10.7139
3 16 21.4393 -36.5993 -12.3950 19.0427 -36.4368 -15.0186 19.0145 -38.6287 -13.4037
3 16 19.0145 -38.6287 -13.4037 21.4036 -39.0048 -10.7139 21.4393 -36.5993 -12.3950
3 16 19.0427 -36.4368 -15.0186 16.6101 -36.0077 -17.2863 16.5976 -38.2628 -15.5508
3 16 16.5976 -38.2628 -15.5508 19.0145 -38.6287 -13.4037 19.0427 -36.4368 -15.0186
3 16 19.0145 -38.6287 -13.4037 16.5976 -38.2628 -15.5508 16.5549 -40.8078 -13.5753
3 16 16.5549 -40.8078 -13.5753 18.9635 -41.0277 -11.5927 19.0145 -38.6287 -13.4037
4 16 31.8973 -38.3672 18.2680 32.7111 -34.2447 18.3715 32.2113 -33.6981 15.1377 31.3408 -37.9153 14.7206
4 16 32.7111 -34.2447 18.3715 33.2828 -30.0036 18.2934 32.8430 -29.3618 15.4566 32.2113 -33.6981 15.1377
4 16 32.2113 -33.6981 15.1377 32.8430 -29.3618 15.4566 32.3214 -28.9354 12.4535 31.7174 -33.3276 12.3362
4 16 31.3408 -37.9153 14.7206 32.2113 -33.6981 15.1377 31.7174 -33.3276 12.3362 30.6872 -37.5526 11.1755
3 16 33.0101 0.5917 10.7282 32.5062 1.1156 7.6223 31.8057 1.1363 7.6083
3 16 31.8057 1.1363 7.6083 32.3718 0.5954 10.6356 33.0101 0.5917 10.7282
3 16 33.6484 0.5879 10.8207 33.2067 1.0948 7.6363 32.5062 1.1156 7.6223
3 16 32.5062 1.1156 7.6223 33.0101 0.5917 10.7282 33.6484 0.5879 10.8207
4 16 32.5062 1.1156 7.6223 33.2067 1.0948 7.6363 32.5342 1.4479 4.2112 31.7859 1.4673 4.3034
4 16 31.8057 1.1363 7.6083 32.5062 1.1156 7.6223 31.7859 1.4673 4.3034 31.0376 1.4867 4.3957
3 16 26.7169 0.5892 -7.1485 28.0471 1.1534 -4.5876 28.3470 1.2763 -5.5078
3 16 28.3470 1.2763 -5.5078 26.6628 0.7056 -8.5687 26.7169 0.5892 -7.1485
3 16 28.0471 1.1534 -4.5876 29.1570 1.5239 -1.7279 29.7363 1.6120 -2.2498
3 16 29.7363 1.6120 -2.2498 28.3470 1.2763 -5.5078 28.0471 1.1534 -4.5876
3 16 28.3470 1.2763 -5.5078 29.7363 1.6120 -2.2498 30.3157 1.7001 -2.7718
3 16 30.3157 1.7001 -2.7718 28.6470 1.3993 -6.4279 28.3470 1.2763 -5.5078
3 16 26.6628 0.7056 -8.5687 28.3470 1.2763 -5.5078 28.6470 1.3993 -6.4279
3 16 28.6470 1.3993 -6.4279 26.6087 0.8220 -9.9889 26.6628 0.7056 -8.5687
3 16 21.7176 -0.9457 -15.8247 22.5097 -0.9594 -13.3792 24.6759 -0.0348 -11.2215
3 16 24.6759 -0.0348 -11.2215 24.2582 0.0334 -13.1853 21.7176 -0.9457 -15.8247
3 16 22.5097 -0.9594 -13.3792 23.3019 -0.9731 -10.9337 25.0935 -0.1029 -9.2577
3 16 25.0935 -0.1029 -9.2577 24.6759 -0.0348 -11.2215 22.5097 -0.9594 -13.3792
3 16 24.6759 -0.0348 -11.2215 25.0935 -0.1029 -9.2577 26.7169 0.5892 -7.1485
3 16 26.7169 0.5892 -7.1485 26.6628 0.7056 -8.5687 24.6759 -0.0348 -11.2215
3 16 24.2582 0.0334 -13.1853 24.6759 -0.0348 -11.2215 26.6628 0.7056 -8.5687
3 16 26.6628 0.7056 -8.5687 26.6087 0.8220 -9.9889 24.2582 0.0334 -13.1853
3 16 9.9013 -17.2188 -20.8708 8.7778 -19.2013 -22.0118 8.2497 -20.7325 -21.1418
3 16 8.2497 -20.7325 -21.1418 10.0027 -18.3182 -18.0819 9.9013 -17.2188 -20.8708
3 16 8.3664 -19.1921 -23.7411 8.7778 -19.2013 -22.0118 9.9013 -17.2188 -20.8708
3 16 9.9013 -17.2188 -20.8708 10.0009 -15.9405 -23.1160 8.3664 -19.1921 -23.7411
3 16 6.8273 -22.1306 -23.4005 8.2497 -20.7325 -21.1418 8.7778 -19.2013 -22.0118
3 16 8.7778 -19.2013 -22.0118 8.3664 -19.1921 -23.7411 6.8273 -22.1306 -23.4005
3 16 12.1070 -10.0488 -24.3442 11.0988 -12.4521 -25.6818 10.6372 -13.7987 -25.0001
3 16 10.6372 -13.7987 -25.0001 11.0925 -13.0563 -23.6370 12.1070 -10.0488 -24.3442
3 16 9.6900 -15.8657 -25.2888 10.6372 -13.7987 -25.0001 11.0988 -12.4521 -25.6818
3 16 11.0988 -12.4521 -25.6818 9.9876 -14.6697 -26.8249 9.6900 -15.8657 -25.2888
3 16 11.0925 -13.0563 -23.6370 10.6372 -13.7987 -25.0001 9.6900 -15.8657 -25.2888
3 16 9.6900 -15.8657 -25.2888 10.0009 -15.9405 -23.1160 11.0925 -13.0563 -23.6370
3 16 16.8900 -19.0335 -14.4786 15.2736 -19.0067 -15.3869 14.8196 -20.2701 -15.4461
3 16 14.8196 -20.2701 -15.4461 16.8199 -19.4723 -14.4145 16.8900 -19.0335 -14.4786
4 16 15.2736 -19.0067 -15.3869 13.5926 -19.0634 -16.2845 12.7635 -21.0437 -16.4582 14.8196 -20.2701 -15.4461
3 16 14.8196 -20.2701 -15.4461 12.7635 -21.0437 -16.4582 12.7688 -22.9403 -16.1448
3 16 12.7688 -22.9403 -16.1448 14.8447 -21.1034 -15.2549 14.8196 -20.2701 -15.4461
3 16 16.8199 -19.4723 -14.4145 14.8196 -20.2701 -15.4461 14.8447 -21.1034 -15.2549
3 16 14.8447 -21.1034 -15.2549 16.9322 -19.8217 -14.2365 16.8199 -19.4723 -14.4145
3 16 19.0649 -8.9004 -13.7511 17.7263 -7.8126 -14.5604 16.5099 -9.1236 -15.2721
3 16 16.5099 -9.1236 -15.2721 18.0948 -9.8417 -14.3810 19.0649 -8.9004 -13.7511
3 16 16.4479 -6.5541 -15.3615 14.9000 -8.3434 -16.2016 16.5099 -9.1236 -15.2721
3 16 16.5099 -9.1236 -15.2721 17.7263 -7.8126 -14.5604 16.4479 -6.5541 -15.3615
3 16 14.9000 -8.3434 -16.2016 13.3368 -10.8047 -16.9333 15.6401 -10.5263 -15.7197
3 16 15.6401 -10.5263 -15.7197 16.5099 -9.1236 -15.2721 14.9000 -8.3434 -16.2016
3 16 16.5099 -9.1236 -15.2721 15.6401 -10.5263 -15.7197 17.3056 -10.9089 -14.8307
3 16 17.3056 -10.9089 -14.8307 18.0948 -9.8417 -14.3810 16.5099 -9.1236 -15.2721
3 16 12.4376 -4.2708 -24.0026 12.3587 -7.0855 -24.2488 12.5340 -7.4579 -23.3716
3 16 12.5340 -7.4579 -23.3716 13.0193 -6.2374 -22.7107 12.4376 -4.2708 -24.0026
3 16 12.4525 -9.0786 -23.0142 12.5340 -7.4579 -23.3716 12.3587 -7.0855 -24.2488
3 16 12.3587 -7.0855 -24.2488 12.1070 -10.0488 -24.3442 12.4525 -9.0786 -23.0142
3 16 13.0193 -6.2374 -22.7107 12.5340 -7.4579 -23.3716 12.4525 -9.0786 -23.0142
3 16 12.4525 -9.0786 -23.0142 13.2044 -7.7212 -21.7433 13.0193 -6.2374 -22.7107
3 16 18.4423 -22.8319 -12.4525 17.8576 -22.0719 -13.0506 17.0688 -22.6060 -13.5444
3 16 17.0688 -22.6060 -13.5444 17.2852 -25.2402 -12.9825 18.4423 -22.8319 -12.4525
3 16 18.0556 -20.6604 -13.0730 17.8576 -22.0719 -13.0506 18.4423 -22.8319 -12.4525
3 16 18.4423 -22.8319 -12.4525 18.8426 -20.9307 -12.3442 18.0556 -20.6604 -13.0730
3 16 17.5976 -20.4282 -13.5318 17.0688 -22.6060 -13.5444 17.8576 -22.0719 -13.0506
3 16 17.8576 -22.0719 -13.0506 18.0556 -20.6604 -13.0730 17.5976 -20.4282 -13.5318
3 16 21.1376 -58.2098 21.3217 19.0154 -59.0248 21.2106 19.0565 -59.7725 25.7779
3 16 19.0565 -59.7725 25.7779 21.2260 -58.9779 26.5651 21.1376 -58.2098 21.3217
4 16 21.1376 -58.2098 21.3217 21.0604 -57.1305 15.8484 18.7649 -57.9279 15.4734 19.0154 -59.0248 21.2106
3 16 18.7649 -57.9279 15.4734 15.9762 -58.6824 14.0726 16.6249 -59.7869 21.1126
3 16 16.6249 -59.7869 21.1126 19.0154 -59.0248 21.2106 18.7649 -57.9279 15.4734
4 16 19.0565 -59.7725 25.7779 19.0154 -59.0248 21.2106 16.6249 -59.7869 21.1126 16.9302 -60.4465 25.8797
4 16 4.2805 -51.5259 -6.1482 4.0149 -53.2764 -2.7333 5.9140 -53.2788 -2.6863 6.2908 -51.5295 -6.0662
4 16 4.0149 -53.2764 -2.7333 3.7169 -54.7809 0.8309 5.4915 -54.7885 0.8485 5.9140 -53.2788 -2.6863
3 16 5.4915 -54.7885 0.8485 7.3210 -54.7973 0.8696 7.8001 -53.2671 -2.5991
3 16 7.8001 -53.2671 -2.5991 5.9140 -53.2788 -2.6863 5.4915 -54.7885 0.8485
3 16 5.9140 -53.2788 -2.6863 7.8001 -53.2671 -2.5991 8.2273 -51.5102 -5.9094
3 16 8.2273 -51.5102 -5.9094 6.2908 -51.5295 -6.0662 5.9140 -53.2788 -2.6863
3 16 12.2371 -49.2784 -8.1682 10.4310 -49.2935 -8.6361 10.1239 -51.4550 -5.6916
3 16 10.1239 -51.4550 -5.6916 11.9740 -51.4156 -5.3606 12.2371 -49.2784 -8.1682
3 16 12.4456 -46.6872 -10.8127 10.6654 -46.6734 -11.3619 10.4310 -49.2935 -8.6361
3 16 10.4310 -49.2935 -8.6361 12.2371 -49.2784 -8.1682 12.4456 -46.6872 -10.8127
4 16 10.4310 -49.2935 -8.6361 10.6654 -46.6734 -11.3619 8.8010 -46.6873 -11.7245 8.5610 -49.3346 -8.9410
3 16 10.4310 -49.2935 -8.6361 8.5610 -49.3346 -8.9410 8.2273 -51.5102 -5.9094
3 16 8.2273 -51.5102 -5.9094 10.1239 -51.4550 -5.6916 10.4310 -49.2935 -8.6361
3 16 21.4582 1.4089 -15.9062 19.4236 1.1339 -17.6726 18.6426 -0.0408 -18.3278
3 16 18.6426 -0.0408 -18.3278 21.7176 -0.9457 -15.8247 21.4582 1.4089 -15.9062
3 16 20.6512 3.5285 -16.2844 18.2144 2.2760 -18.4062 19.4236 1.1339 -17.6726
3 16 19.4236 1.1339 -17.6726 21.4582 1.4089 -15.9062 20.6512 3.5285 -16.2844
3 16 15.7904 0.5919 -20.4069 18.6426 -0.0408 -18.3278 19.4236 1.1339 -17.6726
3 16 19.4236 1.1339 -17.6726 18.2144 2.2760 -18.4062 15.7904 0.5919 -20.4069
3 16 25.8696 -34.1721 -6.8328 25.5469 -33.7735 -5.7470 26.6404 -33.1723 -4.6099
3 16 26.6404 -33.1723 -4.6099 26.6634 -33.6694 -5.9538 25.8696 -34.1721 -6.8328
4 16 25.8696 -34.1721 -6.8328 24.7574 -34.6556 -8.0671 24.3424 -34.3090 -7.0872 25.5469 -33.7735 -5.7470
4 16 25.5469 -33.7735 -5.7470 24.3424 -34.3090 -7.0872 24.0564 -34.0277 -6.2872 25.3762 -33.4006 -4.7196
3 16 25.5469 -33.7735 -5.7470 25.3762 -33.4006 -4.7196 26.6173 -32.6751 -3.2659
3 16 26.6173 -32.6751 -3.2659 26.6404 -33.1723 -4.6099 25.5469 -33.7735 -5.7470
3 16 28.0036 -13.8664 -1.1105 28.0878 -15.7099 -0.9635 28.9305 -15.8641 1.2056
3 16 28.9305 -15.8641 1.2056 28.8669 -13.9154 0.8432 28.0036 -13.8664 -1.1105
3 16 28.0878 -15.7099 -0.9635 28.1720 -17.5535 -0.8164 28.9943 -17.8830 1.5744
3 16 28.9943 -17.8830 1.5744 28.9305 -15.8641 1.2056 28.0878 -15.7099 -0.9635
3 16 28.9943 -17.8830 1.5744 29.5757 -18.4801 3.4632 29.5869 -15.8543 3.0944
3 16 29.5869 -15.8543 3.0944 28.9305 -15.8641 1.2056 28.9943 -17.8830 1.5744
3 16 28.9305 -15.8641 1.2056 29.5869 -15.8543 3.0944 29.5816 -13.9869 2.7329
3 16 29.5816 -13.9869 2.7329 28.8669 -13.9154 0.8432 28.9305 -15.8641 1.2056
3 16 19.2664 -17.3924 -13.3966 20.0468 -15.7798 -13.2057 19.3638 -15.7537 -13.7332
3 16 19.3638 -15.7537 -13.7332 18.3926 -17.5808 -13.9249 19.2664 -17.3924 -13.3966
3 16 20.0468 -15.7798 -13.2057 20.8273 -14.1671 -13.0149 20.3850 -13.9564 -13.5179
3 16 20.3850 -13.9564 -13.5179 19.3638 -15.7537 -13.7332 20.0468 -15.7798 -13.2057
3 16 19.3638 -15.7537 -13.7332 20.3850 -13.9564 -13.5179 20.1314 -13.5853 -13.7804
3 16 20.1314 -13.5853 -13.7804 18.6155 -15.6066 -14.1584 19.3638 -15.7537 -13.7332
3 16 19.3638 -15.7537 -13.7332 18.6155 -15.6066 -14.1584 17.6423 -17.9332 -14.2815
3 16 17.6423 -17.9332 -14.2815 18.3926 -17.5808 -13.9249 19.3638 -15.7537 -13.7332
3 16 30.0623 -9.9183 4.8150 29.9887 -8.1988 4.0646 28.9371 -8.2377 0.8106
3 16 28.9371 -8.2377 0.8106 28.8542 -9.8878 0.9408 30.0623 -9.9183 4.8150
3 16 30.9676 -10.0584 8.0073 30.7262 -8.0537 6.7331 29.9887 -8.1988 4.0646
3 16 29.9887 -8.1988 4.0646 30.0623 -9.9183 4.8150 30.9676 -10.0584 8.0073
3 16 30.7262 -8.0537 6.7331 30.5444 -6.5121 5.7003 29.9213 -6.5220 3.3405
3 16 29.9213 -6.5220 3.3405 29.9887 -8.1988 4.0646 30.7262 -8.0537 6.7331
3 16 29.9887 -8.1988 4.0646 29.9213 -6.5220 3.3405 29.0199 -6.5876 0.6804
3 16 29.0199 -6.5876 0.6804 28.9371 -8.2377 0.8106 29.9887 -8.1988 4.0646
3 16 25.4352 -9.9440 -7.0391 25.7835 -8.4023 -6.3034 25.1199 -8.5436 -7.4515
3 16 25.1199 -8.5436 -7.4515 24.6165 -9.9623 -8.3986 25.4352 -9.9440 -7.0391
4 16 25.4352 -9.9440 -7.0391 26.4145 -9.9261 -5.1533 26.6139 -8.3670 -4.6852 25.7835 -8.4023 -6.3034
4 16 25.7835 -8.4023 -6.3034 26.6139 -8.3670 -4.6852 26.8133 -6.8078 -4.2171 26.1475 -6.8234 -5.5410
3 16 25.1199 -8.5436 -7.4515 25.7835 -8.4023 -6.3034 26.1475 -6.8234 -5.5410
3 16 26.1475 -6.8234 -5.5410 25.8154 -6.7290 -6.1810 25.1199 -8.5436 -7.4515
3 16 21.6687 -3.9866 -11.6449 21.7957 -5.5388 -11.4483 23.1109 -5.6194 -10.0476
3 16 23.1109 -5.6194 -10.0476 23.0404 -4.2921 -10.2137 21.6687 -3.9866 -11.6449
4 16 21.6687 -3.9866 -11.6449 19.7335 -3.4131 -13.3695 20.4292 -5.7420 -12.6514 21.7957 -5.5388 -11.4483
3 16 20.4292 -5.7420 -12.6514 21.1875 -7.3849 -12.0688 22.1785 -7.0175 -11.1623
3 16 22.1785 -7.0175 -11.1623 21.7957 -5.5388 -11.4483 20.4292 -5.7420 -12.6514
3 16 21.7957 -5.5388 -11.4483 22.1785 -7.0175 -11.1623 23.2476 -6.8843 -9.9804
3 16 23.2476 -6.8843 -9.9804 23.1109 -5.6194 -10.0476 21.7957 -5.5388 -11.4483
4 16 29.1570 1.5239 -1.7279 29.0487 -1.2086 -0.8783 29.8185 -1.0909 1.3820 30.1481 1.6284 1.2713
4 16 29.0487 -1.2086 -0.8783 28.9405 -3.9411 -0.0288 29.4889 -3.8102 1.4928 29.8185 -1.0909 1.3820
3 16 29.4889 -3.8102 1.4928 30.0789 -3.6956 3.2607 30.5582 -1.1044 3.8282
3 16 30.5582 -1.1044 3.8282 29.8185 -1.0909 1.3820 29.4889 -3.8102 1.4928
3 16 29.8185 -1.0909 1.3820 30.5582 -1.1044 3.8282 31.0376 1.4867 4.3957
3 16 31.0376 1.4867 4.3957 30.1481 1.6284 1.2713 29.8185 -1.0909 1.3820
4 16 0.0000 -23.2670 -26.5743 0.0000 -24.7211 -25.0413 1.6993 -24.4871 -25.1135 1.7245 -23.0695 -26.6149
3 16 0.0000 -26.7012 -22.7658 1.8833 -25.9011 -23.3811 1.6993 -24.4871 -25.1135
3 16 1.6993 -24.4871 -25.1135 0.0000 -24.7211 -25.0413 0.0000 -26.7012 -22.7658
3 16 1.6993 -24.4871 -25.1135 1.8833 -25.9011 -23.3811 3.6199 -25.4219 -23.0981
3 16 3.6199 -25.4219 -23.0981 3.3614 -23.8847 -25.2100 1.6993 -24.4871 -25.1135
4 16 1.7245 -23.0695 -26.6149 1.6993 -24.4871 -25.1135 3.3614 -23.8847 -25.2100 3.4212 -22.4842 -26.6992
3 16 31.7614 7.4038 3.3798 32.6793 7.9803 6.9899 32.1675 10.1515 6.0269
3 16 32.1675 10.1515 6.0269 31.1637 9.4902 2.7024 31.7614 7.4038 3.3798
3 16 32.6793 7.9803 6.9899 33.4163 8.5019 10.5913 32.9541 10.8421 9.2008
3 16 32.9541 10.8421 9.2008 32.1675 10.1515 6.0269 32.6793 7.9803 6.9899
3 16 32.1675 10.1515 6.0269 32.9541 10.8421 9.2008 32.2107 12.1323 7.3663
3 16 32.2107 12.1323 7.3663 31.4803 11.3529 4.8809 32.1675 10.1515 6.0269
3 16 31.1637 9.4902 2.7024 32.1675 10.1515 6.0269 31.4803 11.3529 4.8809
3 16 31.4803 11.3529 4.8809 30.4702 10.7956 2.1298 31.1637 9.4902 2.7024
3 16 32.2827 -1.1782 11.6089 32.5048 -0.8755 12.9289 32.6807 -0.1103 13.2437
3 16 32.6807 -0.1103 13.2437 32.3718 0.5954 10.6356 32.2827 -1.1782 11.6089
4 16 32.2262 -2.1425 12.2948 32.4791 -1.5722 13.6058 32.5048 -0.8755 12.9289 32.2827 -1.1782 11.6089
4 16 32.8404 -0.9048 15.5928 32.6807 -0.1103 13.2437 32.5048 -0.8755 12.9289 32.4791 -1.5722 13.6058
3 16 3.6931 -31.0335 -20.8372 3.9470 -30.5751 -21.0279 5.2091 -30.4862 -20.6948
3 16 5.2091 -30.4862 -20.6948 5.1195 -31.2146 -20.4555 3.6931 -31.0335 -20.8372
3 16 3.9470 -30.5751 -21.0279 4.1678 -29.8408 -21.2679 5.5510 -29.6946 -20.8492
3 16 5.5510 -29.6946 -20.8492 5.2091 -30.4862 -20.6948 3.9470 -30.5751 -21.0279
3 16 5.2091 -30.4862 -20.6948 5.5510 -29.6946 -20.8492 6.6161 -29.3254 -20.5260
3 16 6.6161 -29.3254 -20.5260 6.3517 -30.3668 -20.3421 5.2091 -30.4862 -20.6948
3 16 5.1195 -31.2146 -20.4555 5.2091 -30.4862 -20.6948 6.3517 -30.3668 -20.3421
3 16 6.3517 -30.3668 -20.3421 6.3520 -31.4125 -20.0919 5.1195 -31.2146 -20.4555
3 16 26.1732 -30.0607 -3.7724 26.4784 -31.2926 -3.3823 27.1624 -31.7223 -2.1561
3 16 27.1624 -31.7223 -2.1561 27.5985 -30.3225 -1.3391 26.1732 -30.0607 -3.7724
3 16 26.4784 -31.2926 -3.3823 26.6173 -32.6751 -3.2659 26.5364 -32.9050 -3.0447
3 16 26.5364 -32.9050 -3.0447 27.1624 -31.7223 -2.1561 26.4784 -31.2926 -3.3823
3 16 27.1624 -31.7223 -2.1561 26.5364 -32.9050 -3.0447 26.8274 -33.3199 -2.4053
3 16 26.8274 -33.3199 -2.4053 27.8394 -32.2317 -0.9761 27.1624 -31.7223 -2.1561
3 16 27.1624 -31.7223 -2.1561 27.8394 -32.2317 -0.9761 28.5698 -31.1890 0.1995
3 16 28.5698 -31.1890 0.1995 27.5985 -30.3225 -1.3391 27.1624 -31.7223 -2.1561
3 16 21.4942 -2.0819 -12.2552 22.0364 -2.8808 -11.5458 23.0915 -2.9301 -10.5054
3 16 23.0915 -2.9301 -10.5054 23.3019 -0.9731 -10.9337 21.4942 -2.0819 -12.2552
3 16 19.7335 -3.4131 -13.3695 21.6687 -3.9866 -11.6449 22.0364 -2.8808 -11.5458
3 16 22.0364 -2.8808 -11.5458 21.4942 -2.0819 -12.2552 19.7335 -3.4131 -13.3695
4 16 23.0404 -4.2921 -10.2137 23.0915 -2.9301 -10.5054 22.0364 -2.8808 -11.5458 21.6687 -3.9866 -11.6449
3 16 11.9382 -64.3798 32.6235 8.4650 -64.8733 32.5118 8.5688 -66.2709 32.3947
3 16 8.5688 -66.2709 32.3947 12.1825 -65.7529 32.4745 11.9382 -64.3798 32.6235
3 16 11.6939 -63.0067 32.7725 8.2977 -63.4829 32.6273 8.4650 -64.8733 32.5118
3 16 8.4650 -64.8733 32.5118 11.9382 -64.3798 32.6235 11.6939 -63.0067 32.7725
3 16 8.2977 -63.4829 32.6273 5.3273 -63.7019 32.5032 5.3892 -65.1101 32.4168
3 16 5.3892 -65.1101 32.4168 8.4650 -64.8733 32.5118 8.2977 -63.4829 32.6273
3 16 8.4650 -64.8733 32.5118 5.3892 -65.1101 32.4168 4.8168 -66.5900 32.3149
3 16 4.8168 -66.5900 32.3149 8.5688 -66.2709 32.3947 8.4650 -64.8733 32.5118
4 16 24.4585 -57.3343 33.2492 21.5000 -59.2696 33.1181 22.1644 -60.4518 32.9566 25.3453 -58.3808 33.1188
4 16 21.5000 -59.2696 33.1181 18.2028 -60.9049 33.0338 18.6486 -62.1996 32.8460 22.1644 -60.4518 32.9566
4 16 22.1644 -60.4518 32.9566 18.6486 -62.1996 32.8460 19.0944 -63.4943 32.6581 22.8287 -61.6341 32.7951
4 16 25.3453 -58.3808 33.1188 22.1644 -60.4518 32.9566 22.8287 -61.6341 32.7951 26.2321 -59.4273 32.9883
3 16 5.7635 -33.7087 -17.2293 5.4313 -32.4132 -17.7319 4.0320 -32.0664 -18.1315
3 16 4.0320 -32.0664 -18.1315 4.0360 -33.2930 -17.6541 5.7635 -33.7087 -17.2293
3 16 5.7635 -33.7087 -17.2293 7.6829 -34.1586 -16.8089 6.5799 -32.6053 -17.4182
3 16 6.5799 -32.6053 -17.4182 5.4313 -32.4132 -17.7319 5.7635 -33.7087 -17.2293
3 16 6.5799 -32.6053 -17.4182 6.3401 -31.4140 -17.7777 5.2281 -31.1921 -18.1266
3 16 5.2281 -31.1921 -18.1266 5.4313 -32.4132 -17.7319 6.5799 -32.6053 -17.4182
3 16 4.0320 -32.0664 -18.1315 5.4313 -32.4132 -17.7319 5.2281 -31.1921 -18.1266
3 16 5.2281 -31.1921 -18.1266 4.0379 -30.9053 -18.5221 4.0320 -32.0664 -18.1315
4 16 8.5839 -27.2863 -17.4262 7.8265 -26.6232 -17.9526 7.0918 -27.4560 -18.0613 7.3346 -28.2882 -17.7205
3 16 6.3811 -27.5539 -18.3442 7.0918 -27.4560 -18.0613 7.8265 -26.6232 -17.9526
3 16 7.8265 -26.6232 -17.9526 6.6886 -25.0253 -18.7543 6.3811 -27.5539 -18.3442
3 16 6.5884 -29.3180 -17.8375 7.3346 -28.2882 -17.7205 7.0918 -27.4560 -18.0613
3 16 7.0918 -27.4560 -18.0613 6.3811 -27.5539 -18.3442 6.5884 -29.3180 -17.8375
4 16 20.9401 -11.1011 -13.0834 20.5166 -11.7098 -13.5007 20.6096 -11.6907 -14.9915 21.0348 -11.0944 -14.6518
4 16 20.5166 -11.7098 -13.5007 20.2151 -12.3893 -13.8013 20.3066 -12.3647 -15.2217 20.6096 -11.6907 -14.9915
4 16 20.6096 -11.6907 -14.9915 20.3066 -12.3647 -15.2217 20.3980 -12.3402 -16.6422 20.7026 -11.6716 -16.4823
4 16 21.0348 -11.0944 -14.6518 20.6096 -11.6907 -14.9915 20.7026 -11.6716 -16.4823 21.1295 -11.0877 -16.2201
3 16 20.0789 -13.0423 -13.8853 20.1519 -13.0260 -15.2769 20.3066 -12.3647 -15.2217
3 16 20.3066 -12.3647 -15.2217 20.2151 -12.3893 -13.8013 20.0789 -13.0423 -13.8853
4 16 20.0789 -13.0423 -13.8853 20.1314 -13.5853 -13.7804 20.2031 -13.5870 -15.1681 20.1519 -13.0260 -15.2769
4 16 20.1519 -13.0260 -15.2769 20.2031 -13.5870 -15.1681 20.2748 -13.5887 -16.5558 20.2250 -13.0096 -16.6686
3 16 20.1519 -13.0260 -15.2769 20.2250 -13.0096 -16.6686 20.3980 -12.3402 -16.6422
3 16 20.3980 -12.3402 -16.6422 20.3066 -12.3647 -15.2217 20.1519 -13.0260 -15.2769
3 16 17.5976 -20.4282 -13.5318 17.9167 -20.6583 -15.1791 17.4533 -20.3983 -15.5444
3 16 17.4533 -20.3983 -15.5444 17.2161 -20.1454 -13.9248 17.5976 -20.4282 -13.5318
3 16 17.9167 -20.6583 -15.1791 18.2359 -20.8883 -16.8264 17.6905 -20.6513 -17.1639
3 16 17.6905 -20.6513 -17.1639 17.4533 -20.3983 -15.5444 17.9167 -20.6583 -15.1791
3 16 17.6905 -20.6513 -17.1639 17.3470 -20.3101 -17.4210 17.1396 -20.0659 -15.8288
3 16 17.1396 -20.0659 -15.8288 17.4533 -20.3983 -15.5444 17.6905 -20.6513 -17.1639
3 16 17.4533 -20.3983 -15.5444 17.1396 -20.0659 -15.8288 16.9322 -19.8217 -14.2365
3 16 16.9322 -19.8217 -14.2365 17.2161 -20.1454 -13.9248 17.4533 -20.3983 -15.5444
3 16 29.6130 -53.7258 33.6844 27.7334 -56.1177 33.3736 28.7615 -57.0418 33.2481
3 16 28.7615 -57.0418 33.2481 30.7277 -54.5389 33.5462 29.6130 -53.7258 33.6844
3 16 28.4982 -52.9127 33.8227 26.7053 -55.1936 33.4990 27.7334 -56.1177 33.3736
3 16 27.7334 -56.1177 33.3736 29.6130 -53.7258 33.6844 28.4982 -52.9127 33.8227
4 16 27.7334 -56.1177 33.3736 26.7053 -55.1936 33.4990 24.4585 -57.3343 33.2492 25.3453 -58.3808 33.1188
4 16 28.7615 -57.0418 33.2481 27.7334 -56.1177 33.3736 25.3453 -58.3808 33.1188 26.2321 -59.4273 32.9883
3 16 9.8502 -61.0512 -0.7800 10.6109 -62.2167 -0.8677 9.3246 -62.9074 -1.0234
3 16 9.3246 -62.9074 -1.0234 8.7316 -61.6480 -0.9515 9.8502 -61.0512 -0.7800
3 16 10.8870 -60.1803 -0.5989 11.7461 -61.3059 -0.7042 10.6109 -62.2167 -0.8677
3 16 10.6109 -62.2167 -0.8677 9.8502 -61.0512 -0.7800 10.8870 -60.1803 -0.5989
3 16 11.7461 -61.3059 -0.7042 12.6053 -62.4316 -0.8094 11.3715 -63.3822 -0.9554
3 16 11.3715 -63.3822 -0.9554 10.6109 -62.2167 -0.8677 11.7461 -61.3059 -0.7042
3 16 10.6109 -62.2167 -0.8677 11.3715 -63.3822 -0.9554 9.9175 -64.1670 -1.0953
3 16 9.9175 -64.1670 -1.0953 9.3246 -62.9074 -1.0234 10.6109 -62.2167 -0.8677
4 16 3.7169 -54.7809 0.8309 1.8817 -54.7691 0.8052 1.8806 -56.0746 0.2653 3.7161 -56.0865 0.2913
4 16 1.8817 -54.7691 0.8052 0.0000 -54.7624 0.7906 0.0000 -56.0675 0.2502 1.8806 -56.0746 0.2653
4 16 1.8806 -56.0746 0.2653 0.0000 -56.0675 0.2502 0.0000 -57.3727 -0.2903 1.8795 -57.3800 -0.2745
4 16 3.7161 -56.0865 0.2913 1.8806 -56.0746 0.2653 1.8795 -57.3800 -0.2745 3.7153 -57.3921 -0.2482
3 16 18.3926 -17.5808 -13.9249 18.5506 -17.5839 -15.5409 19.5001 -17.4122 -14.9767
3 16 19.5001 -17.4122 -14.9767 19.2664 -17.3924 -13.3966 18.3926 -17.5808 -13.9249
3 16 17.6423 -17.9332 -14.2815 17.7855 -17.9167 -15.9125 18.5506 -17.5839 -15.5409
3 16 18.5506 -17.5839 -15.5409 18.3926 -17.5808 -13.9249 17.6423 -17.9332 -14.2815
3 16 17.7855 -17.9167 -15.9125 17.9288 -17.9001 -17.5434 18.7087 -17.5871 -17.1569
3 16 18.7087 -17.5871 -17.1569 18.5506 -17.5839 -15.5409 17.7855 -17.9167 -15.9125
3 16 18.5506 -17.5839 -15.5409 18.7087 -17.5871 -17.1569 19.7338 -17.4321 -16.5567
3 16 19.7338 -17.4321 -16.5567 19.5001 -17.4122 -14.9767 18.5506 -17.5839 -15.5409
3 16 21.4273 -14.2494 -12.2136 21.6700 -14.3458 -13.7457 21.0092 -14.2235 -14.4520
3 16 21.0092 -14.2235 -14.4520 20.8273 -14.1671 -13.0149 21.4273 -14.2494 -12.2136
3 16 22.1060 -14.2454 -11.2715 22.4933 -14.3758 -12.7991 21.6700 -14.3458 -13.7457
3 16 21.6700 -14.3458 -13.7457 21.4273 -14.2494 -12.2136 22.1060 -14.2454 -11.2715
3 16 22.4933 -14.3758 -12.7991 22.8807 -14.5061 -14.3267 21.9127 -14.4422 -15.2778
3 16 21.9127 -14.4422 -15.2778 21.6700 -14.3458 -13.7457 22.4933 -14.3758 -12.7991
3 16 21.6700 -14.3458 -13.7457 21.9127 -14.4422 -15.2778 21.1912 -14.2799 -15.8892
3 16 21.1912 -14.2799 -15.8892 21.0092 -14.2235 -14.4520 21.6700 -14.3458 -13.7457
3 16 31.6102 -11.8581 10.1382 33.0697 -11.8473 10.4581 33.0817 -12.8449 10.4042
3 16 33.0817 -12.8449 10.4042 31.6564 -12.7477 10.1111 31.6102 -11.8581 10.1382
3 16 31.5326 -10.9793 10.0098 33.0139 -10.9269 10.3101 33.0697 -11.8473 10.4581
3 16 33.0697 -11.8473 10.4581 31.6102 -11.8581 10.1382 31.5326 -10.9793 10.0098
3 16 33.0139 -10.9269 10.3101 34.4951 -10.8744 10.6103 34.5292 -11.8365 10.7780
3 16 34.5292 -11.8365 10.7780 33.0697 -11.8473 10.4581 33.0139 -10.9269 10.3101
4 16 33.0817 -12.8449 10.4042 33.0697 -11.8473 10.4581 34.5292 -11.8365 10.7780 34.5069 -12.9422 10.6973
3 16 20.3850 -13.9564 -13.5179 20.5034 -13.9815 -14.9094 20.2031 -13.5870 -15.1681
3 16 20.2031 -13.5870 -15.1681 20.1314 -13.5853 -13.7804 20.3850 -13.9564 -13.5179
4 16 20.3850 -13.9564 -13.5179 20.8273 -14.1671 -13.0149 21.0092 -14.2235 -14.4520 20.5034 -13.9815 -14.9094
4 16 20.5034 -13.9815 -14.9094 21.0092 -14.2235 -14.4520 21.1912 -14.2799 -15.8892 20.6217 -14.0066 -16.3010
3 16 20.5034 -13.9815 -14.9094 20.6217 -14.0066 -16.3010 20.2748 -13.5887 -16.5558
3 16 20.2748 -13.5887 -16.5558 20.2031 -13.5870 -15.1681 20.5034 -13.9815 -14.9094
4 16 31.1935 -6.5125 8.9863 31.3894 -6.3852 9.9389 32.8914 -6.3894 9.9276 32.6137 -6.5291 8.9185
4 16 31.3894 -6.3852 9.9389 31.5415 -6.1714 10.5095 33.1182 -6.1777 10.5123 32.8914 -6.3894 9.9276
4 16 32.8914 -6.3894 9.9276 33.1182 -6.1777 10.5123 34.6950 -6.1841 10.5150 34.3935 -6.3935 9.9163
4 16 32.6137 -6.5291 8.9185 32.8914 -6.3894 9.9276 34.3935 -6.3935 9.9163 34.0340 -6.5457 8.8508
4 16 30.9676 -10.0584 8.0073 30.0623 -9.9183 4.8150 31.5445 -9.8121 4.8556 32.4280 -9.9466 8.1430
3 16 28.8542 -9.8878 0.9408 30.3507 -9.8003 0.8904 31.5445 -9.8121 4.8556
3 16 31.5445 -9.8121 4.8556 30.0623 -9.9183 4.8150 28.8542 -9.8878 0.9408
4 16 31.5445 -9.8121 4.8556 30.3507 -9.8003 0.8904 31.8472 -9.7128 0.8399 33.0267 -9.7059 4.8963
4 16 32.4280 -9.9466 8.1430 31.5445 -9.8121 4.8556 33.0267 -9.7059 4.8963 33.8884 -9.8348 8.2787
4 16 29.0199 -6.5876 0.6804 29.9213 -6.5220 3.3405 31.3369 -6.6413 3.0216 30.4623 -6.7168 0.3299
4 16 29.9213 -6.5220 3.3405 30.5444 -6.5121 5.7003 31.9282 -6.6094 5.4132 31.3369 -6.6413 3.0216
4 16 31.3369 -6.6413 3.0216 31.9282 -6.6094 5.4132 33.3120 -6.7068 5.1260 32.7525 -6.7606 2.7028
4 16 30.4623 -6.7168 0.3299 31.3369 -6.6413 3.0216 32.7525 -6.7606 2.7028 31.9047 -6.8460 -0.0206
3 16 26.0249 -5.4144 -6.0564 25.7725 -5.8191 -6.4017 25.7387 -5.8795 -9.2171
3 16 25.7387 -5.8795 -9.2171 26.0853 -5.4318 -8.7770 26.0249 -5.4144 -6.0564
4 16 25.7725 -5.8191 -6.4017 25.6756 -6.2063 -6.5018 25.6281 -6.3228 -9.3487 25.7387 -5.8795 -9.2171
4 16 25.7387 -5.8795 -9.2171 25.6281 -6.3228 -9.3487 25.5806 -6.4394 -12.1956 25.7049 -5.9399 -12.0326
3 16 26.0853 -5.4318 -8.7770 25.7387 -5.8795 -9.2171 25.7049 -5.9399 -12.0326
3 16 25.7049 -5.9399 -12.0326 26.1457 -5.4492 -11.4975 26.0853 -5.4318 -8.7770
3 16 25.8154 -6.7290 -6.1810 26.1475 -6.8234 -5.5410 26.9636 -7.0291 -7.1300
3 16 26.9636 -7.0291 -7.1300 26.1845 -6.9499 -8.4789 25.8154 -6.7290 -6.1810
3 16 26.8133 -6.8078 -4.2171 28.0369 -6.9750 -5.1051 26.9636 -7.0291 -7.1300
3 16 26.9636 -7.0291 -7.1300 26.1475 -6.8234 -5.5410 26.8133 -6.8078 -4.2171
3 16 28.0369 -6.9750 -5.1051 29.2606 -7.1421 -5.9932 27.7798 -7.2348 -8.7190
3 16 27.7798 -7.2348 -8.7190 26.9636 -7.0291 -7.1300 28.0369 -6.9750 -5.1051
3 16 26.9636 -7.0291 -7.1300 27.7798 -7.2348 -8.7190 26.5535 -7.1707 -10.7769
3 16 26.5535 -7.1707 -10.7769 26.1845 -6.9499 -8.4789 26.9636 -7.0291 -7.1300
3 16 25.6756 -6.2063 -6.5018 25.6803 -6.5186 -6.4511 25.7560 -6.7003 -9.1606
3 16 25.7560 -6.7003 -9.1606 25.6281 -6.3228 -9.3487 25.6756 -6.2063 -6.5018
3 16 25.6803 -6.5186 -6.4511 25.8154 -6.7290 -6.1810 26.1845 -6.9499 -8.4789
3 16 26.1845 -6.9499 -8.4789 25.7560 -6.7003 -9.1606 25.6803 -6.5186 -6.4511
3 16 25.7560 -6.7003 -9.1606 26.1845 -6.9499 -8.4789 26.5535 -7.1707 -10.7769
3 16 26.5535 -7.1707 -10.7769 25.8317 -6.8820 -11.8702 25.7560 -6.7003 -9.1606
3 16 25.6281 -6.3228 -9.3487 25.7560 -6.7003 -9.1606 25.8317 -6.8820 -11.8702
3 16 25.8317 -6.8820 -11.8702 25.5806 -6.4394 -12.1956 25.6281 -6.3228 -9.3487
4 16 31.7236 -3.7646 9.6254 31.5149 -3.5960 8.4823 32.9889 -3.5668 8.3315 33.2157 -3.7494 9.5778
4 16 31.5149 -3.5960 8.4823 31.1599 -3.5647 6.9703 32.6348 -3.5200 6.7047 32.9889 -3.5668 8.3315
4 16 32.9889 -3.5668 8.3315 32.6348 -3.5200 6.7047 34.1098 -3.4754 6.4391 34.4630 -3.5375 8.1806
4 16 33.2157 -3.7494 9.5778 32.9889 -3.5668 8.3315 34.4630 -3.5375 8.1806 34.7078 -3.7342 9.5303
4 16 0.0000 -62.8699 -1.3300 1.1619 -62.8770 -1.3281 1.1845 -64.2883 -1.3681 0.0000 -64.2819 -1.3695
4 16 1.1619 -62.8770 -1.3281 2.5152 -62.8538 -1.3157 2.5855 -64.2611 -1.3574 1.1845 -64.2883 -1.3681
4 16 1.1845 -64.2883 -1.3681 2.5855 -64.2611 -1.3574 2.6558 -65.6684 -1.3991 1.2072 -65.6996 -1.4082
4 16 0.0000 -64.2819 -1.3695 1.1845 -64.2883 -1.3681 1.2072 -65.6996 -1.4082 0.0000 -65.6938 -1.4090
4 16 1.9521 -63.8198 32.3641 0.9132 -63.8363 32.3379 0.9272 -65.2481 32.2960 1.9890 -65.2306 32.3172
4 16 0.9132 -63.8363 32.3379 0.0000 -63.8435 32.3308 0.0000 -65.2554 32.2892 0.9272 -65.2481 32.2960
4 16 0.9272 -65.2481 32.2960 0.0000 -65.2554 32.2892 0.0000 -66.6674 32.2476 0.9412 -66.6599 32.2541
4 16 1.9890 -65.2306 32.3172 0.9272 -65.2481 32.2960 0.9412 -66.6599 32.2541 2.0258 -66.6414 32.2702
4 16 31.5415 -6.1714 10.5095 31.6504 -5.8992 10.7822 33.2492 -5.9058 10.7892 33.1182 -6.1777 10.5123
4 16 31.6504 -5.8992 10.7822 31.7263 -5.5442 10.8860 33.3110 -5.5483 10.8941 33.2492 -5.9058 10.7892
4 16 33.2492 -5.9058 10.7892 33.3110 -5.5483 10.8941 34.8958 -5.5523 10.9023 34.8481 -5.9124 10.7962
4 16 33.1182 -6.1777 10.5123 33.2492 -5.9058 10.7892 34.8481 -5.9124 10.7962 34.6950 -6.1841 10.5150
4 16 34.5532 9.2521 17.7395 34.7917 4.5435 19.3716 36.1424 4.5355 19.1170 35.9090 9.2709 17.4921
3 16 34.8675 -1.2318 20.0792 36.1674 -1.2658 19.7774 36.1424 4.5355 19.1170
3 16 36.1424 4.5355 19.1170 34.7917 4.5435 19.3716 34.8675 -1.2318 20.0792
3 16 36.1674 -1.2658 19.7774 37.4673 -1.2998 19.4757 37.4931 4.5275 18.8624
3 16 37.4931 4.5275 18.8624 36.1424 4.5355 19.1170 36.1674 -1.2658 19.7774
4 16 35.9090 9.2709 17.4921 36.1424 4.5355 19.1170 37.4931 4.5275 18.8624 37.2648 9.2898 17.2446
4 16 13.4660 -1.9771 -27.5047 12.0404 -2.8939 -27.6169 11.5075 -1.1492 -27.2114 12.9755 -0.0791 -27.0578
4 16 12.0404 -2.8939 -27.6169 10.2022 -4.4517 -27.8467 10.0023 -2.2883 -27.3781 11.5075 -1.1492 -27.2114
4 16 11.5075 -1.1492 -27.2114 10.0023 -2.2883 -27.3781 9.5343 -0.2821 -26.9511 10.8917 0.7622 -26.7846
4 16 12.9755 -0.0791 -27.0578 11.5075 -1.1492 -27.2114 10.8917 0.7622 -26.7846 12.2491 1.8066 -26.6181
4 16 0.0000 -6.7991 -11.7561 9.5343 -0.2821 -11.5855 10.0023 -2.2883 -11.6380 10.2022 -4.4517 -11.6943
4 16 7.5541 -18.5031 -30.8750 5.7056 -19.7887 -31.1070 5.0807 -18.1042 -30.8053 6.7082 -16.9585 -30.5873
4 16 5.7056 -19.7887 -31.1070 3.8156 -20.7172 -31.2639 3.3967 -18.9209 -30.9483 5.0807 -18.1042 -30.8053
4 16 5.0807 -18.1042 -30.8053 3.3967 -18.9209 -30.9483 2.9778 -17.1246 -30.6326 4.4557 -16.4198 -30.5036
4 16 6.7082 -16.9585 -30.5873 5.0807 -18.1042 -30.8053 4.4557 -16.4198 -30.5036 5.8623 -15.4138 -30.2995
4 16 0.0000 -6.7991 -11.7561 10.2022 -4.4517 -11.6943 10.1280 -6.6576 -11.7520 9.7691 -8.7934 -11.8084
4 16 5.8623 -15.4138 -30.2995 4.4557 -16.4198 -30.5036 4.4557 -16.4198 -21.2575 5.8623 -15.4138 -21.1430
4 16 4.4557 -16.4198 -30.5036 2.9778 -17.1246 -30.6326 2.9778 -17.1246 -21.3301 4.4557 -16.4198 -21.2575
4 16 4.4557 -16.4198 -21.2575 2.9778 -17.1246 -21.3301 2.9778 -17.1246 -12.0275 4.4557 -16.4198 -12.0114
4 16 5.8623 -15.4138 -21.1430 4.4557 -16.4198 -21.2575 4.4557 -16.4198 -12.0114 5.8623 -15.4138 -11.9865
3 16 12.0299 -7.9454 -28.6580 12.0361 -6.5038 -28.3748 13.8486 -6.3486 -28.4173
3 16 13.8486 -6.3486 -28.4173 13.7195 -7.5573 -28.6141 12.0299 -7.9454 -28.6580
3 16 9.7691 -8.7934 -28.8052 10.1280 -6.6576 -28.3303 12.0361 -6.5038 -28.3748
3 16 12.0361 -6.5038 -28.3748 12.0299 -7.9454 -28.6580 9.7691 -8.7934 -28.8052
3 16 10.1280 -6.6576 -28.3303 10.2022 -4.4517 -27.8467 12.2504 -5.0222 -28.0866
3 16 12.2504 -5.0222 -28.0866 12.0361 -6.5038 -28.3748 10.1280 -6.6576 -28.3303
3 16 12.0361 -6.5038 -28.3748 12.2504 -5.0222 -28.0866 13.8618 -5.1278 -28.2035
3 16 13.8618 -5.1278 -28.2035 13.8486 -6.3486 -28.4173 12.0361 -6.5038 -28.3748
4 16 8.2300 -12.5410 -29.6565 9.1238 -10.7639 -29.2508 10.6182 -11.7948 -29.4800 9.5460 -13.7160 -29.9113
4 16 9.1238 -10.7639 -29.2508 9.7691 -8.7934 -28.8052 11.5173 -10.0406 -29.0864 10.6182 -11.7948 -29.4800
4 16 10.6182 -11.7948 -29.4800 11.5173 -10.0406 -29.0864 12.9475 -10.7174 -29.2373 12.0857 -12.7631 -29.6952
4 16 9.5460 -13.7160 -29.9113 10.6182 -11.7948 -29.4800 12.0857 -12.7631 -29.6952 10.8619 -14.8909 -30.1661
4 16 10.8619 -14.8909 -30.1661 9.3125 -16.8464 -30.5634 8.2224 -15.4765 -30.2878 9.5460 -13.7160 -29.9113
4 16 9.3125 -16.8464 -30.5634 7.5541 -18.5031 -30.8750 6.7082 -16.9585 -30.5873 8.2224 -15.4765 -30.2878
3 16 6.7082 -16.9585 -30.5873 5.8623 -15.4138 -30.2995 7.1323 -14.1066 -30.0122
3 16 7.1323 -14.1066 -30.0122 8.2224 -15.4765 -30.2878 6.7082 -16.9585 -30.5873
3 16 8.2224 -15.4765 -30.2878 7.1323 -14.1066 -30.0122 8.2300 -12.5410 -29.6565
3 16 8.2300 -12.5410 -29.6565 9.5460 -13.7160 -29.9113 8.2224 -15.4765 -30.2878
4 16 9.5343 -0.2821 -26.9511 10.0023 -2.2883 -27.3781 10.0023 -2.2883 -19.5080 9.5343 -0.2821 -19.2683
4 16 10.0023 -2.2883 -27.3781 10.2022 -4.4517 -27.8467 10.2022 -4.4517 -19.7705 10.0023 -2.2883 -19.5080
4 16 10.0023 -2.2883 -19.5080 10.2022 -4.4517 -19.7705 10.2022 -4.4517 -11.6943 10.0023 -2.2883 -11.6380
4 16 9.5343 -0.2821 -19.2683 10.0023 -2.2883 -19.5080 10.0023 -2.2883 -11.6380 9.5343 -0.2821 -11.5855
4 16 0.0000 -6.7991 -11.7561 4.6542 5.0147 -11.4449 6.4160 4.1439 -11.4682 7.7706 2.9488 -11.5001
4 16 4.6542 5.0147 -25.8807 6.4160 4.1439 -26.0517 6.4160 4.1439 -18.7599 4.6542 5.0147 -18.6628
4 16 6.4160 4.1439 -26.0517 7.7706 2.9488 -26.2888 7.7706 2.9488 -18.8944 6.4160 4.1439 -18.7599
4 16 6.4160 4.1439 -18.7599 7.7706 2.9488 -18.8944 7.7706 2.9488 -11.5001 6.4160 4.1439 -11.4682
4 16 4.6542 5.0147 -18.6628 6.4160 4.1439 -18.7599 6.4160 4.1439 -11.4682 4.6542 5.0147 -11.4449
4 16 2.9778 -17.1246 -30.6326 1.4886 -17.5394 -30.7002 1.4886 -17.5394 -21.3682 2.9778 -17.1246 -21.3301
4 16 1.4886 -17.5394 -30.7002 0.0000 -17.6752 -30.7198 0.0000 -17.6752 -21.3793 1.4886 -17.5394 -21.3682
4 16 1.4886 -17.5394 -21.3682 0.0000 -17.6752 -21.3793 0.0000 -17.6752 -12.0387 1.4886 -17.5394 -12.0361
4 16 2.9778 -17.1246 -21.3301 1.4886 -17.5394 -21.3682 1.4886 -17.5394 -12.0361 2.9778 -17.1246 -12.0275
4 16 0.0000 -6.7991 -11.7561 5.8623 -15.4138 -11.9865 4.4557 -16.4198 -12.0114 2.9778 -17.1246 -12.0275
4 16 0.0000 -6.7991 -11.7561 2.9778 -17.1246 -12.0275 1.4886 -17.5394 -12.0361 0.0000 -17.6752 -12.0387
4 16 10.2022 -4.4517 -27.8467 12.0404 -2.8939 -27.6169 12.6540 -3.9169 -27.8781 12.2504 -5.0222 -28.0866
4 16 13.4660 -1.9771 -27.5047 13.7473 -3.6795 -27.8975 12.6540 -3.9169 -27.8781 12.0404 -2.8939 -27.6169
4 16 13.8618 -5.1278 -28.2035 12.2504 -5.0222 -28.0866 12.6540 -3.9169 -27.8781 13.7473 -3.6795 -27.8975
4 16 4.6542 5.0147 -25.8807 2.4515 5.5249 -25.7803 2.0886 7.1585 -25.4402 3.9332 7.0508 -25.4503
4 16 2.4515 5.5249 -25.7803 0.0000 5.6890 -25.7478 0.0000 7.2384 -25.4299 2.0886 7.1585 -25.4402
4 16 2.0886 7.1585 -25.4402 0.0000 7.2384 -25.4299 0.0000 8.7879 -25.1120 1.7644 8.7361 -25.1116
4 16 3.9332 7.0508 -25.4503 2.0886 7.1585 -25.4402 1.7644 8.7361 -25.1116 3.5355 8.5221 -25.1367
4 16 0.0000 -6.8649 -9.0341 11.7550 -9.3469 -9.0341 12.1656 -6.9253 -9.0341 12.2507 -4.4283 -9.0341
4 16 0.0000 -6.7991 -11.7561 9.7691 -8.7934 -11.8084 9.1238 -10.7639 -11.8614 8.2300 -12.5410 -11.9097
4 16 12.2507 -4.4283 -9.0341 12.0242 -1.9644 -9.0341 11.4745 0.3639 -9.0341 0.0000 -6.8649 -9.0341
4 16 14.3875 -60.0700 -0.5220 13.6684 -58.9991 -0.4106 14.3836 -58.3408 -0.3366 15.0777 -58.7509 -0.3782
4 16 13.0222 -57.3969 -0.2393 14.3696 -57.3962 -0.2366 14.3836 -58.3408 -0.3366 13.6684 -58.9991 -0.4106
4 16 15.7169 -57.3954 -0.2338 15.0777 -58.7509 -0.3782 14.3836 -58.3408 -0.3366 14.3696 -57.3962 -0.2366
4 16 13.8184 -55.3885 0.6820 12.8913 -54.9785 0.8759 12.9143 -55.7488 0.5202 13.7213 -56.2562 0.2818
4 16 11.2371 -54.8595 0.9216 11.7470 -56.0040 0.3987 12.9143 -55.7488 0.5202 12.8913 -54.9785 0.8759
4 16 13.0222 -57.3969 -0.2393 13.7213 -56.2562 0.2818 12.9143 -55.7488 0.5202 11.7470 -56.0040 0.3987
4 16 9.3020 4.2919 -9.0341 9.4880 4.3274 -15.8492 7.9544 5.7309 -15.7659 7.6608 5.7913 -9.0341
4 16 9.4880 4.3274 -15.8492 9.6740 4.3630 -22.6232 8.2481 5.6706 -22.4855 7.9544 5.7309 -15.7659
4 16 7.9544 5.7309 -15.7659 8.2481 5.6706 -22.4855 6.7244 6.5698 -22.3842 6.3241 6.7188 -15.7020
4 16 7.6608 5.7913 -9.0341 7.9544 5.7309 -15.7659 6.3241 6.7188 -15.7020 5.9238 6.8679 -9.0341
3 16 1.4429 7.8690 -9.0341 0.0000 -6.8649 -9.0341 4.3463 7.4665 -9.0341
3 16 4.3463 7.4665 -9.0341 2.8853 7.7414 -8.9753 1.4429 7.8690 -9.0341
4 16 9.3020 4.2919 -9.0341 7.6608 5.7913 -9.0341 5.9238 6.8679 -9.0341 0.0000 -6.8649 -9.0341
3 16 12.9552 -16.0107 -16.8232 12.9974 -14.2714 -16.9096 11.6962 -14.3237 -17.5655
3 16 11.6962 -14.3237 -17.5655 10.0027 -18.3182 -18.0819 12.9552 -16.0107 -16.8232
3 16 14.3341 -12.6742 -16.3183 12.9974 -14.2714 -16.9096 12.9552 -16.0107 -16.8232
3 16 12.9552 -16.0107 -16.8232 15.7895 -14.3635 -15.5224 14.3341 -12.6742 -16.3183
4 16 13.3368 -10.8047 -16.9333 11.6962 -14.3237 -17.5655 12.9974 -14.2714 -16.9096 14.3341 -12.6742 -16.3183
4 16 32.7208 -10.5617 14.9742 32.0300 -8.3433 12.3503 31.9170 -9.2237 11.8505 32.0168 -10.7777 12.1286
4 16 31.5415 -6.1714 10.5095 31.6261 -8.6795 10.6860 31.9170 -9.2237 11.8505 32.0300 -8.3433 12.3503
4 16 31.5326 -10.9793 10.0098 32.0168 -10.7777 12.1286 31.9170 -9.2237 11.8505 31.6261 -8.6795 10.6860
4 16 0.0000 -19.7557 -9.0341 0.0000 -20.3003 -19.1580 1.8451 -20.1255 -19.1445 1.8424 -19.5886 -9.0341
4 16 0.0000 -20.3003 -19.1580 0.0000 -20.8450 -28.6839 1.8478 -20.6625 -28.6604 1.8451 -20.1255 -19.1445
4 16 1.8451 -20.1255 -19.1445 1.8478 -20.6625 -28.6604 3.6856 -20.1307 -28.5813 3.6810 -19.6063 -19.1002
4 16 1.8424 -19.5886 -9.0341 1.8451 -20.1255 -19.1445 3.6810 -19.6063 -19.1002 3.6764 -19.0819 -9.0341
3 16 16.8900 -19.0335 -14.4786 16.8199 -19.4723 -14.4145 17.0084 -19.6133 -16.0267
3 16 17.0084 -19.6133 -16.0267 17.0604 -19.0560 -16.1228 16.8900 -19.0335 -14.4786
3 16 16.9322 -19.8217 -14.2365 17.1396 -20.0659 -15.8288 17.0084 -19.6133 -16.0267
3 16 17.0084 -19.6133 -16.0267 16.8199 -19.4723 -14.4145 16.9322 -19.8217 -14.2365
3 16 17.1396 -20.0659 -15.8288 17.3470 -20.3101 -17.4210 17.1970 -19.7543 -17.6389
3 16 17.1970 -19.7543 -17.6389 17.0084 -19.6133 -16.0267 17.1396 -20.0659 -15.8288
3 16 17.0084 -19.6133 -16.0267 17.1970 -19.7543 -17.6389 17.2308 -19.0785 -17.7671
3 16 17.2308 -19.0785 -17.7671 17.0604 -19.0560 -16.1228 17.0084 -19.6133 -16.0267
4 16 1.7864 -29.8576 -19.2214 1.2361 -31.3530 -18.7724 2.5243 -31.7033 -18.4855 2.8806 -30.5725 -18.8383
3 16 1.2361 -31.3530 -18.7724 0.0000 -32.8316 -18.1959 2.0986 -32.9662 -18.0294
3 16 2.0986 -32.9662 -18.0294 2.5243 -31.7033 -18.4855 1.2361 -31.3530 -18.7724
3 16 2.0986 -32.9662 -18.0294 4.0360 -33.2930 -17.6541 4.0320 -32.0664 -18.1315
3 16 4.0320 -32.0664 -18.1315 2.5243 -31.7033 -18.4855 2.0986 -32.9662 -18.0294
3 16 2.5243 -31.7033 -18.4855 4.0320 -32.0664 -18.1315 4.0379 -30.9053 -18.5221
3 16 4.0379 -30.9053 -18.5221 2.8806 -30.5725 -18.8383 2.5243 -31.7033 -18.4855
4 16 9.5343 -0.2821 -26.9511 8.7976 1.4704 -26.5877 10.0344 2.4773 -26.4132 10.8917 0.7622 -26.7846
4 16 8.7976 1.4704 -26.5877 7.7706 2.9488 -26.2888 8.9128 3.9534 -26.0997 10.0344 2.4773 -26.4132
4 16 10.0344 2.4773 -26.4132 8.9128 3.9534 -26.0997 10.0549 4.9580 -25.9107 11.2712 3.4842 -26.2388
4 16 10.8917 0.7622 -26.7846 10.0344 2.4773 -26.4132 11.2712 3.4842 -26.2388 12.2491 1.8066 -26.6181
3 16 11.3715 -63.3822 -0.9554 11.6082 -63.5932 5.0928 9.9883 -64.4072 5.7991
3 16 9.9883 -64.4072 5.7991 9.9175 -64.1670 -1.0953 11.3715 -63.3822 -0.9554
3 16 11.3715 -63.3822 -0.9554 12.6053 -62.4316 -0.8094 12.9491 -62.6341 4.5464
3 16 12.9491 -62.6341 4.5464 11.6082 -63.5932 5.0928 11.3715 -63.3822 -0.9554
3 16 12.9491 -62.6341 4.5464 13.2495 -62.8601 9.7625 11.8395 -63.8072 11.1236
3 16 11.8395 -63.8072 11.1236 11.6082 -63.5932 5.0928 12.9491 -62.6341 4.5464
3 16 11.6082 -63.5932 5.0928 11.8395 -63.8072 11.1236 10.0591 -64.6475 12.6935
3 16 10.0591 -64.6475 12.6935 9.9883 -64.4072 5.7991 11.6082 -63.5932 5.0928
3 16 7.6334 -65.8982 29.5067 7.8290 -65.6062 21.7573 10.1299 -64.8877 19.5880
3 16 10.1299 -64.8877 19.5880 10.2007 -65.1279 26.4824 7.6334 -65.8982 29.5067
3 16 4.8168 -66.5900 32.3149 5.5313 -66.1106 23.2863 7.8290 -65.6062 21.7573
3 16 7.8290 -65.6062 21.7573 7.6334 -65.8982 29.5067 4.8168 -66.5900 32.3149
4 16 7.8290 -65.6062 21.7573 5.5313 -66.1106 23.2863 5.8662 -65.8121 15.0345 7.9867 -65.3323 14.0856
3 16 7.8290 -65.6062 21.7573 7.9867 -65.3323 14.0856 10.0591 -64.6475 12.6935
3 16 10.0591 -64.6475 12.6935 10.1299 -64.8877 19.5880 7.8290 -65.6062 21.7573
3 16 25.4949 -34.3551 -4.1598 25.4170 -33.8686 -4.4606 24.0141 -34.6520 -6.1579
3 16 24.0141 -34.6520 -6.1579 23.9719 -35.2762 -6.0287 25.4949 -34.3551 -4.1598
3 16 26.8274 -33.3199 -2.4053 26.5364 -32.9050 -3.0447 25.4170 -33.8686 -4.4606
3 16 25.4170 -33.8686 -4.4606 25.4949 -34.3551 -4.1598 26.8274 -33.3199 -2.4053
3 16 25.4170 -33.8686 -4.4606 26.5364 -32.9050 -3.0447 26.6173 -32.6751 -3.2659
3 16 26.6173 -32.6751 -3.2659 25.3762 -33.4006 -4.7196 25.4170 -33.8686 -4.4606
3 16 24.0141 -34.6520 -6.1579 25.4170 -33.8686 -4.4606 25.3762 -33.4006 -4.7196
3 16 25.3762 -33.4006 -4.7196 24.0564 -34.0277 -6.2872 24.0141 -34.6520 -6.1579
3 16 9.4880 4.3274 -15.8492 10.6959 2.5738 -16.0040 10.8174 2.6337 -22.7700
3 16 10.8174 2.6337 -22.7700 9.6740 4.3630 -22.6232 9.4880 4.3274 -15.8492
4 16 9.4880 4.3274 -15.8492 9.3020 4.2919 -9.0341 10.5798 2.4659 -9.0341 10.6959 2.5738 -16.0040
4 16 10.6959 2.5738 -16.0040 10.5798 2.4659 -9.0341 11.4745 0.3639 -9.0341 11.5474 0.6660 -16.8260
3 16 10.6959 2.5738 -16.0040 11.5474 0.6660 -16.8260 11.6572 0.5751 -23.0448
3 16 11.6572 0.5751 -23.0448 10.8174 2.6337 -22.7700 10.6959 2.5738 -16.0040
3 16 10.8174 2.6337 -22.7700 12.0092 3.5264 -21.9744 12.1137 4.6992 -21.5595
3 16 12.1137 4.6992 -21.5595 9.6740 4.3630 -22.6232 10.8174 2.6337 -22.7700
3 16 11.6572 0.5751 -23.0448 12.9790 2.9343 -21.6656 12.0092 3.5264 -21.9744
3 16 12.0092 3.5264 -21.9744 10.8174 2.6337 -22.7700 11.6572 0.5751 -23.0448
4 16 14.0100 4.7069 -20.6211 12.1137 4.6992 -21.5595 12.0092 3.5264 -21.9744 12.9790 2.9343 -21.6656
3 16 28.1546 12.6504 1.7213 30.2385 13.3176 4.6450 30.2063 14.2145 4.5800
3 16 30.2063 14.2145 4.5800 28.0583 13.7490 1.6243 28.1546 12.6504 1.7213
3 16 28.2510 11.5517 1.8182 30.2848 12.4288 4.7553 30.2385 13.3176 4.6450
3 16 30.2385 13.3176 4.6450 28.1546 12.6504 1.7213 28.2510 11.5517 1.8182
3 16 30.2385 13.3176 4.6450 30.2848 12.4288 4.7553 31.5337 13.2199 7.2782
3 16 31.5337 13.2199 7.2782 31.4816 13.8234 7.0258 30.2385 13.3176 4.6450
4 16 30.2063 14.2145 4.5800 30.2385 13.3176 4.6450 31.4816 13.8234 7.0258 31.5416 14.4923 7.1362
3 16 27.6466 -31.1716 -4.7953 27.8166 -31.7155 -4.5230 26.6558 -33.1678 -5.9937
3 16 26.6558 -33.1678 -5.9937 26.6133 -32.4210 -6.0785 27.6466 -31.1716 -4.7953
3 16 28.7011 -29.4147 -3.5158 28.9175 -30.2269 -3.0897 27.8166 -31.7155 -4.5230
3 16 27.8166 -31.7155 -4.5230 27.6466 -31.1716 -4.7953 28.7011 -29.4147 -3.5158
3 16 28.9175 -30.2269 -3.0897 29.0045 -30.8517 -2.8783 27.8712 -32.2333 -4.3901
3 16 27.8712 -32.2333 -4.3901 27.8166 -31.7155 -4.5230 28.9175 -30.2269 -3.0897
3 16 27.8166 -31.7155 -4.5230 27.8712 -32.2333 -4.3901 26.6634 -33.6694 -5.9538
3 16 26.6634 -33.6694 -5.9538 26.6558 -33.1678 -5.9937 27.8166 -31.7155 -4.5230
3 16 31.5337 13.2199 7.2782 32.4572 13.9968 9.7056 32.1948 14.1727 8.8149
3 16 32.1948 14.1727 8.8149 31.4816 13.8234 7.0258 31.5337 13.2199 7.2782
4 16 33.2510 14.7736 12.1154 32.4826 14.6594 9.6258 32.1948 14.1727 8.8149 32.4572 13.9968 9.7056
3 16 31.5416 14.4923 7.1362 31.4816 13.8234 7.0258 32.1948 14.1727 8.8149
3 16 32.1948 14.1727 8.8149 32.4826 14.6594 9.6258 31.5416 14.4923 7.1362
4 16 17.7015 -48.3592 -10.3960 17.9638 -45.2278 -12.8814 20.6216 -45.1105 -10.9438 20.4351 -48.0591 -8.5903
4 16 17.9638 -45.2278 -12.8814 18.2331 -41.8566 -15.1816 20.8178 -41.9552 -13.1257 20.6216 -45.1105 -10.9438
4 16 20.6216 -45.1105 -10.9438 20.8178 -41.9552 -13.1257 23.2392 -41.8088 -10.8690 23.1557 -44.7114 -8.7822
4 16 20.4351 -48.0591 -8.5903 20.6216 -45.1105 -10.9438 23.1557 -44.7114 -8.7822 23.0680 -47.4375 -6.5456
3 16 21.5804 11.0797 -12.7639 20.1847 11.4815 -11.0788 21.8752 12.0011 -8.4081
3 16 21.8752 12.0011 -8.4081 23.1150 11.6613 -10.0257 21.5804 11.0797 -12.7639
3 16 19.8434 10.4694 -15.5016 18.3590 10.9253 -14.0012 20.1847 11.4815 -11.0788
3 16 20.1847 11.4815 -11.0788 21.5804 11.0797 -12.7639 19.8434 10.4694 -15.5016
3 16 18.3590 10.9253 -14.0012 16.3979 11.1955 -12.5497 18.3499 11.6845 -9.6239
3 16 18.3499 11.6845 -9.6239 20.1847 11.4815 -11.0788 18.3590 10.9253 -14.0012
3 16 20.1847 11.4815 -11.0788 18.3499 11.6845 -9.6239 20.5783 12.4278 -5.2364
3 16 20.5783 12.4278 -5.2364 21.8752 12.0011 -8.4081 20.1847 11.4815 -11.0788
4 16 23.0680 -47.4375 -6.5456 23.1557 -44.7114 -8.7822 25.1548 -43.9282 -6.6212 25.1522 -46.4295 -4.4669
4 16 23.1557 -44.7114 -8.7822 23.2392 -41.8088 -10.8690 25.1271 -41.2809 -8.6867 25.1548 -43.9282 -6.6212
4 16 25.1548 -43.9282 -6.6212 25.1271 -41.2809 -8.6867 26.5745 -40.4887 -6.7078 26.6871 -42.9076 -4.6158
4 16 25.1522 -46.4295 -4.4669 25.1548 -43.9282 -6.6212 26.6871 -42.9076 -4.6158 26.7456 -45.2146 -2.5053
3 16 14.8116 -3.5385 -25.1810 16.0819 -2.7689 -23.9323 16.5282 -4.9766 -23.4883
3 16 16.5282 -4.9766 -23.4883 15.0574 -6.0400 -24.9832 14.8116 -3.5385 -25.1810
3 16 14.3479 -1.0492 -25.0977 15.4801 -0.1426 -24.0069 16.0819 -2.7689 -23.9323
3 16 16.0819 -2.7689 -23.9323 14.8116 -3.5385 -25.1810 14.3479 -1.0492 -25.0977
3 16 15.4801 -0.1426 -24.0069 16.9066 0.8330 -22.9472 17.5925 -1.8498 -22.7745
3 16 17.5925 -1.8498 -22.7745 16.0819 -2.7689 -23.9323 15.4801 -0.1426 -24.0069
4 16 16.5282 -4.9766 -23.4883 16.0819 -2.7689 -23.9323 17.5925 -1.8498 -22.7745 18.0967 -4.0004 -22.2733
3 16 32.2107 12.1323 7.3663 32.9544 13.0131 10.2322 32.4951 13.3654 9.0297
3 16 32.4951 13.3654 9.0297 31.9248 12.8349 7.3594 32.2107 12.1323 7.3663
3 16 33.2510 14.7736 12.1154 32.4572 13.9968 9.7056 32.4951 13.3654 9.0297
3 16 32.4951 13.3654 9.0297 32.9544 13.0131 10.2322 33.2510 14.7736 12.1154
3 16 31.5337 13.2199 7.2782 31.9248 12.8349 7.3594 32.4951 13.3654 9.0297
3 16 32.4951 13.3654 9.0297 32.4572 13.9968 9.7056 31.5337 13.2199 7.2782
4 16 29.1162 -42.7377 0.8451 29.1574 -44.7379 2.8395 28.0698 -46.0212 1.3021 28.0222 -43.9849 -0.7572
4 16 29.1574 -44.7379 2.8395 29.1891 -46.6449 4.9261 28.0889 -47.9563 3.4166 28.0698 -46.0212 1.3021
4 16 28.0698 -46.0212 1.3021 28.0889 -47.9563 3.4166 26.7695 -49.3090 1.7657 26.7775 -47.3262 -0.3876
4 16 28.0222 -43.9849 -0.7572 28.0698 -46.0212 1.3021 26.7775 -47.3262 -0.3876 26.7456 -45.2146 -2.5053
4 16 26.1732 -30.0607 -3.7724 26.1699 -30.0665 -5.2778 26.4810 -31.2751 -4.8450 26.4784 -31.2926 -3.3823
4 16 26.1699 -30.0665 -5.2778 26.1666 -30.0723 -6.7833 26.4863 -31.2917 -6.2806 26.4810 -31.2751 -4.8450
4 16 26.4810 -31.2751 -4.8450 26.4863 -31.2917 -6.2806 26.6133 -32.4210 -6.0785 26.6022 -32.3861 -4.8201
4 16 26.4784 -31.2926 -3.3823 26.4810 -31.2751 -4.8450 26.6022 -32.3861 -4.8201 26.6173 -32.6751 -3.2659
4 16 26.7456 -45.2146 -2.5053 26.6871 -42.9076 -4.6158 27.9301 -41.8172 -2.8525 28.0222 -43.9849 -0.7572
3 16 26.5745 -40.4887 -6.7078 27.7747 -39.5762 -4.9742 27.9301 -41.8172 -2.8525
3 16 27.9301 -41.8172 -2.8525 26.6871 -42.9076 -4.6158 26.5745 -40.4887 -6.7078
3 16 27.7747 -39.5762 -4.9742 28.8608 -38.5397 -3.3242 29.0204 -40.6603 -1.2131
3 16 29.0204 -40.6603 -1.2131 27.9301 -41.8172 -2.8525 27.7747 -39.5762 -4.9742
4 16 28.0222 -43.9849 -0.7572 27.9301 -41.8172 -2.8525 29.0204 -40.6603 -1.2131 29.1162 -42.7377 0.8451
4 16 28.8608 -38.5397 -3.3242 29.9270 -37.3419 -1.5737 30.0668 -39.3875 0.4625 29.0204 -40.6603 -1.2131
4 16 29.9270 -37.3419 -1.5737 30.9715 -35.9581 0.3474 31.1067 -37.9016 2.2945 30.0668 -39.3875 0.4625
4 16 30.0668 -39.3875 0.4625 31.1067 -37.9016 2.2945 31.1763 -39.7892 4.1356 30.1420 -41.3974 2.4216
4 16 29.0204 -40.6603 -1.2131 30.0668 -39.3875 0.4625 30.1420 -41.3974 2.4216 29.1162 -42.7377 0.8451
4 16 31.1763 -39.7892 4.1356 32.2614 -37.7506 6.1219 32.3572 -39.3977 7.8885 31.2264 -41.6430 5.9907
3 16 33.3397 -35.2686 8.3589 33.4398 -36.7475 9.8436 32.3572 -39.3977 7.8885
3 16 32.3572 -39.3977 7.8885 32.2614 -37.7506 6.1219 33.3397 -35.2686 8.3589
4 16 32.3572 -39.3977 7.8885 33.4398 -36.7475 9.8436 33.6658 -37.7497 11.7688 32.5062 -40.8878 9.9150
4 16 31.2264 -41.6430 5.9907 32.3572 -39.3977 7.8885 32.5062 -40.8878 9.9150 31.3183 -43.3894 8.0596
4 16 24.5752 -42.9429 -2.7078 24.7326 -45.2346 -0.1795 25.9202 -43.7259 1.1876 26.0199 -41.4038 -0.7660
3 16 24.6636 -47.1063 1.8114 25.8230 -45.7040 3.1209 25.9202 -43.7259 1.1876
3 16 25.9202 -43.7259 1.1876 24.7326 -45.2346 -0.1795 24.6636 -47.1063 1.8114
3 16 25.8230 -45.7040 3.1209 26.7736 -44.3392 4.2974 26.8772 -42.2322 2.3950
3 16 26.8772 -42.2322 2.3950 25.9202 -43.7259 1.1876 25.8230 -45.7040 3.1209
4 16 26.0199 -41.4038 -0.7660 25.9202 -43.7259 1.1876 26.8772 -42.2322 2.3950 27.0288 -39.8576 0.5213
3 16 28.4132 -48.8310 17.4482 27.9781 -48.0319 13.3839 26.9045 -49.8757 12.9348
3 16 26.9045 -49.8757 12.9348 27.2162 -50.8861 17.2171 28.4132 -48.8310 17.4482
3 16 29.6047 -46.1581 17.7065 29.0797 -45.5522 13.8460 27.9781 -48.0319 13.3839
3 16 27.9781 -48.0319 13.3839 28.4132 -48.8310 17.4482 29.6047 -46.1581 17.7065
4 16 27.9781 -48.0319 13.3839 29.0797 -45.5522 13.8460 28.6750 -44.6952 10.6876 27.6785 -46.8267 9.9678
3 16 27.9781 -48.0319 13.3839 27.6785 -46.8267 9.9678 26.7075 -48.4369 9.2465
3 16 26.7075 -48.4369 9.2465 26.9045 -49.8757 12.9348 27.9781 -48.0319 13.3839
4 16 31.3183 -43.3894 8.0596 31.5078 -44.9416 10.5544 30.3634 -46.9319 8.9083 30.2295 -45.2218 6.4235
4 16 31.5078 -44.9416 10.5544 31.8136 -46.2557 13.6549 30.5990 -48.4556 12.1261 30.3634 -46.9319 8.9083
3 16 30.5990 -48.4556 12.1261 29.3907 -50.1475 10.6132 29.2589 -48.4491 7.3583
3 16 29.2589 -48.4491 7.3583 30.3634 -46.9319 8.9083 30.5990 -48.4556 12.1261
4 16 30.2295 -45.2218 6.4235 30.3634 -46.9319 8.9083 29.2589 -48.4491 7.3583 29.1891 -46.6449 4.9261
3 16 26.5978 -55.1510 12.0976 28.1861 -53.4884 13.6332 28.2848 -54.9230 18.5054
3 16 28.2848 -54.9230 18.5054 26.5687 -56.7407 17.1794 26.5978 -55.1510 12.0976
3 16 26.6407 -53.2151 7.4124 28.1220 -51.6952 9.0803 28.1861 -53.4884 13.6332
3 16 28.1861 -53.4884 13.6332 26.5978 -55.1510 12.0976 26.6407 -53.2151 7.4124
3 16 28.1220 -51.6952 9.0803 29.3907 -50.1475 10.6132 29.5918 -51.6973 14.9522
3 16 29.5918 -51.6973 14.9522 28.1861 -53.4884 13.6332 28.1220 -51.6952 9.0803
4 16 28.2848 -54.9230 18.5054 28.1861 -53.4884 13.6332 29.5918 -51.6973 14.9522 29.8300 -52.8903 19.5526
3 16 26.6022 -32.3861 -4.8201 26.6405 -32.9745 -5.1054 26.6404 -33.1723 -4.6099
3 16 26.6404 -33.1723 -4.6099 26.6173 -32.6751 -3.2659 26.6022 -32.3861 -4.8201
4 16 26.6133 -32.4210 -6.0785 26.6558 -33.1678 -5.9937 26.6405 -32.9745 -5.1054 26.6022 -32.3861 -4.8201
4 16 26.6634 -33.6694 -5.9538 26.6404 -33.1723 -4.6099 26.6405 -32.9745 -5.1054 26.6558 -33.1678 -5.9937
3 16 8.2481 5.6706 -22.4855 9.7079 6.0307 -21.8377 9.6671 6.5561 -21.5057
3 16 9.6671 6.5561 -21.5057 6.7244 6.5698 -22.3842 8.2481 5.6706 -22.4855
3 16 11.0736 5.7282 -21.5486 9.7079 6.0307 -21.8377 8.2481 5.6706 -22.4855
3 16 8.2481 5.6706 -22.4855 9.6740 4.3630 -22.6232 11.0736 5.7282 -21.5486
4 16 12.0684 6.5066 -20.6945 9.6671 6.5561 -21.5057 9.7079 6.0307 -21.8377 11.0736 5.7282 -21.5486
4 16 22.9983 -7.5677 -14.4999 23.8261 -8.5630 -13.8592 23.2422 -9.1765 -14.4677 22.6358 -8.9051 -14.9827
3 16 23.2922 -10.1365 -14.4592 23.2422 -9.1765 -14.4677 23.8261 -8.5630 -13.8592
3 16 23.8261 -8.5630 -13.8592 24.2356 -10.0037 -13.4425 23.2922 -10.1365 -14.4592
3 16 22.6358 -8.9051 -14.9827 23.2422 -9.1765 -14.4677 23.2922 -10.1365 -14.4592
3 16 23.2922 -10.1365 -14.4592 22.4126 -10.3451 -15.3060 22.6358 -8.9051 -14.9827
3 16 27.6466 -31.1716 -4.7953 27.3040 -30.7410 -5.2610 27.6794 -29.6278 -4.8712
3 16 27.6794 -29.6278 -4.8712 28.7011 -29.4147 -3.5158 27.6466 -31.1716 -4.7953
4 16 26.6133 -32.4210 -6.0785 26.4863 -31.2917 -6.2806 27.3040 -30.7410 -5.2610 27.6466 -31.1716 -4.7953
4 16 26.1666 -30.0723 -6.7833 27.6794 -29.6278 -4.8712 27.3040 -30.7410 -5.2610 26.4863 -31.2917 -6.2806
3 16 26.3573 -58.8750 29.2491 28.6496 -56.6392 29.8215 28.7615 -57.0418 33.2481
3 16 28.7615 -57.0418 33.2481 26.2321 -59.4273 32.9883 26.3573 -58.8750 29.2491
3 16 26.4612 -58.3249 25.4825 28.5317 -56.2325 26.3419 28.6496 -56.6392 29.8215
3 16 28.6496 -56.6392 29.8215 26.3573 -58.8750 29.2491 26.4612 -58.3249 25.4825
3 16 28.5317 -56.2325 26.3419 30.2989 -53.9358 27.0590 30.5168 -54.2409 30.3461
3 16 30.5168 -54.2409 30.3461 28.6496 -56.6392 29.8215 28.5317 -56.2325 26.3419
3 16 28.6496 -56.6392 29.8215 30.5168 -54.2409 30.3461 30.7277 -54.5389 33.5462
3 16 30.7277 -54.5389 33.5462 28.7615 -57.0418 33.2481 28.6496 -56.6392 29.8215
4 16 13.8388 -63.1416 19.0401 12.3006 -64.2137 23.0409 12.0654 -64.0203 17.1139 13.5069 -63.0798 14.6542
3 16 10.2007 -65.1279 26.4824 10.1299 -64.8877 19.5880 12.0654 -64.0203 17.1139
3 16 12.0654 -64.0203 17.1139 12.3006 -64.2137 23.0409 10.2007 -65.1279 26.4824
3 16 10.1299 -64.8877 19.5880 10.0591 -64.6475 12.6935 11.8395 -63.8072 11.1236
3 16 11.8395 -63.8072 11.1236 12.0654 -64.0203 17.1139 10.1299 -64.8877 19.5880
3 16 12.0654 -64.0203 17.1139 11.8395 -63.8072 11.1236 13.2495 -62.8601 9.7625
3 16 13.2495 -62.8601 9.7625 13.5069 -63.0798 14.6542 12.0654 -64.0203 17.1139
3 16 15.1270 3.0331 -20.3762 13.8891 2.2794 -21.3217 13.6124 0.7161 -21.8916
3 16 13.6124 0.7161 -21.8916 15.7904 0.5919 -20.4069 15.1270 3.0331 -20.3762
3 16 12.9790 2.9343 -21.6656 13.8891 2.2794 -21.3217 15.1270 3.0331 -20.3762
3 16 15.1270 3.0331 -20.3762 14.0100 4.7069 -20.6211 12.9790 2.9343 -21.6656
4 16 11.6572 0.5751 -23.0448 13.6124 0.7161 -21.8916 13.8891 2.2794 -21.3217 12.9790 2.9343 -21.6656
3 16 30.1589 -50.4643 34.0984 29.7542 -50.1856 30.1712 28.2007 -52.5709 30.0143
3 16 28.2007 -52.5709 30.0143 28.4982 -52.9127 33.8227 30.1589 -50.4643 34.0984
4 16 30.1589 -50.4643 34.0984 31.6352 -47.4809 34.0124 31.1722 -47.2531 30.1484 29.7542 -50.1856 30.1712
4 16 29.7542 -50.1856 30.1712 31.1722 -47.2531 30.1484 30.6839 -46.9804 26.1379 29.3309 -49.8530 26.0928
3 16 29.7542 -50.1856 30.1712 29.3309 -49.8530 26.0928 27.8893 -52.1626 26.0055
3 16 27.8893 -52.1626 26.0055 28.2007 -52.5709 30.0143 29.7542 -50.1856 30.1712
3 16 26.3528 -34.5743 -5.3557 26.1800 -38.2128 -2.9783 27.2673 -36.8970 -1.4699
3 16 27.2673 -36.8970 -1.4699 27.5582 -33.5754 -3.5426 26.3528 -34.5743 -5.3557
3 16 24.8911 -35.5822 -7.5925 24.8437 -39.2091 -5.0575 26.1800 -38.2128 -2.9783
3 16 26.1800 -38.2128 -2.9783 26.3528 -34.5743 -5.3557 24.8911 -35.5822 -7.5925
4 16 26.1800 -38.2128 -2.9783 24.8437 -39.2091 -5.0575 24.5752 -42.9429 -2.7078 26.0199 -41.4038 -0.7660
3 16 26.1800 -38.2128 -2.9783 26.0199 -41.4038 -0.7660 27.0288 -39.8576 0.5213
3 16 27.0288 -39.8576 0.5213 27.2673 -36.8970 -1.4699 26.1800 -38.2128 -2.9783
4 16 36.3189 -40.3334 31.2739 35.4287 -44.6275 32.8927 35.0766 -44.7017 30.3716 35.9855 -40.7476 29.4012
4 16 35.4287 -44.6275 32.8927 34.1540 -48.6544 33.6791 33.8176 -48.5616 30.8550 35.0766 -44.7017 30.3716
4 16 35.0766 -44.7017 30.3716 33.8176 -48.5616 30.8550 33.4685 -48.4659 27.9261 34.7154 -44.7175 27.7045
4 16 35.9855 -40.7476 29.4012 35.0766 -44.7017 30.3716 34.7154 -44.7175 27.7045 35.6808 -40.6808 27.0945
3 16 33.7696 -30.7693 21.7416 33.2163 -34.8815 22.0878 33.6231 -35.7432 25.7297
3 16 33.6231 -35.7432 25.7297 34.3861 -31.6361 26.3918 33.7696 -30.7693 21.7416
3 16 33.2828 -30.0036 18.2934 32.7111 -34.2447 18.3715 33.2163 -34.8815 22.0878
3 16 33.2163 -34.8815 22.0878 33.7696 -30.7693 21.7416 33.2828 -30.0036 18.2934
4 16 33.2163 -34.8815 22.0878 32.7111 -34.2447 18.3715 31.8973 -38.3672 18.2680 32.4360 -38.8312 22.1371
4 16 33.6231 -35.7432 25.7297 33.2163 -34.8815 22.0878 32.4360 -38.8312 22.1371 32.9028 -39.3159 25.8886
3 16 28.4132 -48.8310 17.4482 28.8780 -49.4151 21.7834 30.1541 -46.6225 21.9114
3 16 30.1541 -46.6225 21.9114 29.6047 -46.1581 17.7065 28.4132 -48.8310 17.4482
3 16 27.2162 -50.8861 17.2171 27.5559 -51.6217 21.6749 28.8780 -49.4151 21.7834
3 16 28.8780 -49.4151 21.7834 28.4132 -48.8310 17.4482 27.2162 -50.8861 17.2171
3 16 27.5559 -51.6217 21.6749 27.8893 -52.1626 26.0055 29.3309 -49.8530 26.0928
3 16 29.3309 -49.8530 26.0928 28.8780 -49.4151 21.7834 27.5559 -51.6217 21.6749
3 16 28.8780 -49.4151 21.7834 29.3309 -49.8530 26.0928 30.6839 -46.9804 26.1379
3 16 30.6839 -46.9804 26.1379 30.1541 -46.6225 21.9114 28.8780 -49.4151 21.7834
3 16 14.8596 -64.3630 28.8155 13.9385 -64.9793 30.5637 11.4864 -65.5088 30.1572
3 16 11.4864 -65.5088 30.1572 10.2007 -65.1279 26.4824 14.8596 -64.3630 28.8155
3 16 19.0944 -63.4943 32.6581 15.6012 -64.8582 32.5573 13.9385 -64.9793 30.5637
3 16 13.9385 -64.9793 30.5637 14.8596 -64.3630 28.8155 19.0944 -63.4943 32.6581
3 16 11.4864 -65.5088 30.1572 13.9385 -64.9793 30.5637 15.6012 -64.8582 32.5573
3 16 15.6012 -64.8582 32.5573 12.1825 -65.7529 32.4745 11.4864 -65.5088 30.1572
3 16 15.6012 -64.8582 32.5573 15.2854 -63.5069 32.7370 11.9382 -64.3798 32.6235
3 16 11.9382 -64.3798 32.6235 12.1825 -65.7529 32.4745 15.6012 -64.8582 32.5573
4 16 15.6012 -64.8582 32.5573 19.0944 -63.4943 32.6581 18.6486 -62.1996 32.8460 15.2854 -63.5069 32.7370
4 16 15.2854 -63.5069 32.7370 18.6486 -62.1996 32.8460 18.2028 -60.9049 33.0338 14.9696 -62.1557 32.9167
3 16 15.2854 -63.5069 32.7370 14.9696 -62.1557 32.9167 11.6939 -63.0067 32.7725
3 16 11.6939 -63.0067 32.7725 11.9382 -64.3798 32.6235 15.2854 -63.5069 32.7370
3 16 32.5409 -51.8704 33.7911 31.3499 -51.1673 33.9448 29.6130 -53.7258 33.6844
3 16 29.6130 -53.7258 33.6844 30.7277 -54.5389 33.5462 32.5409 -51.8704 33.7911
4 16 32.5409 -51.8704 33.7911 34.1540 -48.6544 33.6791 32.8946 -48.0676 33.8457 31.3499 -51.1673 33.9448
4 16 31.3499 -51.1673 33.9448 32.8946 -48.0676 33.8457 31.6352 -47.4809 34.0124 30.1589 -50.4643 34.0984
3 16 31.3499 -51.1673 33.9448 30.1589 -50.4643 34.0984 28.4982 -52.9127 33.8227
3 16 28.4982 -52.9127 33.8227 29.6130 -53.7258 33.6844 31.3499 -51.1673 33.9448
4 16 29.1162 -42.7377 0.8451 30.1420 -41.3974 2.4216 30.1759 -43.3588 4.3445 29.1574 -44.7379 2.8395
4 16 30.1420 -41.3974 2.4216 31.1763 -39.7892 4.1356 31.2264 -41.6430 5.9907 30.1759 -43.3588 4.3445
4 16 30.1759 -43.3588 4.3445 31.2264 -41.6430 5.9907 31.3183 -43.3894 8.0596 30.2295 -45.2218 6.4235
4 16 29.1574 -44.7379 2.8395 30.1759 -43.3588 4.3445 30.2295 -45.2218 6.4235 29.1891 -46.6449 4.9261
4 16 37.3275 -22.7500 20.6792 37.2687 -27.5318 22.9785 36.9821 -28.8921 21.9699 36.8324 -27.2895 20.0505
3 16 36.6729 -32.2335 22.9069 36.9821 -28.8921 21.9699 37.2687 -27.5318 22.9785
3 16 37.2687 -27.5318 22.9785 37.1047 -32.1611 25.8728 36.6729 -32.2335 22.9069
3 16 36.8324 -27.2895 20.0505 36.9821 -28.8921 21.9699 36.6729 -32.2335 22.9069
3 16 36.6729 -32.2335 22.9069 36.2007 -32.1223 19.9397 36.8324 -27.2895 20.0505
4 16 34.2233 -39.6709 16.6444 33.9440 -38.6889 14.1177 35.0117 -34.6484 15.6934 35.2407 -35.9041 18.0338
4 16 33.9440 -38.6889 14.1177 33.6658 -37.7497 11.7688 34.6344 -34.0786 13.2611 35.0117 -34.6484 15.6934
3 16 34.6344 -34.0786 13.2611 35.3549 -29.5883 13.9475 35.8835 -30.3121 16.9619
3 16 35.8835 -30.3121 16.9619 35.0117 -34.6484 15.6934 34.6344 -34.0786 13.2611
3 16 35.0117 -34.6484 15.6934 35.8835 -30.3121 16.9619 36.2007 -32.1223 19.9397
3 16 36.2007 -32.1223 19.9397 35.2407 -35.9041 18.0338 35.0117 -34.6484 15.6934
3 16 19.9355 -59.9501 29.8269 18.8070 -60.2722 28.5915 17.2124 -60.8881 29.4390
3 16 17.2124 -60.8881 29.4390 18.2028 -60.9049 33.0338 19.9355 -59.9501 29.8269
3 16 19.0565 -59.7725 25.7779 18.8070 -60.2722 28.5915 19.9355 -59.9501 29.8269
3 16 19.9355 -59.9501 29.8269 21.2260 -58.9779 26.5651 19.0565 -59.7725 25.7779
4 16 16.9302 -60.4465 25.8797 17.2124 -60.8881 29.4390 18.8070 -60.2722 28.5915 19.0565 -59.7725 25.7779
4 16 30.2989 -53.9358 27.0590 30.0692 -53.5682 23.5575 31.6489 -51.1965 24.3032 31.9630 -51.4577 27.6520
4 16 30.0692 -53.5682 23.5575 29.8300 -52.8903 19.5526 31.3043 -50.6844 20.5098 31.6489 -51.1965 24.3032
4 16 31.6489 -51.1965 24.3032 31.3043 -50.6844 20.5098 32.6794 -47.9924 21.2765 33.0937 -48.3317 24.7804
4 16 31.9630 -51.4577 27.6520 31.6489 -51.1965 24.3032 33.0937 -48.3317 24.7804 33.4685 -48.4659 27.9261
4 16 32.9685 -32.1592 4.9362 32.6381 -30.3693 2.8060 33.6072 -27.7493 5.7056 33.9449 -29.3063 7.6638
4 16 32.6381 -30.3693 2.8060 32.2536 -28.4492 0.5165 33.2524 -26.0841 3.7100 33.6072 -27.7493 5.7056
4 16 33.6072 -27.7493 5.7056 33.2524 -26.0841 3.7100 34.2435 -23.5843 7.1542 34.4733 -25.0056 8.4952
4 16 33.9449 -29.3063 7.6638 33.6072 -27.7493 5.7056 34.4733 -25.0056 8.4952 34.7903 -26.1355 10.1805
4 16 32.9028 -39.3159 25.8886 32.4360 -38.8312 22.1371 31.3803 -42.9199 22.0533 31.9074 -43.2617 26.0751
4 16 32.4360 -38.8312 22.1371 31.8973 -38.3672 18.2680 30.8141 -42.5115 18.0114 31.3803 -42.9199 22.0533
4 16 31.3803 -42.9199 22.0533 30.8141 -42.5115 18.0114 29.6047 -46.1581 17.7065 30.1541 -46.6225 21.9114
4 16 31.9074 -43.2617 26.0751 31.3803 -42.9199 22.0533 30.1541 -46.6225 21.9114 30.6839 -46.9804 26.1379
3 16 26.5288 -57.7170 21.5891 28.4055 -55.7591 22.6931 28.5317 -56.2325 26.3419
3 16 28.5317 -56.2325 26.3419 26.4612 -58.3249 25.4825 26.5288 -57.7170 21.5891
3 16 26.5687 -56.7407 17.1794 28.2848 -54.9230 18.5054 28.4055 -55.7591 22.6931
3 16 28.4055 -55.7591 22.6931 26.5288 -57.7170 21.5891 26.5687 -56.7407 17.1794
4 16 28.4055 -55.7591 22.6931 28.2848 -54.9230 18.5054 29.8300 -52.8903 19.5526 30.0692 -53.5682 23.5575
3 16 28.4055 -55.7591 22.6931 30.0692 -53.5682 23.5575 30.2989 -53.9358 27.0590
3 16 30.2989 -53.9358 27.0590 28.5317 -56.2325 26.3419 28.4055 -55.7591 22.6931
4 16 34.7903 -26.1355 10.1805 34.4733 -25.0056 8.4952 35.0273 -22.9349 10.3695 35.3752 -22.9261 11.9245
3 16 35.0806 -21.2120 10.2702 35.0273 -22.9349 10.3695 34.4733 -25.0056 8.4952
3 16 34.4733 -25.0056 8.4952 34.2435 -23.5843 7.1542 35.0806 -21.2120 10.2702
3 16 35.3752 -22.9261 11.9245 35.0273 -22.9349 10.3695 35.0806 -21.2120 10.2702
3 16 35.0806 -21.2120 10.2702 35.6624 -18.4226 12.5930 35.3752 -22.9261 11.9245
3 16 11.3111 -62.1252 26.0215 8.1959 -62.8503 26.0029 8.2482 -63.1460 29.6758
3 16 8.2482 -63.1460 29.6758 11.5144 -62.5380 29.7403 11.3111 -62.1252 26.0215
3 16 8.1959 -62.8503 26.0029 5.4481 -63.3472 25.9695 5.3795 -63.5249 29.6013
3 16 5.3795 -63.5249 29.6013 8.2482 -63.1460 29.6758 8.1959 -62.8503 26.0029
3 16 8.2482 -63.1460 29.6758 5.3795 -63.5249 29.6013 5.3273 -63.7019 32.5032
3 16 5.3273 -63.7019 32.5032 8.2977 -63.4829 32.6273 8.2482 -63.1460 29.6758
3 16 11.5144 -62.5380 29.7403 8.2482 -63.1460 29.6758 8.2977 -63.4829 32.6273
3 16 8.2977 -63.4829 32.6273 11.6939 -63.0067 32.7725 11.5144 -62.5380 29.7403
4 16 31.1763 -39.7892 4.1356 31.1067 -37.9016 2.2945 32.1544 -36.0798 4.3826 32.2614 -37.7506 6.1219
4 16 31.1067 -37.9016 2.2945 30.9715 -35.9581 0.3474 31.9780 -34.3184 2.4893 32.1544 -36.0798 4.3826
3 16 31.9780 -34.3184 2.4893 32.9685 -32.1592 4.9362 33.2020 -33.7441 6.7825
3 16 33.2020 -33.7441 6.7825 32.1544 -36.0798 4.3826 31.9780 -34.3184 2.4893
3 16 32.1544 -36.0798 4.3826 33.2020 -33.7441 6.7825 33.3397 -35.2686 8.3589
3 16 33.3397 -35.2686 8.3589 32.2614 -37.7506 6.1219 32.1544 -36.0798 4.3826
3 16 24.4585 -57.3343 33.2492 26.7053 -55.1936 33.4990 26.5840 -54.7661 29.8245
3 16 26.5840 -54.7661 29.8245 24.9636 -56.6103 29.4104 24.4585 -57.3343 33.2492
3 16 28.4982 -52.9127 33.8227 28.2007 -52.5709 30.0143 26.5840 -54.7661 29.8245
3 16 26.5840 -54.7661 29.8245 26.7053 -55.1936 33.4990 28.4982 -52.9127 33.8227
3 16 28.2007 -52.5709 30.0143 27.8893 -52.1626 26.0055 26.3830 -54.2969 25.9258
3 16 26.3830 -54.2969 25.9258 26.5840 -54.7661 29.8245 28.2007 -52.5709 30.0143
4 16 24.9636 -56.6103 29.4104 26.5840 -54.7661 29.8245 26.3830 -54.2969 25.9258 24.8276 -56.1608 25.7912
3 16 22.9629 -55.9876 16.2336 23.0101 -57.0318 21.3418 24.6609 -55.5073 21.4551
3 16 24.6609 -55.5073 21.4551 24.5547 -54.5092 16.6427 22.9629 -55.9876 16.2336
4 16 22.9629 -55.9876 16.2336 21.0604 -57.1305 15.8484 21.1376 -58.2098 21.3217 23.0101 -57.0318 21.3418
4 16 23.0101 -57.0318 21.3418 21.1376 -58.2098 21.3217 21.2260 -58.9779 26.5651 23.2122 -57.6225 25.7193
4 16 24.6609 -55.5073 21.4551 23.0101 -57.0318 21.3418 23.2122 -57.6225 25.7193 24.8276 -56.1608 25.7912
3 16 36.8326 -36.2969 28.8051 36.4820 -37.8092 28.2921 36.3957 -36.8169 26.3559
3 16 36.3957 -36.8169 26.3559 37.1047 -32.1611 25.8728 36.8326 -36.2969 28.8051
3 16 35.9855 -40.7476 29.4012 36.4820 -37.8092 28.2921 36.8326 -36.2969 28.8051
3 16 36.8326 -36.2969 28.8051 36.3189 -40.3334 31.2739 35.9855 -40.7476 29.4012
3 16 36.3957 -36.8169 26.3559 36.4820 -37.8092 28.2921 35.9855 -40.7476 29.4012
3 16 35.9855 -40.7476 29.4012 35.6808 -40.6808 27.0945 36.3957 -36.8169 26.3559
3 16 3.7067 7.3641 -22.4503 5.2561 7.1081 -22.3712 6.8487 7.1361 -21.7895
3 16 6.8487 7.1361 -21.7895 7.2495 7.2891 -21.1592 3.7067 7.3641 -22.4503
3 16 8.2426 6.9749 -21.5560 6.8487 7.1361 -21.7895 5.2561 7.1081 -22.3712
3 16 5.2561 7.1081 -22.3712 6.7244 6.5698 -22.3842 8.2426 6.9749 -21.5560
3 16 9.4845 7.1379 -20.7652 7.2495 7.2891 -21.1592 6.8487 7.1361 -21.7895
3 16 6.8487 7.1361 -21.7895 8.2426 6.9749 -21.5560 9.4845 7.1379 -20.7652
4 16 31.5744 -13.7842 9.6226 31.7190 -14.8041 10.5752 31.7392 -14.1623 10.5569 31.6505 -13.3787 9.9416
3 16 31.9659 -15.4603 11.8275 31.8259 -13.8478 11.0663 31.7392 -14.1623 10.5569
3 16 31.7392 -14.1623 10.5569 31.7190 -14.8041 10.5752 31.9659 -15.4603 11.8275
3 16 31.6564 -12.7477 10.1111 31.6505 -13.3787 9.9416 31.7392 -14.1623 10.5569
3 16 31.7392 -14.1623 10.5569 31.8259 -13.8478 11.0663 31.6564 -12.7477 10.1111
3 16 15.7895 -14.3635 -15.5224 18.2601 -13.0218 -14.5471 18.5066 -12.0844 -14.3424
3 16 18.5066 -12.0844 -14.3424 16.6712 -12.1948 -15.1574 15.7895 -14.3635 -15.5224
3 16 18.2601 -13.0218 -14.5471 20.2151 -12.3893 -13.8013 20.5166 -11.7098 -13.5007
3 16 20.5166 -11.7098 -13.5007 18.5066 -12.0844 -14.3424 18.2601 -13.0218 -14.5471
3 16 18.5066 -12.0844 -14.3424 20.5166 -11.7098 -13.5007 20.9401 -11.1011 -13.0834
3 16 20.9401 -11.1011 -13.0834 19.0704 -11.1039 -13.9606 18.5066 -12.0844 -14.3424
3 16 16.6712 -12.1948 -15.1574 18.5066 -12.0844 -14.3424 19.0704 -11.1039 -13.9606
3 16 19.0704 -11.1039 -13.9606 17.3056 -10.9089 -14.8307 16.6712 -12.1948 -15.1574
3 16 7.1828 -18.0775 -28.1303 6.8045 -19.1270 -27.6119 7.9613 -17.8574 -27.4272
3 16 7.9613 -17.8574 -27.4272 8.6875 -16.5499 -27.6264 7.1828 -18.0775 -28.1303
3 16 6.6568 -20.0188 -26.7927 8.2022 -17.9239 -26.7560 7.9613 -17.8574 -27.4272
3 16 7.9613 -17.8574 -27.4272 6.8045 -19.1270 -27.6119 6.6568 -20.0188 -26.7927
3 16 9.9876 -14.6697 -26.8249 8.6875 -16.5499 -27.6264 7.9613 -17.8574 -27.4272
3 16 7.9613 -17.8574 -27.4272 8.2022 -17.9239 -26.7560 9.9876 -14.6697 -26.8249
3 16 1.7864 -29.8576 -19.2214 2.7819 -29.2014 -19.1818 1.3818 -28.9663 -20.1779
3 16 1.3818 -28.9663 -20.1779 0.8732 -30.3279 -19.2526 1.7864 -29.8576 -19.2214
3 16 2.7819 -29.2014 -19.1818 3.9106 -28.3052 -19.1064 1.9024 -27.7083 -21.1417
3 16 1.9024 -27.7083 -21.1417 1.3818 -28.9663 -20.1779 2.7819 -29.2014 -19.1818
3 16 1.3818 -28.9663 -20.1779 1.9024 -27.7083 -21.1417 0.0000 -26.7012 -22.7658
3 16 0.0000 -26.7012 -22.7658 0.0000 -28.8034 -20.6829 1.3818 -28.9663 -20.1779
3 16 0.8732 -30.3279 -19.2526 1.3818 -28.9663 -20.1779 0.0000 -28.8034 -20.6829
3 16 0.0000 -28.8034 -20.6829 0.0000 -30.5147 -19.2668 0.8732 -30.3279 -19.2526
3 16 20.0789 -13.0423 -13.8853 18.6556 -13.4244 -14.4158 18.0256 -14.1786 -14.5966
3 16 18.0256 -14.1786 -14.5966 20.1314 -13.5853 -13.7804 20.0789 -13.0423 -13.8853
3 16 18.2601 -13.0218 -14.5471 18.6556 -13.4244 -14.4158 20.0789 -13.0423 -13.8853
3 16 20.0789 -13.0423 -13.8853 20.2151 -12.3893 -13.8013 18.2601 -13.0218 -14.5471
3 16 15.7895 -14.3635 -15.5224 18.0256 -14.1786 -14.5966 18.6556 -13.4244 -14.4158
3 16 18.6556 -13.4244 -14.4158 18.2601 -13.0218 -14.5471 15.7895 -14.3635 -15.5224
3 16 31.9796 -4.1354 11.7906 31.9224 -4.6866 11.6512 32.0228 -5.2159 12.1864
3 16 32.0228 -5.2159 12.1864 32.2133 -4.1508 13.0101 31.9796 -4.1354 11.7906
3 16 31.7795 -5.0873 10.9160 31.9224 -4.6866 11.6512 31.9796 -4.1354 11.7906
3 16 31.9796 -4.1354 11.7906 31.8098 -4.5851 10.7868 31.7795 -5.0873 10.9160
3 16 31.7263 -5.5442 10.8860 32.0228 -5.2159 12.1864 31.9224 -4.6866 11.6512
3 16 31.9224 -4.6866 11.6512 31.7795 -5.0873 10.9160 31.7263 -5.5442 10.8860
4 16 7.6829 -34.1586 -16.8089 5.7635 -33.7087 -17.2293 5.2704 -33.5793 -18.4620 5.8673 -33.7132 -18.9293
3 16 4.0198 -33.3101 -19.1336 5.2704 -33.5793 -18.4620 5.7635 -33.7087 -17.2293
3 16 5.7635 -33.7087 -17.2293 4.0360 -33.2930 -17.6541 4.0198 -33.3101 -19.1336
4 16 4.2291 -33.3504 -20.9439 5.8673 -33.7132 -18.9293 5.2704 -33.5793 -18.4620 4.0198 -33.3101 -19.1336
3 16 13.0222 -57.3969 -0.2393 14.1448 -58.2121 6.9906 14.6532 -57.1040 5.3405
3 16 14.6532 -57.1040 5.3405 13.7213 -56.2562 0.2818 13.0222 -57.3969 -0.2393
3 16 15.9762 -58.6824 14.0726 15.9612 -56.8626 7.6354 14.6532 -57.1040 5.3405
3 16 14.6532 -57.1040 5.3405 14.1448 -58.2121 6.9906 15.9762 -58.6824 14.0726
3 16 13.8184 -55.3885 0.6820 13.7213 -56.2562 0.2818 14.6532 -57.1040 5.3405
3 16 14.6532 -57.1040 5.3405 15.9612 -56.8626 7.6354 13.8184 -55.3885 0.6820
4 16 3.9106 -28.3052 -19.1064 3.5143 -26.8858 -21.2241 2.3806 -26.8763 -21.9544 1.9024 -27.7083 -21.1417
3 16 3.6199 -25.4219 -23.0981 1.8833 -25.9011 -23.3811 2.3806 -26.8763 -21.9544
3 16 2.3806 -26.8763 -21.9544 3.5143 -26.8858 -21.2241 3.6199 -25.4219 -23.0981
3 16 0.0000 -26.7012 -22.7658 1.9024 -27.7083 -21.1417 2.3806 -26.8763 -21.9544
3 16 2.3806 -26.8763 -21.9544 1.8833 -25.9011 -23.3811 0.0000 -26.7012 -22.7658
3 16 6.3401 -31.4140 -17.7777 6.5799 -32.6053 -17.4182 7.2429 -32.4885 -17.3342
3 16 7.2429 -32.4885 -17.3342 7.1960 -31.7016 -17.5800 6.3401 -31.4140 -17.7777
3 16 7.6829 -34.1586 -16.8089 8.2932 -33.0247 -17.0641 7.2429 -32.4885 -17.3342
3 16 7.2429 -32.4885 -17.3342 6.5799 -32.6053 -17.4182 7.6829 -34.1586 -16.8089
4 16 8.5369 -32.0310 -17.3484 7.1960 -31.7016 -17.5800 7.2429 -32.4885 -17.3342 8.2932 -33.0247 -17.0641
4 16 32.2262 -2.1425 12.2948 32.1987 -2.9318 12.7072 32.3946 -2.3735 13.6340 32.4791 -1.5722 13.6058
3 16 32.4976 -3.1238 14.2048 32.3946 -2.3735 13.6340 32.1987 -2.9318 12.7072
3 16 32.1987 -2.9318 12.7072 32.2133 -4.1508 13.0101 32.4976 -3.1238 14.2048
3 16 32.8404 -0.9048 15.5928 32.4791 -1.5722 13.6058 32.3946 -2.3735 13.6340
3 16 32.3946 -2.3735 13.6340 32.4976 -3.1238 14.2048 32.8404 -0.9048 15.5928
3 16 9.5673 -25.4679 -17.4244 9.1016 -26.1356 -17.5043 10.2982 -26.3515 -16.8822
3 16 10.2982 -26.3515 -16.8822 12.4284 -25.6210 -15.9671 9.5673 -25.4679 -17.4244
3 16 7.8265 -26.6232 -17.9526 9.1016 -26.1356 -17.5043 9.5673 -25.4679 -17.4244
3 16 9.5673 -25.4679 -17.4244 6.6886 -25.0253 -18.7543 7.8265 -26.6232 -17.9526
3 16 10.2982 -26.3515 -16.8822 9.1016 -26.1356 -17.5043 7.8265 -26.6232 -17.9526
3 16 7.8265 -26.6232 -17.9526 8.5839 -27.2863 -17.4262 10.2982 -26.3515 -16.8822
3 16 34.5162 -40.4884 19.1637 35.2323 -37.4906 19.5786 35.6927 -36.5868 21.3457
3 16 35.6927 -36.5868 21.3457 34.9193 -40.6262 21.7690 34.5162 -40.4884 19.1637
3 16 35.2407 -35.9041 18.0338 35.2323 -37.4906 19.5786 34.5162 -40.4884 19.1637
3 16 34.5162 -40.4884 19.1637 34.2233 -39.6709 16.6444 35.2407 -35.9041 18.0338
4 16 36.2007 -32.1223 19.9397 35.6927 -36.5868 21.3457 35.2323 -37.4906 19.5786 35.2407 -35.9041 18.0338
3 16 34.0193 8.9114 14.1719 33.5462 11.5951 12.2704 32.9541 10.8421 9.2008
3 16 32.9541 10.8421 9.2008 33.4163 8.5019 10.5913 34.0193 8.9114 14.1719
3 16 34.5532 9.2521 17.7395 33.9984 12.4553 15.1839 33.5462 11.5951 12.2704
3 16 33.5462 11.5951 12.2704 34.0193 8.9114 14.1719 34.5532 9.2521 17.7395
3 16 33.9984 12.4553 15.1839 33.2510 14.7736 12.1154 32.9544 13.0131 10.2322
3 16 32.9544 13.0131 10.2322 33.5462 11.5951 12.2704 33.9984 12.4553 15.1839
3 16 32.9541 10.8421 9.2008 33.5462 11.5951 12.2704 32.9544 13.0131 10.2322
3 16 32.9544 13.0131 10.2322 32.2107 12.1323 7.3663 32.9541 10.8421 9.2008
4 16 21.0604 -57.1305 15.8484 20.9259 -55.6269 10.0227 18.4230 -56.3712 9.1527 18.7649 -57.9279 15.4734
3 16 20.8494 -53.8039 4.8449 18.0692 -54.5765 3.4644 18.4230 -56.3712 9.1527
3 16 18.4230 -56.3712 9.1527 20.9259 -55.6269 10.0227 20.8494 -53.8039 4.8449
4 16 18.4230 -56.3712 9.1527 18.0692 -54.5765 3.4644 13.8184 -55.3885 0.6820 15.9612 -56.8626 7.6354
3 16 18.4230 -56.3712 9.1527 15.9612 -56.8626 7.6354 15.9762 -58.6824 14.0726
3 16 15.9762 -58.6824 14.0726 18.7649 -57.9279 15.4734 18.4230 -56.3712 9.1527
4 16 37.2512 -13.1883 19.0675 37.2813 -18.1354 19.4105 37.0378 -19.1543 18.4322 36.8168 -17.4895 17.4563
4 16 37.3275 -22.7500 20.6792 36.8951 -22.0955 18.3049 37.0378 -19.1543 18.4322 37.2813 -18.1354 19.4105
3 16 36.8168 -17.4895 17.4563 37.0378 -19.1543 18.4322 36.8951 -22.0955 18.3049
3 16 36.8951 -22.0955 18.3049 36.5426 -21.0631 16.6541 36.8168 -17.4895 17.4563
3 16 34.9754 -14.7842 13.0101 34.8781 -15.1878 12.4269 34.8548 -13.6314 12.2015
3 16 34.8548 -13.6314 12.2015 35.1639 -10.5157 13.5823 34.9754 -14.7842 13.0101
3 16 34.5803 -18.5874 11.6292 34.7390 -16.8408 11.8279 34.8781 -15.1878 12.4269
3 16 34.8781 -15.1878 12.4269 34.9754 -14.7842 13.0101 34.5803 -18.5874 11.6292
3 16 34.8548 -13.6314 12.2015 34.8781 -15.1878 12.4269 34.7390 -16.8408 11.8279
3 16 34.7390 -16.8408 11.8279 34.6595 -15.5625 11.2656 34.8548 -13.6314 12.2015
3 16 9.2909 -54.8169 0.9036 9.6849 -56.0957 0.3387 11.7470 -56.0040 0.3987
3 16 11.7470 -56.0040 0.3987 11.2371 -54.8595 0.9216 9.2909 -54.8169 0.9036
3 16 7.3210 -54.7973 0.8696 7.4593 -56.0976 0.3173 9.6849 -56.0957 0.3387
3 16 9.6849 -56.0957 0.3387 9.2909 -54.8169 0.9036 7.3210 -54.7973 0.8696
3 16 7.4593 -56.0976 0.3173 7.5976 -57.3978 -0.2350 10.1598 -57.3974 -0.2368
3 16 10.1598 -57.3974 -0.2368 9.6849 -56.0957 0.3387 7.4593 -56.0976 0.3173
3 16 9.6849 -56.0957 0.3387 10.1598 -57.3974 -0.2368 13.0222 -57.3969 -0.2393
3 16 13.0222 -57.3969 -0.2393 11.7470 -56.0040 0.3987 9.6849 -56.0957 0.3387
3 16 9.4901 7.5487 -23.9165 8.9229 6.9066 -24.7279 7.2911 7.8915 -24.5420
3 16 7.2911 7.8915 -24.5420 7.8117 8.4226 -23.7829 9.4901 7.5487 -23.9165
3 16 10.9460 6.4489 -24.1116 10.3673 5.6873 -24.9710 8.9229 6.9066 -24.7279
3 16 8.9229 6.9066 -24.7279 9.4901 7.5487 -23.9165 10.9460 6.4489 -24.1116
3 16 10.3673 5.6873 -24.9710 10.0549 4.9580 -25.9107 8.6252 6.2582 -25.6184
3 16 8.6252 6.2582 -25.6184 8.9229 6.9066 -24.7279 10.3673 5.6873 -24.9710
3 16 8.9229 6.9066 -24.7279 8.6252 6.2582 -25.6184 7.0256 7.3172 -25.3814
3 16 7.0256 7.3172 -25.3814 7.2911 7.8915 -24.5420 8.9229 6.9066 -24.7279
3 16 5.3076 8.0655 -25.2218 5.5540 8.5686 -24.4401 7.2911 7.8915 -24.5420
3 16 7.2911 7.8915 -24.5420 7.0256 7.3172 -25.3814 5.3076 8.0655 -25.2218
3 16 3.5355 8.5221 -25.1367 3.7448 8.9537 -24.4164 5.5540 8.5686 -24.4401
3 16 5.5540 8.5686 -24.4401 5.3076 8.0655 -25.2218 3.5355 8.5221 -25.1367
3 16 3.7448 8.9537 -24.4164 4.0685 9.3122 -23.7984 5.9942 9.0053 -23.7506
3 16 5.9942 9.0053 -23.7506 5.5540 8.5686 -24.4401 3.7448 8.9537 -24.4164
3 16 5.5540 8.5686 -24.4401 5.9942 9.0053 -23.7506 7.8117 8.4226 -23.7829
3 16 7.8117 8.4226 -23.7829 7.2911 7.8915 -24.5420 5.5540 8.5686 -24.4401
3 16 12.2491 1.8066 -26.6181 11.2712 3.4842 -26.2388 11.5518 4.2899 -25.2458
3 16 11.5518 4.2899 -25.2458 12.4891 2.6125 -25.5644 12.2491 1.8066 -26.6181
4 16 11.2712 3.4842 -26.2388 10.0549 4.9580 -25.9107 10.3673 5.6873 -24.9710 11.5518 4.2899 -25.2458
4 16 11.5518 4.2899 -25.2458 10.3673 5.6873 -24.9710 10.9460 6.4489 -24.1116 12.1108 5.1587 -24.3269
3 16 12.4891 2.6125 -25.5644 11.5518 4.2899 -25.2458 12.1108 5.1587 -24.3269
3 16 12.1108 5.1587 -24.3269 13.0264 3.5146 -24.5753 12.4891 2.6125 -25.5644
3 16 21.3904 2.8653 -19.3760 21.9111 0.1509 -19.1961 20.4006 -0.4978 -20.4997
3 16 20.4006 -0.4978 -20.4997 19.8138 2.2332 -20.6848 21.3904 2.8653 -19.3760
4 16 21.3904 2.8653 -19.3760 23.2379 3.5582 -17.6551 23.7278 0.8907 -17.4580 21.9111 0.1509 -19.1961
4 16 21.9111 0.1509 -19.1961 23.7278 0.8907 -17.4580 24.0847 -1.1710 -17.0059 22.2948 -1.9477 -18.7391
4 16 20.4006 -0.4978 -20.4997 21.9111 0.1509 -19.1961 22.2948 -1.9477 -18.7391 20.8211 -2.6217 -20.0334
4 16 0.0000 7.4249 -22.6695 0.0000 7.6653 -15.8085 1.6844 7.6497 -15.7733 1.9259 7.4304 -22.5905
4 16 0.0000 7.6653 -15.8085 0.0000 7.9058 -9.0341 1.4429 7.8690 -9.0341 1.6844 7.6497 -15.7733
3 16 1.4429 7.8690 -9.0341 2.8853 7.7414 -8.9753 3.2960 7.5527 -15.7128
3 16 3.2960 7.5527 -15.7128 1.6844 7.6497 -15.7733 1.4429 7.8690 -9.0341
3 16 1.6844 7.6497 -15.7733 3.2960 7.5527 -15.7128 3.7067 7.3641 -22.4503
3 16 3.7067 7.3641 -22.4503 1.9259 7.4304 -22.5905 1.6844 7.6497 -15.7733
3 16 18.3557 -5.8207 -20.1052 18.3072 -5.1621 -21.3513 19.7303 -4.2963 -20.2481
3 16 19.7303 -4.2963 -20.2481 19.8373 -4.7679 -19.0197 18.3557 -5.8207 -20.1052
4 16 18.3072 -5.1621 -21.3513 18.0967 -4.0004 -22.2733 19.4909 -3.2522 -21.1600 19.7303 -4.2963 -20.2481
3 16 19.4909 -3.2522 -21.1600 20.8211 -2.6217 -20.0334 21.0988 -3.6094 -19.1413
3 16 21.0988 -3.6094 -19.1413 19.7303 -4.2963 -20.2481 19.4909 -3.2522 -21.1600
3 16 19.7303 -4.2963 -20.2481 21.0988 -3.6094 -19.1413 21.3017 -3.9510 -17.9150
3 16 21.3017 -3.9510 -17.9150 19.8373 -4.7679 -19.0197 19.7303 -4.2963 -20.2481
4 16 5.6563 -62.9679 14.6500 5.5438 -63.1656 21.0095 8.1301 -62.6228 20.9948 7.9880 -62.4435 14.5467
3 16 5.4481 -63.3472 25.9695 8.1959 -62.8503 26.0029 8.1301 -62.6228 20.9948
3 16 8.1301 -62.6228 20.9948 5.5438 -63.1656 21.0095 5.4481 -63.3472 25.9695
3 16 8.1959 -62.8503 26.0029 11.3111 -62.1252 26.0215 11.0521 -61.8036 20.9533
3 16 11.0521 -61.8036 20.9533 8.1301 -62.6228 20.9948 8.1959 -62.8503 26.0029
3 16 8.1301 -62.6228 20.9948 11.0521 -61.8036 20.9533 10.6481 -61.5126 13.4451
3 16 10.6481 -61.5126 13.4451 7.9880 -62.4435 14.5467 8.1301 -62.6228 20.9948
4 16 34.9972 -13.0676 19.9415 34.2915 -11.2700 17.4777 34.0445 -14.4050 16.6647 34.1588 -16.3801 17.0959
3 16 33.5666 -14.9509 15.2569 34.0445 -14.4050 16.6647 34.2915 -11.2700 17.4777
3 16 34.2915 -11.2700 17.4777 33.7114 -10.3698 15.6503 33.5666 -14.9509 15.2569
3 16 34.1588 -16.3801 17.0959 34.0445 -14.4050 16.6647 33.5666 -14.9509 15.2569
3 16 33.5666 -14.9509 15.2569 33.4341 -19.4669 14.7790 34.1588 -16.3801 17.0959
3 16 28.9175 -23.6452 2.8668 29.2842 -23.2150 3.7189 30.7044 -23.6515 3.4566
3 16 30.7044 -23.6515 3.4566 30.3278 -24.3051 2.4434 28.9175 -23.6452 2.8668
4 16 29.2842 -23.2150 3.7189 29.5857 -22.5146 4.3164 31.0045 -22.7734 4.2030 30.7044 -23.6515 3.4566
4 16 30.7044 -23.6515 3.4566 31.0045 -22.7734 4.2030 32.4232 -23.0322 4.0895 32.1245 -24.0879 3.1944
3 16 30.3278 -24.3051 2.4434 30.7044 -23.6515 3.4566 32.1245 -24.0879 3.1944
3 16 32.1245 -24.0879 3.1944 31.7380 -24.9651 2.0199 30.3278 -24.3051 2.4434
4 16 26.1732 -30.0607 -3.7724 25.5495 -29.0711 -4.6503 25.5527 -29.0693 -6.1957 26.1699 -30.0665 -5.2778
3 16 25.5495 -29.0711 -4.6503 24.5111 -28.1803 -5.9907 24.5827 -28.1906 -7.5377
3 16 24.5827 -28.1906 -7.5377 25.5527 -29.0693 -6.1957 25.5495 -29.0711 -4.6503
3 16 25.5527 -29.0693 -6.1957 24.5827 -28.1906 -7.5377 24.6542 -28.2008 -9.0848
3 16 24.6542 -28.2008 -9.0848 25.5559 -29.0675 -7.7411 25.5527 -29.0693 -6.1957
4 16 26.1699 -30.0665 -5.2778 25.5527 -29.0693 -6.1957 25.5559 -29.0675 -7.7411 26.1666 -30.0723 -6.7833
3 16 12.5345 -34.9977 -19.5587 12.6631 -37.6410 -17.7490 14.5724 -37.9345 -16.9331
3 16 14.5724 -37.9345 -16.9331 14.5679 -35.5184 -18.7299 12.5345 -34.9977 -19.5587
3 16 12.6631 -37.6410 -17.7490 12.7106 -40.4882 -15.7356 14.5323 -40.6244 -14.9077
3 16 14.5323 -40.6244 -14.9077 14.5724 -37.9345 -16.9331 12.6631 -37.6410 -17.7490
3 16 14.5323 -40.6244 -14.9077 16.5549 -40.8078 -13.5753 16.5976 -38.2628 -15.5508
3 16 16.5976 -38.2628 -15.5508 14.5724 -37.9345 -16.9331 14.5323 -40.6244 -14.9077
3 16 14.5724 -37.9345 -16.9331 16.5976 -38.2628 -15.5508 16.6101 -36.0077 -17.2863
3 16 16.6101 -36.0077 -17.2863 14.5679 -35.5184 -18.7299 14.5724 -37.9345 -16.9331
3 16 19.9225 7.6399 -19.1945 20.7154 5.5012 -19.3883 19.0596 4.8645 -20.7480
3 16 19.0596 4.8645 -20.7480 18.1831 6.9964 -20.6709 19.9225 7.6399 -19.1945
3 16 21.8408 8.2970 -17.3410 22.6013 6.1699 -17.6454 20.7154 5.5012 -19.3883
3 16 20.7154 5.5012 -19.3883 19.9225 7.6399 -19.1945 21.8408 8.2970 -17.3410
4 16 20.7154 5.5012 -19.3883 22.6013 6.1699 -17.6454 23.2379 3.5582 -17.6551 21.3904 2.8653 -19.3760
4 16 19.0596 4.8645 -20.7480 20.7154 5.5012 -19.3883 21.3904 2.8653 -19.3760 19.8138 2.2332 -20.6848
3 16 3.5460 -21.2542 -27.7582 5.2489 -20.3502 -27.7229 5.4900 -19.2689 -28.4244
3 16 5.4900 -19.2689 -28.4244 3.6856 -20.1307 -28.5813 3.5460 -21.2542 -27.7582
4 16 3.5460 -21.2542 -27.7582 3.4212 -22.4842 -26.6992 5.0670 -21.5001 -26.7734 5.2489 -20.3502 -27.7229
3 16 5.0670 -21.5001 -26.7734 6.6568 -20.0188 -26.7927 6.8045 -19.1270 -27.6119
3 16 6.8045 -19.1270 -27.6119 5.2489 -20.3502 -27.7229 5.0670 -21.5001 -26.7734
3 16 5.2489 -20.3502 -27.7229 6.8045 -19.1270 -27.6119 7.1828 -18.0775 -28.1303
3 16 7.1828 -18.0775 -28.1303 5.4900 -19.2689 -28.4244 5.2489 -20.3502 -27.7229
4 16 24.5752 -42.9429 -2.7078 23.1275 -41.9699 -6.1612 22.6609 -43.6328 -5.5872 23.0753 -44.9737 -3.6832
3 16 21.3128 -41.3709 -9.0720 21.1850 -43.6611 -7.3976 22.6609 -43.6328 -5.5872
3 16 22.6609 -43.6328 -5.5872 23.1275 -41.9699 -6.1612 21.3128 -41.3709 -9.0720
3 16 23.0753 -44.9737 -3.6832 22.6609 -43.6328 -5.5872 21.1850 -43.6611 -7.3976
3 16 21.1850 -43.6611 -7.3976 21.2049 -45.8345 -5.4009 23.0753 -44.9737 -3.6832
3 16 11.5144 -62.5380 29.7403 14.6170 -61.7311 29.7418 14.3131 -61.2689 26.0034
3 16 14.3131 -61.2689 26.0034 11.3111 -62.1252 26.0215 11.5144 -62.5380 29.7403
4 16 11.5144 -62.5380 29.7403 11.6939 -63.0067 32.7725 14.9696 -62.1557 32.9167 14.6170 -61.7311 29.7418
3 16 14.6170 -61.7311 29.7418 14.9696 -62.1557 32.9167 18.2028 -60.9049 33.0338
3 16 18.2028 -60.9049 33.0338 17.2124 -60.8881 29.4390 14.6170 -61.7311 29.7418
4 16 14.3131 -61.2689 26.0034 14.6170 -61.7311 29.7418 17.2124 -60.8881 29.4390 16.9302 -60.4465 25.8797
3 16 34.5803 -18.5874 11.6292 34.3361 -18.6023 10.3727 34.6040 -17.5500 11.2106
3 16 34.6040 -17.5500 11.2106 34.7390 -16.8408 11.8279 34.5803 -18.5874 11.6292
4 16 34.2105 -17.8568 9.6171 34.5190 -16.8772 10.6807 34.6040 -17.5500 11.2106 34.3361 -18.6023 10.3727
4 16 34.6595 -15.5625 11.2656 34.7390 -16.8408 11.8279 34.6040 -17.5500 11.2106 34.5190 -16.8772 10.6807
3 16 12.6219 -43.6279 -13.3810 14.4174 -43.7178 -12.5121 14.5323 -40.6244 -14.9077
3 16 14.5323 -40.6244 -14.9077 12.7106 -40.4882 -15.7356 12.6219 -43.6279 -13.3810
4 16 12.6219 -43.6279 -13.3810 12.4456 -46.6872 -10.8127 14.2548 -46.7680 -9.9516 14.4174 -43.7178 -12.5121
4 16 14.4174 -43.7178 -12.5121 14.2548 -46.7680 -9.9516 16.3309 -46.7326 -8.7388 16.4608 -43.7832 -11.2192
3 16 14.4174 -43.7178 -12.5121 16.4608 -43.7832 -11.2192 16.5549 -40.8078 -13.5753
3 16 16.5549 -40.8078 -13.5753 14.5323 -40.6244 -14.9077 14.4174 -43.7178 -12.5121
3 16 12.7106 -40.4882 -15.7356 12.6631 -37.6410 -17.7490 10.5464 -37.3721 -18.2694
3 16 10.5464 -37.3721 -18.2694 10.8133 -40.4135 -16.2567 12.7106 -40.4882 -15.7356
3 16 12.6631 -37.6410 -17.7490 12.5345 -34.9977 -19.5587 10.1296 -34.4506 -20.1000
3 16 10.1296 -34.4506 -20.1000 10.5464 -37.3721 -18.2694 12.6631 -37.6410 -17.7490
3 16 10.5464 -37.3721 -18.2694 10.1296 -34.4506 -20.1000 7.7859 -33.9631 -20.4769
3 16 7.7859 -33.9631 -20.4769 8.4026 -37.1187 -18.6346 10.5464 -37.3721 -18.2694
3 16 10.8133 -40.4135 -16.2567 10.5464 -37.3721 -18.2694 8.4026 -37.1187 -18.6346
3 16 8.4026 -37.1187 -18.6346 8.8289 -40.3327 -16.6200 10.8133 -40.4135 -16.2567
3 16 25.7233 9.6915 -12.3108 23.8099 8.9741 -15.0530 22.7707 10.3225 -14.1556
3 16 22.7707 10.3225 -14.1556 24.4393 10.9780 -11.3875 25.7233 9.6915 -12.3108
3 16 23.8099 8.9741 -15.0530 21.8408 8.2970 -17.3410 20.9591 9.6756 -16.6379
3 16 20.9591 9.6756 -16.6379 22.7707 10.3225 -14.1556 23.8099 8.9741 -15.0530
3 16 22.7707 10.3225 -14.1556 20.9591 9.6756 -16.6379 19.8434 10.4694 -15.5016
3 16 19.8434 10.4694 -15.5016 21.5804 11.0797 -12.7639 22.7707 10.3225 -14.1556
3 16 22.7707 10.3225 -14.1556 21.5804 11.0797 -12.7639 23.1150 11.6613 -10.0257
3 16 23.1150 11.6613 -10.0257 24.4393 10.9780 -11.3875 22.7707 10.3225 -14.1556
3 16 24.5474 -49.2168 4.2436 23.0118 -50.6043 2.7654 22.9197 -52.6858 6.2244
3 16 22.9197 -52.6858 6.2244 24.4670 -51.3337 7.5163 24.5474 -49.2168 4.2436
3 16 24.6636 -47.1063 1.8114 23.1350 -48.5311 0.2787 23.0118 -50.6043 2.7654
3 16 23.0118 -50.6043 2.7654 24.5474 -49.2168 4.2436 24.6636 -47.1063 1.8114
3 16 23.1350 -48.5311 0.2787 21.0932 -49.7965 -1.3283 20.9374 -51.8135 1.2015
3 16 20.9374 -51.8135 1.2015 23.0118 -50.6043 2.7654 23.1350 -48.5311 0.2787
3 16 22.9197 -52.6858 6.2244 23.0118 -50.6043 2.7654 20.9374 -51.8135 1.2015
3 16 20.9374 -51.8135 1.2015 20.8494 -53.8039 4.8449 22.9197 -52.6858 6.2244
3 16 35.0806 -21.2120 10.2702 34.4609 -21.4049 9.6236 35.1214 -18.5050 12.1111
3 16 35.1214 -18.5050 12.1111 35.6624 -18.4226 12.5930 35.0806 -21.2120 10.2702
3 16 34.2435 -23.5843 7.1542 33.5703 -23.8122 6.4516 34.4609 -21.4049 9.6236
3 16 34.4609 -21.4049 9.6236 35.0806 -21.2120 10.2702 34.2435 -23.5843 7.1542
3 16 33.5703 -23.8122 6.4516 32.8972 -24.0401 5.7490 33.8411 -21.5979 8.9770
3 16 33.8411 -21.5979 8.9770 34.4609 -21.4049 9.6236 33.5703 -23.8122 6.4516
3 16 34.4609 -21.4049 9.6236 33.8411 -21.5979 8.9770 34.5803 -18.5874 11.6292
3 16 34.5803 -18.5874 11.6292 35.1214 -18.5050 12.1111 34.4609 -21.4049 9.6236
3 16 36.4064 -1.9202 14.8389 36.2059 -6.2530 14.7418 35.7207 -6.1510 14.3681
3 16 35.7207 -6.1510 14.3681 35.9142 -1.8876 14.5956 36.4064 -1.9202 14.8389
3 16 36.2059 -6.2530 14.7418 36.0506 -10.4112 14.4195 35.6073 -10.4635 14.0009
3 16 35.6073 -10.4635 14.0009 35.7207 -6.1510 14.3681 36.2059 -6.2530 14.7418
4 16 35.7207 -6.1510 14.3681 35.6073 -10.4635 14.0009 35.1639 -10.5157 13.5823 35.3180 -6.1696 13.9773
3 16 35.9142 -1.8876 14.5956 35.7207 -6.1510 14.3681 35.3180 -6.1696 13.9773
3 16 35.3180 -6.1696 13.9773 35.4720 -1.8235 14.3441 35.9142 -1.8876 14.5956
3 16 24.5474 -49.2168 4.2436 25.7185 -47.8467 5.4388 25.8230 -45.7040 3.1209
3 16 25.8230 -45.7040 3.1209 24.6636 -47.1063 1.8114 24.5474 -49.2168 4.2436
3 16 24.4670 -51.3337 7.5163 25.6797 -49.9100 8.4856 25.7185 -47.8467 5.4388
3 16 25.7185 -47.8467 5.4388 24.5474 -49.2168 4.2436 24.4670 -51.3337 7.5163
3 16 25.6797 -49.9100 8.4856 26.7075 -48.4369 9.2465 26.6893 -46.4916 6.4565
3 16 26.6893 -46.4916 6.4565 25.7185 -47.8467 5.4388 25.6797 -49.9100 8.4856
3 16 25.7185 -47.8467 5.4388 26.6893 -46.4916 6.4565 26.7736 -44.3392 4.2974
3 16 26.7736 -44.3392 4.2974 25.8230 -45.7040 3.1209 25.7185 -47.8467 5.4388
3 16 28.5003 -43.3899 8.4738 29.2774 -41.6179 9.3897 29.5595 -39.5923 8.5455
3 16 29.5595 -39.5923 8.5455 28.5779 -41.3965 6.8409 28.5003 -43.3899 8.4738
3 16 29.7157 -41.6793 11.2794 29.2774 -41.6179 9.3897 28.5003 -43.3899 8.4738
3 16 28.5003 -43.3899 8.4738 28.6750 -44.6952 10.6876 29.7157 -41.6793 11.2794
4 16 30.6872 -37.5526 11.1755 29.5595 -39.5923 8.5455 29.2774 -41.6179 9.3897 29.7157 -41.6793 11.2794
4 16 5.6563 -62.9679 14.6500 3.7499 -63.2236 14.6299 3.5856 -63.4182 20.9879 5.5438 -63.1656 21.0095
4 16 3.7499 -63.2236 14.6299 2.2443 -63.3102 14.6058 2.1386 -63.4925 20.9625 3.5856 -63.4182 20.9879
4 16 3.5856 -63.4182 20.9879 2.1386 -63.4925 20.9625 2.0578 -63.6342 25.9006 3.4592 -63.5730 25.9318
4 16 5.5438 -63.1656 21.0095 3.5856 -63.4182 20.9879 3.4592 -63.5730 25.9318 5.4481 -63.3472 25.9695
4 16 30.9715 -35.9581 0.3474 29.9270 -37.3419 -1.5737 29.7176 -35.2661 -3.6831 30.7443 -33.9284 -1.7723
4 16 29.9270 -37.3419 -1.5737 28.8608 -38.5397 -3.3242 28.6422 -36.4084 -5.4446 29.7176 -35.2661 -3.6831
4 16 29.7176 -35.2661 -3.6831 28.6422 -36.4084 -5.4446 28.3914 -34.2747 -7.5652 29.4689 -33.1741 -5.8325
4 16 30.7443 -33.9284 -1.7723 29.7176 -35.2661 -3.6831 29.4689 -33.1741 -5.8325 30.4632 -31.8475 -3.9951
3 16 15.7169 -57.3954 -0.2338 14.3696 -57.3962 -0.2366 14.5737 -55.5083 -3.3143
3 16 14.5737 -55.5083 -3.3143 16.7802 -55.2982 -2.6256 15.7169 -57.3954 -0.2338
3 16 14.3696 -57.3962 -0.2366 13.0222 -57.3969 -0.2393 12.5874 -55.6147 -3.6336
3 16 12.5874 -55.6147 -3.6336 14.5737 -55.5083 -3.3143 14.3696 -57.3962 -0.2366
3 16 14.5737 -55.5083 -3.3143 12.5874 -55.6147 -3.6336 12.6642 -53.6413 -6.8916
3 16 12.6642 -53.6413 -6.8916 14.7860 -53.4932 -6.3082 14.5737 -55.5083 -3.3143
3 16 16.7802 -55.2982 -2.6256 14.5737 -55.5083 -3.3143 14.7860 -53.4932 -6.3082
3 16 14.7860 -53.4932 -6.3082 17.1884 -53.2485 -5.3255 16.7802 -55.2982 -2.6256
4 16 9.1531 -48.5516 -13.7497 11.1932 -48.5225 -13.3629 10.8847 -51.4005 -10.4002 8.8563 -51.4748 -10.7031
3 16 13.2042 -48.4865 -12.7565 12.9083 -51.3018 -9.9135 10.8847 -51.4005 -10.4002
3 16 10.8847 -51.4005 -10.4002 11.1932 -48.5225 -13.3629 13.2042 -48.4865 -12.7565
3 16 12.9083 -51.3018 -9.9135 12.6642 -53.6413 -6.8916 10.5676 -53.7664 -7.2245
3 16 10.5676 -53.7664 -7.2245 10.8847 -51.4005 -10.4002 12.9083 -51.3018 -9.9135
3 16 10.8847 -51.4005 -10.4002 10.5676 -53.7664 -7.2245 8.4758 -53.8568 -7.4219
3 16 8.4758 -53.8568 -7.4219 8.8563 -51.4748 -10.7031 10.8847 -51.4005 -10.4002
3 16 28.7320 -31.6175 -0.6053 29.2909 -30.5923 0.6727 29.1132 -30.2200 1.3332
3 16 29.1132 -30.2200 1.3332 28.5698 -31.1890 0.1995 28.7320 -31.6175 -0.6053
3 16 28.8943 -32.0459 -1.4101 29.4686 -30.9646 0.0123 29.2909 -30.5923 0.6727
3 16 29.2909 -30.5923 0.6727 28.7320 -31.6175 -0.6053 28.8943 -32.0459 -1.4101
4 16 29.2909 -30.5923 0.6727 29.4686 -30.9646 0.0123 30.1853 -29.3423 2.1861 29.9013 -29.1881 2.5510
3 16 29.2909 -30.5923 0.6727 29.9013 -29.1881 2.5510 29.6173 -29.0338 2.9159
3 16 29.6173 -29.0338 2.9159 29.1132 -30.2200 1.3332 29.2909 -30.5923 0.6727
3 16 28.0078 -4.2539 -2.3421 27.5295 -4.4672 -3.4155 28.0993 -4.3615 -5.7023
3 16 28.0993 -4.3615 -5.7023 28.8351 -4.1073 -4.2644 28.0078 -4.2539 -2.3421
3 16 27.5295 -4.4672 -3.4155 27.0115 -4.7307 -4.4539 27.3633 -4.6740 -6.9691
3 16 27.3633 -4.6740 -6.9691 28.0993 -4.3615 -5.7023 27.5295 -4.4672 -3.4155
3 16 27.3633 -4.6740 -6.9691 27.7151 -4.6172 -9.4844 28.6690 -4.2557 -7.9892
3 16 28.6690 -4.2557 -7.9892 28.0993 -4.3615 -5.7023 27.3633 -4.6740 -6.9691
3 16 28.0993 -4.3615 -5.7023 28.6690 -4.2557 -7.9892 29.6624 -3.9608 -6.1867
3 16 29.6624 -3.9608 -6.1867 28.8351 -4.1073 -4.2644 28.0993 -4.3615 -5.7023
3 16 5.2341 -28.8937 -18.5078 5.5668 -27.8508 -18.6157 5.2140 -27.0270 -18.9652
3 16 5.2140 -27.0270 -18.9652 3.9106 -28.3052 -19.1064 5.2341 -28.8937 -18.5078
4 16 6.5884 -29.3180 -17.8375 6.3811 -27.5539 -18.3442 5.5668 -27.8508 -18.6157 5.2341 -28.8937 -18.5078
3 16 5.2140 -27.0270 -18.9652 5.5668 -27.8508 -18.6157 6.3811 -27.5539 -18.3442
3 16 6.3811 -27.5539 -18.3442 6.6886 -25.0253 -18.7543 5.2140 -27.0270 -18.9652
4 16 2.2443 -63.3102 14.6058 1.0430 -63.3300 14.5924 0.9962 -63.5112 20.9483 2.1386 -63.4925 20.9625
4 16 1.0430 -63.3300 14.5924 0.0000 -63.3295 14.5889 0.0000 -63.5134 20.9445 0.9962 -63.5112 20.9483
4 16 0.9962 -63.5112 20.9483 0.0000 -63.5134 20.9445 0.0000 -63.6564 25.8799 0.9602 -63.6521 25.8842
4 16 2.1386 -63.4925 20.9625 0.9962 -63.5112 20.9483 0.9602 -63.6521 25.8842 2.0578 -63.6342 25.9006
4 16 24.8276 -56.1608 25.7912 26.3830 -54.2969 25.9258 26.1613 -53.6641 21.5727 24.6609 -55.5073 21.4551
3 16 27.8893 -52.1626 26.0055 27.5559 -51.6217 21.6749 26.1613 -53.6641 21.5727
3 16 26.1613 -53.6641 21.5727 26.3830 -54.2969 25.9258 27.8893 -52.1626 26.0055
3 16 27.5559 -51.6217 21.6749 27.2162 -50.8861 17.2171 25.9495 -52.7760 16.9649
3 16 25.9495 -52.7760 16.9649 26.1613 -53.6641 21.5727 27.5559 -51.6217 21.6749
3 16 26.1613 -53.6641 21.5727 25.9495 -52.7760 16.9649 24.5547 -54.5092 16.6427
3 16 24.5547 -54.5092 16.6427 24.6609 -55.5073 21.4551 26.1613 -53.6641 21.5727
3 16 27.0115 -4.7307 -4.4539 27.5295 -4.4672 -3.4155 27.3199 -2.7985 -4.6967
3 16 27.3199 -2.7985 -4.6967 26.7114 -2.1312 -6.1015 27.0115 -4.7307 -4.4539
4 16 28.0078 -4.2539 -2.3421 27.6328 -1.9972 -4.3003 27.3199 -2.7985 -4.6967 27.5295 -4.4672 -3.4155
3 16 26.7169 0.5892 -7.1485 26.7114 -2.1312 -6.1015 27.3199 -2.7985 -4.6967
3 16 27.3199 -2.7985 -4.6967 27.6328 -1.9972 -4.3003 26.7169 0.5892 -7.1485
3 16 28.0583 13.7490 1.6243 30.2063 14.2145 4.5800 31.7981 13.9443 4.2905
3 16 31.7981 13.9443 4.2905 30.4258 13.4844 1.3442 28.0583 13.7490 1.6243
4 16 30.2063 14.2145 4.5800 31.5416 14.4923 7.1362 32.9269 14.2808 6.9443 31.7981 13.9443 4.2905
3 16 31.7981 13.9443 4.2905 32.9269 14.2808 6.9443 34.2145 13.5327 7.3223
3 16 34.2145 13.5327 7.3223 33.2176 13.1129 4.4291 31.7981 13.9443 4.2905
3 16 30.4258 13.4844 1.3442 31.7981 13.9443 4.2905 33.2176 13.1129 4.4291
3 16 33.2176 13.1129 4.4291 32.0268 12.5763 1.2781 30.4258 13.4844 1.3442
4 16 8.6641 -32.0737 -19.6503 7.0701 -31.6892 -19.9308 7.1940 -31.6519 -18.7137 8.5740 -31.9799 -18.4133
3 16 7.0701 -31.6892 -19.9308 6.3520 -31.4125 -20.0919 6.3461 -31.4132 -18.9348
3 16 6.3461 -31.4132 -18.9348 7.1940 -31.6519 -18.7137 7.0701 -31.6892 -19.9308
3 16 7.1940 -31.6519 -18.7137 6.3461 -31.4132 -18.9348 6.3401 -31.4140 -17.7777
3 16 6.3401 -31.4140 -17.7777 7.1960 -31.7016 -17.5800 7.1940 -31.6519 -18.7137
4 16 8.5740 -31.9799 -18.4133 7.1940 -31.6519 -18.7137 7.1960 -31.7016 -17.5800 8.5369 -32.0310 -17.3484
4 16 6.6161 -29.3254 -20.5260 6.6022 -29.3217 -19.1817 6.3407 -30.3647 -19.0895 6.3517 -30.3668 -20.3421
4 16 6.6022 -29.3217 -19.1817 6.5884 -29.3180 -17.8375 6.3297 -30.3626 -17.8369 6.3407 -30.3647 -19.0895
4 16 6.3407 -30.3647 -19.0895 6.3297 -30.3626 -17.8369 6.3401 -31.4140 -17.7777 6.3461 -31.4132 -18.9348
4 16 6.3517 -30.3668 -20.3421 6.3407 -30.3647 -19.0895 6.3461 -31.4132 -18.9348 6.3520 -31.4125 -20.0919
4 16 0.0000 -53.8983 -7.6125 2.1830 -53.8967 -7.6353 2.0388 -55.7823 -4.0122 0.0000 -55.7805 -4.0071
4 16 2.1830 -53.8967 -7.6353 4.3272 -53.8951 -7.6430 4.0366 -55.7850 -4.0065 2.0388 -55.7823 -4.0122
4 16 2.0388 -55.7823 -4.0122 4.0366 -55.7850 -4.0065 3.7153 -57.3921 -0.2482 1.8795 -57.3800 -0.2745
4 16 0.0000 -55.7805 -4.0071 2.0388 -55.7823 -4.0122 1.8795 -57.3800 -0.2745 0.0000 -57.3727 -0.2903
3 16 27.0115 -4.7307 -4.4539 26.4720 -5.0471 -5.3763 26.6587 -5.0292 -8.0130
3 16 26.6587 -5.0292 -8.0130 27.3633 -4.6740 -6.9691 27.0115 -4.7307 -4.4539
3 16 26.4720 -5.0471 -5.3763 26.0249 -5.4144 -6.0564 26.0853 -5.4318 -8.7770
3 16 26.0853 -5.4318 -8.7770 26.6587 -5.0292 -8.0130 26.4720 -5.0471 -5.3763
3 16 26.6587 -5.0292 -8.0130 26.0853 -5.4318 -8.7770 26.1457 -5.4492 -11.4975
3 16 26.1457 -5.4492 -11.4975 26.8453 -5.0113 -10.6497 26.6587 -5.0292 -8.0130
3 16 26.6587 -5.0292 -8.0130 26.8453 -5.0113 -10.6497 27.7151 -4.6172 -9.4844
3 16 27.7151 -4.6172 -9.4844 27.3633 -4.6740 -6.9691 26.6587 -5.0292 -8.0130
3 16 20.5838 -36.3949 -9.6856 21.0115 -36.4971 -11.0403 22.8522 -36.1559 -8.8709
3 16 22.8522 -36.1559 -8.8709 22.3730 -36.0095 -7.8184 20.5838 -36.3949 -9.6856
3 16 21.0115 -36.4971 -11.0403 21.4393 -36.5993 -12.3950 23.3314 -36.3022 -9.9233
3 16 23.3314 -36.3022 -9.9233 22.8522 -36.1559 -8.8709 21.0115 -36.4971 -11.0403
3 16 22.8522 -36.1559 -8.8709 23.3314 -36.3022 -9.9233 24.8911 -35.5822 -7.5925
3 16 24.8911 -35.5822 -7.5925 24.4315 -35.4292 -6.8106 22.8522 -36.1559 -8.8709
3 16 22.3730 -36.0095 -7.8184 22.8522 -36.1559 -8.8709 24.4315 -35.4292 -6.8106
3 16 24.4315 -35.4292 -6.8106 23.9719 -35.2762 -6.0287 22.3730 -36.0095 -7.8184
3 16 10.5676 -53.7664 -7.2245 10.3214 -55.6981 -3.8013 8.0478 -55.7577 -3.8968
3 16 8.0478 -55.7577 -3.8968 8.4758 -53.8568 -7.4219 10.5676 -53.7664 -7.2245
3 16 10.5676 -53.7664 -7.2245 12.6642 -53.6413 -6.8916 12.5874 -55.6147 -3.6336
3 16 12.5874 -55.6147 -3.6336 10.3214 -55.6981 -3.8013 10.5676 -53.7664 -7.2245
3 16 10.3214 -55.6981 -3.8013 12.5874 -55.6147 -3.6336 13.0222 -57.3969 -0.2393
3 16 13.0222 -57.3969 -0.2393 10.1598 -57.3974 -0.2368 10.3214 -55.6981 -3.8013
3 16 10.3214 -55.6981 -3.8013 10.1598 -57.3974 -0.2368 7.5976 -57.3978 -0.2350
3 16 7.5976 -57.3978 -0.2350 8.0478 -55.7577 -3.8968 10.3214 -55.6981 -3.8013
3 16 16.4488 -35.9600 -13.6436 18.5200 -36.3210 -11.7514 18.7876 -35.3442 -12.0431
3 16 18.7876 -35.3442 -12.0431 16.7782 -34.9415 -13.9869 16.4488 -35.9600 -13.6436
3 16 18.5200 -36.3210 -11.7514 20.5838 -36.3949 -9.6856 20.7523 -35.4920 -9.8955
3 16 20.7523 -35.4920 -9.8955 18.7876 -35.3442 -12.0431 18.5200 -36.3210 -11.7514
3 16 18.7876 -35.3442 -12.0431 20.7523 -35.4920 -9.8955 20.9208 -34.5891 -10.1053
3 16 20.9208 -34.5891 -10.1053 19.0553 -34.3673 -12.3349 18.7876 -35.3442 -12.0431
3 16 16.7782 -34.9415 -13.9869 18.7876 -35.3442 -12.0431 19.0553 -34.3673 -12.3349
3 16 19.0553 -34.3673 -12.3349 17.1077 -33.9231 -14.3303 16.7782 -34.9415 -13.9869
3 16 1.7864 -29.8576 -19.2214 0.8732 -30.3279 -19.2526 0.6354 -31.0806 -18.9833
3 16 0.6354 -31.0806 -18.9833 1.2361 -31.3530 -18.7724 1.7864 -29.8576 -19.2214
3 16 0.0000 -31.3498 -18.9188 0.6354 -31.0806 -18.9833 0.8732 -30.3279 -19.2526
3 16 0.8732 -30.3279 -19.2526 0.0000 -30.5147 -19.2668 0.0000 -31.3498 -18.9188
3 16 1.2361 -31.3530 -18.7724 0.6354 -31.0806 -18.9833 0.0000 -31.3498 -18.9188
3 16 0.0000 -31.3498 -18.9188 0.0000 -32.8316 -18.1959 1.2361 -31.3530 -18.7724
3 16 12.0684 6.5066 -20.6945 13.4284 5.9441 -20.4760 14.7797 6.3555 -19.5839
3 16 14.7797 6.3555 -19.5839 13.8076 6.8361 -19.6173 12.0684 6.5066 -20.6945
4 16 13.4284 5.9441 -20.4760 14.0100 4.7069 -20.6211 15.7112 5.4297 -19.4284 14.7797 6.3555 -19.5839
3 16 14.7797 6.3555 -19.5839 15.7112 5.4297 -19.4284 17.1889 6.0177 -18.3318
3 16 17.1889 6.0177 -18.3318 16.2699 6.7658 -18.4973 14.7797 6.3555 -19.5839
3 16 13.8076 6.8361 -19.6173 14.7797 6.3555 -19.5839 16.2699 6.7658 -18.4973
3 16 16.2699 6.7658 -18.4973 15.3924 7.1570 -18.3734 13.8076 6.8361 -19.6173
4 16 17.6423 -17.9332 -14.2815 17.1482 -18.4695 -14.4500 17.3008 -18.4460 -16.0961 17.7855 -17.9167 -15.9125
3 16 17.1482 -18.4695 -14.4500 16.8900 -19.0335 -14.4786 17.0604 -19.0560 -16.1228
3 16 17.0604 -19.0560 -16.1228 17.3008 -18.4460 -16.0961 17.1482 -18.4695 -14.4500
3 16 17.3008 -18.4460 -16.0961 17.0604 -19.0560 -16.1228 17.2308 -19.0785 -17.7671
3 16 17.2308 -19.0785 -17.7671 17.4533 -18.4225 -17.7423 17.3008 -18.4460 -16.0961
4 16 17.7855 -17.9167 -15.9125 17.3008 -18.4460 -16.0961 17.4533 -18.4225 -17.7423 17.9288 -17.9001 -17.5434
3 16 4.2291 -33.3504 -20.9439 4.0198 -33.3101 -19.1336 2.1460 -33.0480 -19.5320
3 16 2.1460 -33.0480 -19.5320 2.2211 -33.1337 -21.0632 4.2291 -33.3504 -20.9439
3 16 4.0360 -33.2930 -17.6541 2.0986 -32.9662 -18.0294 2.1460 -33.0480 -19.5320
3 16 2.1460 -33.0480 -19.5320 4.0198 -33.3101 -19.1336 4.0360 -33.2930 -17.6541
3 16 2.0986 -32.9662 -18.0294 0.0000 -32.8316 -18.1959 0.0000 -32.9346 -19.6503
3 16 0.0000 -32.9346 -19.6503 2.1460 -33.0480 -19.5320 2.0986 -32.9662 -18.0294
3 16 2.1460 -33.0480 -19.5320 0.0000 -32.9346 -19.6503 0.0000 -33.0377 -21.1047
3 16 0.0000 -33.0377 -21.1047 2.2211 -33.1337 -21.0632 2.1460 -33.0480 -19.5320
4 16 27.8198 9.4540 -4.2820 27.1995 10.2111 -3.4876 25.6136 9.5408 -6.6099 26.1831 8.7221 -7.6208
4 16 27.1995 10.2111 -3.4876 26.2464 10.4077 -2.9252 24.8387 9.8571 -5.5539 25.6136 9.5408 -6.6099
4 16 25.6136 9.5408 -6.6099 24.8387 9.8571 -5.5539 22.5645 9.2083 -8.6630 23.8113 8.8716 -9.7616
3 16 25.6136 9.5408 -6.6099 23.8113 8.8716 -9.7616 24.3724 8.0268 -10.7256
3 16 24.3724 8.0268 -10.7256 26.1831 8.7221 -7.6208 25.6136 9.5408 -6.6099
3 16 21.6903 -4.6158 -14.9843 21.4950 -4.2588 -16.4955 23.1143 -3.3482 -15.2743
3 16 23.1143 -3.3482 -15.2743 23.4177 -3.5146 -13.7070 21.6903 -4.6158 -14.9843
3 16 21.3017 -3.9510 -17.9150 22.8329 -3.1844 -16.7114 23.1143 -3.3482 -15.2743
3 16 23.1143 -3.3482 -15.2743 21.4950 -4.2588 -16.4955 21.3017 -3.9510 -17.9150
3 16 22.8329 -3.1844 -16.7114 24.5836 -2.4050 -15.1334 24.8764 -2.5188 -13.7453
3 16 24.8764 -2.5188 -13.7453 23.1143 -3.3482 -15.2743 22.8329 -3.1844 -16.7114
3 16 23.1143 -3.3482 -15.2743 24.8764 -2.5188 -13.7453 25.2060 -2.6042 -12.2004
3 16 25.2060 -2.6042 -12.2004 23.4177 -3.5146 -13.7070 23.1143 -3.3482 -15.2743
3 16 26.6414 -1.6061 -12.9322 26.4742 -1.2832 -13.9054 28.7027 -0.4981 -10.9666
3 16 28.7027 -0.4981 -10.9666 28.7633 -0.8848 -10.1629 26.6414 -1.6061 -12.9322
3 16 24.5836 -2.4050 -15.1334 24.3432 -2.1334 -16.2323 26.4742 -1.2832 -13.9054
3 16 26.4742 -1.2832 -13.9054 26.6414 -1.6061 -12.9322 24.5836 -2.4050 -15.1334
4 16 26.4742 -1.2832 -13.9054 24.3432 -2.1334 -16.2323 24.0847 -1.1710 -17.0059 26.2663 -0.2934 -14.6015
4 16 28.7027 -0.4981 -10.9666 26.4742 -1.2832 -13.9054 26.2663 -0.2934 -14.6015 28.5602 0.5396 -11.5656
3 16 26.6893 -46.4916 6.4565 27.5992 -45.0709 7.4516 27.6638 -42.9580 5.4895
3 16 27.6638 -42.9580 5.4895 26.7736 -44.3392 4.2974 26.6893 -46.4916 6.4565
3 16 26.7075 -48.4369 9.2465 27.6785 -46.8267 9.9678 27.5992 -45.0709 7.4516
3 16 27.5992 -45.0709 7.4516 26.6893 -46.4916 6.4565 26.7075 -48.4369 9.2465
4 16 27.5992 -45.0709 7.4516 27.6785 -46.8267 9.9678 28.6750 -44.6952 10.6876 28.5003 -43.3899 8.4738
3 16 27.5992 -45.0709 7.4516 28.5003 -43.3899 8.4738 28.5779 -41.3965 6.8409
3 16 28.5779 -41.3965 6.8409 27.6638 -42.9580 5.4895 27.5992 -45.0709 7.4516
3 16 35.4149 -0.8815 8.7999 34.9584 -0.7178 6.4387 34.9148 -0.5029 5.4095
3 16 34.9148 -0.5029 5.4095 35.1455 -0.4135 6.1165 35.4149 -0.8815 8.7999
4 16 34.3088 -0.5507 4.0019 34.4122 -0.3210 3.2850 34.9148 -0.5029 5.4095 34.9584 -0.7178 6.4387
3 16 34.5853 -0.0847 3.2578 35.1455 -0.4135 6.1165 34.9148 -0.5029 5.4095
3 16 34.9148 -0.5029 5.4095 34.4122 -0.3210 3.2850 34.5853 -0.0847 3.2578
3 16 33.8297 -0.5928 3.5499 34.2530 -0.7070 5.5075 34.1654 -0.7978 6.4231
3 16 34.1654 -0.7978 6.4231 33.5273 -0.6473 3.8221 33.8297 -0.5928 3.5499
3 16 34.3088 -0.5507 4.0019 34.6188 -0.7740 6.4598 34.2530 -0.7070 5.5075
3 16 34.2530 -0.7070 5.5075 33.8297 -0.5928 3.5499 34.3088 -0.5507 4.0019
3 16 34.7247 -1.0491 9.0647 34.1654 -0.7978 6.4231 34.2530 -0.7070 5.5075
3 16 34.2530 -0.7070 5.5075 34.6188 -0.7740 6.4598 34.7247 -1.0491 9.0647
3 16 34.3935 -6.3935 9.9163 34.3817 -8.2933 10.0455 34.0824 -8.0314 9.0385
3 16 34.0824 -8.0314 9.0385 34.0340 -6.5457 8.8508 34.3935 -6.3935 9.9163
3 16 34.3935 -6.3935 9.9163 34.6950 -6.1841 10.5150 34.6380 -8.6168 10.8247
3 16 34.6380 -8.6168 10.8247 34.3817 -8.2933 10.0455 34.3935 -6.3935 9.9163
3 16 34.6380 -8.6168 10.8247 34.4951 -10.8744 10.6103 34.3353 -10.2071 10.0185
3 16 34.3353 -10.2071 10.0185 34.3817 -8.2933 10.0455 34.6380 -8.6168 10.8247
3 16 34.3817 -8.2933 10.0455 34.3353 -10.2071 10.0185 33.8884 -9.8348 8.2787
3 16 33.8884 -9.8348 8.2787 34.0824 -8.0314 9.0385 34.3817 -8.2933 10.0455
4 16 18.1831 6.9964 -20.6709 19.0596 4.8645 -20.7480 17.5758 4.2154 -21.9002 16.7041 6.3405 -21.8435
4 16 19.0596 4.8645 -20.7480 19.8138 2.2332 -20.6848 18.3497 1.6015 -21.8507 17.5758 4.2154 -21.9002
3 16 18.3497 1.6015 -21.8507 16.9066 0.8330 -22.9472 16.1715 3.4217 -22.9241
3 16 16.1715 3.4217 -22.9241 17.5758 4.2154 -21.9002 18.3497 1.6015 -21.8507
4 16 16.7041 6.3405 -21.8435 17.5758 4.2154 -21.9002 16.1715 3.4217 -22.9241 15.3599 5.5531 -22.8125
3 16 35.1639 -10.5157 13.5823 34.9385 -8.0769 11.9320 34.9963 -6.4885 11.8753
3 16 34.9963 -6.4885 11.8753 35.1366 -6.4875 12.8286 35.1639 -10.5157 13.5823
3 16 34.9385 -8.0769 11.9320 34.6950 -6.1841 10.5150 34.8481 -5.9124 10.7962
3 16 34.8481 -5.9124 10.7962 34.9963 -6.4885 11.8753 34.9385 -8.0769 11.9320
3 16 34.9963 -6.4885 11.8753 34.8481 -5.9124 10.7962 34.8958 -5.5523 10.9023
3 16 34.8958 -5.5523 10.9023 35.0007 -5.2058 11.6506 34.9963 -6.4885 11.8753
4 16 35.1366 -6.4875 12.8286 34.9963 -6.4885 11.8753 35.0007 -5.2058 11.6506 35.1095 -4.3353 12.3134
3 16 10.6481 -61.5126 13.4451 11.1387 -60.7362 6.4618 10.1428 -61.2632 4.3581
3 16 10.1428 -61.2632 4.3581 9.3377 -61.7457 6.2451 10.6481 -61.5126 13.4451
3 16 10.8870 -60.1803 -0.5989 9.8502 -61.0512 -0.7800 10.1428 -61.2632 4.3581
3 16 10.1428 -61.2632 4.3581 11.1387 -60.7362 6.4618 10.8870 -60.1803 -0.5989
3 16 8.7316 -61.6480 -0.9515 9.3377 -61.7457 6.2451 10.1428 -61.2632 4.3581
3 16 10.1428 -61.2632 4.3581 9.8502 -61.0512 -0.7800 8.7316 -61.6480 -0.9515
3 16 30.5652 -14.1368 6.1145 30.9103 -14.1995 7.4164 32.2997 -14.9556 7.2506
3 16 32.2997 -14.9556 7.2506 31.9241 -14.7899 5.8037 30.5652 -14.1368 6.1145
3 16 31.1912 -14.1904 8.4166 32.6005 -14.9749 8.3934 32.2997 -14.9556 7.2506
3 16 32.2997 -14.9556 7.2506 30.9103 -14.1995 7.4164 31.1912 -14.1904 8.4166
3 16 32.6005 -14.9749 8.3934 34.0099 -15.7594 8.3702 33.6892 -15.7117 7.0848
3 16 33.6892 -15.7117 7.0848 32.2997 -14.9556 7.2506 32.6005 -14.9749 8.3934
3 16 31.9241 -14.7899 5.8037 32.2997 -14.9556 7.2506 33.6892 -15.7117 7.0848
3 16 33.6892 -15.7117 7.0848 33.2831 -15.4431 5.4928 31.9241 -14.7899 5.8037
3 16 29.5816 -13.9869 2.7329 30.1360 -14.0619 4.5225 31.4661 -14.5639 4.1047
3 16 31.4661 -14.5639 4.1047 30.8882 -14.3355 2.2419 29.5816 -13.9869 2.7329
3 16 30.1360 -14.0619 4.5225 30.5652 -14.1368 6.1145 31.9241 -14.7899 5.8037
3 16 31.9241 -14.7899 5.8037 31.4661 -14.5639 4.1047 30.1360 -14.0619 4.5225
3 16 31.4661 -14.5639 4.1047 31.9241 -14.7899 5.8037 33.2831 -15.4431 5.4928
3 16 33.2831 -15.4431 5.4928 32.7962 -15.0658 3.6870 31.4661 -14.5639 4.1047
3 16 30.8882 -14.3355 2.2419 31.4661 -14.5639 4.1047 32.7962 -15.0658 3.6870
3 16 32.7962 -15.0658 3.6870 32.1949 -14.6842 1.7509 30.8882 -14.3355 2.2419
3 16 31.5744 -13.7842 9.6226 31.6505 -13.3787 9.9416 33.0564 -13.6950 10.1738
3 16 33.0564 -13.6950 10.1738 32.9776 -14.3419 9.7792 31.5744 -13.7842 9.6226
4 16 31.6505 -13.3787 9.9416 31.6564 -12.7477 10.1111 33.0817 -12.8449 10.4042 33.0564 -13.6950 10.1738
4 16 33.0564 -13.6950 10.1738 33.0817 -12.8449 10.4042 34.5069 -12.9422 10.6973 34.4624 -14.0114 10.4061
3 16 32.9776 -14.3419 9.7792 33.0564 -13.6950 10.1738 34.4624 -14.0114 10.4061
3 16 34.4624 -14.0114 10.4061 34.3808 -14.8996 9.9358 32.9776 -14.3419 9.7792
4 16 31.7263 -5.5442 10.8860 31.7795 -5.0873 10.9160 33.3408 -5.0885 10.9228 33.3110 -5.5483 10.8941
4 16 31.7795 -5.0873 10.9160 31.8098 -4.5851 10.7868 33.3466 -4.5831 10.7914 33.3408 -5.0885 10.9228
4 16 33.3408 -5.0885 10.9228 33.3466 -4.5831 10.7914 34.8834 -4.5811 10.7960 34.9021 -5.0898 10.9295
4 16 33.3110 -5.5483 10.8941 33.3408 -5.0885 10.9228 34.9021 -5.0898 10.9295 34.8958 -5.5523 10.9023
3 16 30.4702 10.7956 2.1298 29.7112 11.3733 1.9525 28.5446 10.8366 -0.6156
3 16 28.5446 10.8366 -0.6156 29.2453 10.1629 -0.9721 30.4702 10.7956 2.1298
3 16 29.7112 11.3733 1.9525 28.2510 11.5517 1.8182 27.4150 10.9237 -0.6184
3 16 27.4150 10.9237 -0.6184 28.5446 10.8366 -0.6156 29.7112 11.3733 1.9525
3 16 27.4150 10.9237 -0.6184 26.2464 10.4077 -2.9252 27.1995 10.2111 -3.4876
3 16 27.1995 10.2111 -3.4876 28.5446 10.8366 -0.6156 27.4150 10.9237 -0.6184
3 16 29.2453 10.1629 -0.9721 28.5446 10.8366 -0.6156 27.1995 10.2111 -3.4876
3 16 27.1995 10.2111 -3.4876 27.8198 9.4540 -4.2820 29.2453 10.1629 -0.9721
3 16 34.2591 1.1321 15.6773 34.2336 4.9233 15.2645 33.6469 4.9348 11.2291
3 16 33.6469 4.9348 11.2291 33.6484 0.5879 10.8207 34.2591 1.1321 15.6773
4 16 34.2591 1.1321 15.6773 34.8675 -1.2318 20.0792 34.7917 4.5435 19.3716 34.2336 4.9233 15.2645
3 16 34.7917 4.5435 19.3716 34.5532 9.2521 17.7395 34.0193 8.9114 14.1719
3 16 34.0193 8.9114 14.1719 34.2336 4.9233 15.2645 34.7917 4.5435 19.3716
3 16 34.2336 4.9233 15.2645 34.0193 8.9114 14.1719 33.4163 8.5019 10.5913
3 16 33.4163 8.5019 10.5913 33.6469 4.9348 11.2291 34.2336 4.9233 15.2645
3 16 28.6422 -36.4084 -5.4446 27.5465 -37.3282 -7.0939 27.2769 -35.0835 -9.2094
3 16 27.2769 -35.0835 -9.2094 28.3914 -34.2747 -7.5652 28.6422 -36.4084 -5.4446
3 16 28.8608 -38.5397 -3.3242 27.7747 -39.5762 -4.9742 27.5465 -37.3282 -7.0939
3 16 27.5465 -37.3282 -7.0939 28.6422 -36.4084 -5.4446 28.8608 -38.5397 -3.3242
3 16 27.7747 -39.5762 -4.9742 26.5745 -40.4887 -6.7078 26.3837 -38.0581 -8.7669
3 16 26.3837 -38.0581 -8.7669 27.5465 -37.3282 -7.0939 27.7747 -39.5762 -4.9742
3 16 27.5465 -37.3282 -7.0939 26.3837 -38.0581 -8.7669 26.1469 -35.6320 -10.8063
3 16 26.1469 -35.6320 -10.8063 27.2769 -35.0835 -9.2094 27.5465 -37.3282 -7.0939
3 16 22.5859 -34.4576 -8.0684 22.4795 -35.2336 -7.9434 24.0141 -34.6520 -6.1579
3 16 24.0141 -34.6520 -6.1579 24.0564 -34.0277 -6.2872 22.5859 -34.4576 -8.0684
3 16 22.5859 -34.4576 -8.0684 20.9208 -34.5891 -10.1053 20.7523 -35.4920 -9.8955
3 16 20.7523 -35.4920 -9.8955 22.4795 -35.2336 -7.9434 22.5859 -34.4576 -8.0684
3 16 22.4795 -35.2336 -7.9434 20.7523 -35.4920 -9.8955 20.5838 -36.3949 -9.6856
3 16 20.5838 -36.3949 -9.6856 22.3730 -36.0095 -7.8184 22.4795 -35.2336 -7.9434
3 16 22.4795 -35.2336 -7.9434 22.3730 -36.0095 -7.8184 23.9719 -35.2762 -6.0287
3 16 23.9719 -35.2762 -6.0287 24.0141 -34.6520 -6.1579 22.4795 -35.2336 -7.9434
4 16 9.9718 -13.6516 -9.0341 9.9797 -14.1607 -18.1512 11.0449 -12.0180 -17.5710 11.0108 -11.5992 -9.0341
4 16 9.9797 -14.1607 -18.1512 9.9876 -14.6697 -26.8249 11.0988 -12.4521 -25.6818 11.0449 -12.0180 -17.5710
3 16 11.0449 -12.0180 -17.5710 11.0988 -12.4521 -25.6818 12.1070 -10.0488 -24.3442
3 16 12.1070 -10.0488 -24.3442 11.8323 -9.6210 -17.0360 11.0449 -12.0180 -17.5710
4 16 11.0108 -11.5992 -9.0341 11.0449 -12.0180 -17.5710 11.8323 -9.6210 -17.0360 11.7550 -9.3469 -9.0341
3 16 25.6756 -6.2063 -6.5018 24.4302 -6.6109 -8.3680 24.4530 -7.4744 -8.3977
3 16 24.4530 -7.4744 -8.3977 25.6803 -6.5186 -6.4511 25.6756 -6.2063 -6.5018
3 16 23.2476 -6.8843 -9.9804 23.3405 -8.1180 -10.0136 24.4530 -7.4744 -8.3977
3 16 24.4530 -7.4744 -8.3977 24.4302 -6.6109 -8.3680 23.2476 -6.8843 -9.9804
3 16 24.4530 -7.4744 -8.3977 23.3405 -8.1180 -10.0136 23.2372 -10.0523 -10.4932
3 16 23.2372 -10.0523 -10.4932 24.4761 -8.3171 -8.4406 24.4530 -7.4744 -8.3977
3 16 25.6803 -6.5186 -6.4511 24.4530 -7.4744 -8.3977 24.4761 -8.3171 -8.4406
3 16 24.4761 -8.3171 -8.4406 25.8154 -6.7290 -6.1810 25.6803 -6.5186 -6.4511
3 16 25.6756 -6.2063 -6.5018 25.7725 -5.8191 -6.4017 24.4217 -5.7183 -8.3440
3 16 24.4217 -5.7183 -8.3440 24.4302 -6.6109 -8.3680 25.6756 -6.2063 -6.5018
3 16 26.0249 -5.4144 -6.0564 24.3398 -4.6895 -8.5495 24.4217 -5.7183 -8.3440
3 16 24.4217 -5.7183 -8.3440 25.7725 -5.8191 -6.4017 26.0249 -5.4144 -6.0564
3 16 24.3398 -4.6895 -8.5495 23.0404 -4.2921 -10.2137 23.1109 -5.6194 -10.0476
3 16 23.1109 -5.6194 -10.0476 24.4217 -5.7183 -8.3440 24.3398 -4.6895 -8.5495
3 16 24.4217 -5.7183 -8.3440 23.1109 -5.6194 -10.0476 23.2476 -6.8843 -9.9804
3 16 23.2476 -6.8843 -9.9804 24.4302 -6.6109 -8.3680 24.4217 -5.7183 -8.3440
3 16 24.3398 -4.6895 -8.5495 24.0560 -3.5664 -9.2039 23.0915 -2.9301 -10.5054
3 16 23.0915 -2.9301 -10.5054 23.0404 -4.2921 -10.2137 24.3398 -4.6895 -8.5495
3 16 24.6907 -3.3974 -8.4230 24.0560 -3.5664 -9.2039 24.3398 -4.6895 -8.5495
3 16 24.3398 -4.6895 -8.5495 26.0249 -5.4144 -6.0564 24.6907 -3.3974 -8.4230
3 16 23.3019 -0.9731 -10.9337 23.0915 -2.9301 -10.5054 24.0560 -3.5664 -9.2039
3 16 24.0560 -3.5664 -9.2039 24.6907 -3.3974 -8.4230 23.3019 -0.9731 -10.9337
3 16 13.0388 -32.9020 -16.5300 13.1580 -33.0191 -17.3414 10.7282 -32.4558 -17.9720
3 16 10.7282 -32.4558 -17.9720 10.6508 -32.4339 -17.0344 13.0388 -32.9020 -16.5300
3 16 13.1580 -33.0191 -17.3414 13.3512 -33.2221 -18.4242 10.9105 -32.6056 -19.1428
3 16 10.9105 -32.6056 -19.1428 10.7282 -32.4558 -17.9720 13.1580 -33.0191 -17.3414
3 16 10.9105 -32.6056 -19.1428 8.6641 -32.0737 -19.6503 8.5740 -31.9799 -18.4133
3 16 8.5740 -31.9799 -18.4133 10.7282 -32.4558 -17.9720 10.9105 -32.6056 -19.1428
3 16 10.6508 -32.4339 -17.0344 10.7282 -32.4558 -17.9720 8.5740 -31.9799 -18.4133
3 16 8.5740 -31.9799 -18.4133 8.5369 -32.0310 -17.3484 10.6508 -32.4339 -17.0344
4 16 17.7048 -34.4041 -15.9941 15.5832 -33.8354 -17.4472 15.3404 -33.5900 -16.4401 17.3663 -34.1306 -15.0460
3 16 13.3512 -33.2221 -18.4242 13.1580 -33.0191 -17.3414 15.3404 -33.5900 -16.4401
3 16 15.3404 -33.5900 -16.4401 15.5832 -33.8354 -17.4472 13.3512 -33.2221 -18.4242
3 16 15.3404 -33.5900 -16.4401 13.1580 -33.0191 -17.3414 13.0388 -32.9020 -16.5300
3 16 13.0388 -32.9020 -16.5300 15.1618 -33.4121 -15.6964 15.3404 -33.5900 -16.4401
4 16 17.3663 -34.1306 -15.0460 15.3404 -33.5900 -16.4401 15.1618 -33.4121 -15.6964 17.1077 -33.9231 -14.3303
3 16 25.8696 -34.1721 -6.8328 26.5007 -34.6015 -7.9805 25.3876 -35.1111 -9.3468
3 16 25.3876 -35.1111 -9.3468 24.7574 -34.6556 -8.0671 25.8696 -34.1721 -6.8328
3 16 26.6634 -33.6694 -5.9538 27.5664 -33.8377 -6.6468 26.5007 -34.6015 -7.9805
3 16 26.5007 -34.6015 -7.9805 25.8696 -34.1721 -6.8328 26.6634 -33.6694 -5.9538
3 16 26.5007 -34.6015 -7.9805 27.5664 -33.8377 -6.6468 28.3914 -34.2747 -7.5652
3 16 28.3914 -34.2747 -7.5652 27.2769 -35.0835 -9.2094 26.5007 -34.6015 -7.9805
3 16 26.5007 -34.6015 -7.9805 27.2769 -35.0835 -9.2094 26.1469 -35.6320 -10.8063
3 16 26.1469 -35.6320 -10.8063 25.3876 -35.1111 -9.3468 26.5007 -34.6015 -7.9805
3 16 19.8558 -34.8766 -13.9377 20.4755 -35.2738 -15.1902 18.1762 -34.7876 -17.3293
3 16 18.1762 -34.7876 -17.3293 17.7048 -34.4041 -15.9941 19.8558 -34.8766 -13.9377
4 16 19.8558 -34.8766 -13.9377 21.8409 -35.1154 -11.6835 22.5524 -35.5254 -12.9134 20.4755 -35.2738 -15.1902
4 16 20.4755 -35.2738 -15.1902 22.5524 -35.5254 -12.9134 23.3800 -36.0033 -14.3467 21.1965 -35.7367 -16.6508
3 16 20.4755 -35.2738 -15.1902 21.1965 -35.7367 -16.6508 18.7275 -35.2371 -18.8969
3 16 18.7275 -35.2371 -18.8969 18.1762 -34.7876 -17.3293 20.4755 -35.2738 -15.1902
3 16 23.4508 -35.0113 -9.6864 24.1416 -35.4466 -10.9570 22.5524 -35.5254 -12.9134
3 16 22.5524 -35.5254 -12.9134 21.8409 -35.1154 -11.6835 23.4508 -35.0113 -9.6864
3 16 24.7574 -34.6556 -8.0671 25.3876 -35.1111 -9.3468 24.1416 -35.4466 -10.9570
3 16 24.1416 -35.4466 -10.9570 23.4508 -35.0113 -9.6864 24.7574 -34.6556 -8.0671
3 16 25.3876 -35.1111 -9.3468 26.1469 -35.6320 -10.8063 24.9515 -35.9550 -12.4407
3 16 24.9515 -35.9550 -12.4407 24.1416 -35.4466 -10.9570 25.3876 -35.1111 -9.3468
3 16 24.1416 -35.4466 -10.9570 24.9515 -35.9550 -12.4407 23.3800 -36.0033 -14.3467
3 16 23.3800 -36.0033 -14.3467 22.5524 -35.5254 -12.9134 24.1416 -35.4466 -10.9570
4 16 13.3512 -33.2221 -18.4242 13.6676 -33.5684 -19.9594 11.2768 -32.9718 -20.7042 10.9105 -32.6056 -19.1428
3 16 14.0580 -34.0007 -21.7661 11.7840 -33.4778 -22.5070 11.2768 -32.9718 -20.7042
3 16 11.2768 -32.9718 -20.7042 13.6676 -33.5684 -19.9594 14.0580 -34.0007 -21.7661
3 16 11.7840 -33.4778 -22.5070 9.5037 -33.0313 -22.9711 8.9141 -32.4325 -21.1911
3 16 8.9141 -32.4325 -21.1911 11.2768 -32.9718 -20.7042 11.7840 -33.4778 -22.5070
3 16 11.2768 -32.9718 -20.7042 8.9141 -32.4325 -21.1911 8.6641 -32.0737 -19.6503
3 16 8.6641 -32.0737 -19.6503 10.9105 -32.6056 -19.1428 11.2768 -32.9718 -20.7042
3 16 0.0000 7.9058 -9.0341 0.0000 -6.8649 -9.0341 1.4429 7.8690 -9.0341
3 16 0.0000 -6.8649 -9.0341 5.9238 6.8679 -9.0341 4.3463 7.4665 -9.0341
